Channel              :,CH1,CH2
Frequency            :,60.00Hz,59.97Hz
Period               :,16.67ms,16.67ms
PK-PK                :,8.200V?,1.080V
Probe attenuation    :,1X,1X
Voltage per ADC value:,2.500000mV,2.500000mV
Time interval        :,20.00000uS,20.00000uS

index,CH1_Voltage(mV),CH2_Voltage(mV)
1,200.000000,-40.000000
2,200.000000,-40.000000
3,200.000000,-40.000000
4,160.000000,-40.000000
5,120.000000,0.000000
6,120.000000,0.000000
7,80.000000,0.000000
8,80.000000,0.000000
9,80.000000,0.000000
10,40.000000,0.000000
11,40.000000,0.000000
12,-40.000000,40.000000
13,-40.000000,0.000000
14,-40.000000,0.000000
15,-80.000000,0.000000
16,-120.000000,0.000000
17,-120.000000,40.000000
18,-160.000000,40.000000
19,-200.000000,40.000000
20,-200.000000,40.000000
21,-200.000000,40.000000
22,-240.000000,40.000000
23,-240.000000,80.000000
24,-280.000000,80.000000
25,-320.000000,40.000000
26,-320.000000,80.000000
27,-360.000000,80.000000
28,-400.000000,80.000000
29,-440.000000,80.000000
30,-440.000000,80.000000
31,-440.000000,80.000000
32,-480.000000,80.000000
33,-480.000000,80.000000
34,-520.000000,120.000000
35,-560.000000,80.000000
36,-560.000000,120.000000
37,-600.000000,80.000000
38,-600.000000,120.000000
39,-640.000000,160.000000
40,-640.000000,120.000000
41,-680.000000,120.000000
42,-680.000000,120.000000
43,-720.000000,120.000000
44,-760.000000,120.000000
45,-800.000000,160.000000
46,-800.000000,160.000000
47,-800.000000,120.000000
48,-840.000000,160.000000
49,-880.000000,160.000000
50,-880.000000,160.000000
51,-880.000000,160.000000
52,-920.000000,160.000000
53,-960.000000,160.000000
54,-1000.000000,160.000000
55,-1000.000000,160.000000
56,-1000.000000,160.000000
57,-1040.000000,160.000000
58,-1080.000000,200.000000
59,-1080.000000,200.000000
60,-1120.000000,200.000000
61,-1120.000000,200.000000
62,-1120.000000,160.000000
63,-1160.000000,200.000000
64,-1160.000000,200.000000
65,-1200.000000,240.000000
66,-1240.000000,200.000000
67,-1240.000000,200.000000
68,-1240.000000,200.000000
69,-1280.000000,200.000000
70,-1320.000000,240.000000
71,-1320.000000,240.000000
72,-1360.000000,240.000000
73,-1360.000000,240.000000
74,-1400.000000,240.000000
75,-1400.000000,240.000000
76,-1440.000000,240.000000
77,-1440.000000,240.000000
78,-1480.000000,240.000000
79,-1480.000000,240.000000
80,-1520.000000,240.000000
81,-1520.000000,280.000000
82,-1560.000000,240.000000
83,-1560.000000,240.000000
84,-1600.000000,240.000000
85,-1640.000000,280.000000
86,-1600.000000,240.000000
87,-1640.000000,280.000000
88,-1640.000000,280.000000
89,-1680.000000,280.000000
90,-1720.000000,280.000000
91,-1720.000000,280.000000
92,-1760.000000,280.000000
93,-1760.000000,280.000000
94,-1760.000000,320.000000
95,-1800.000000,280.000000
96,-1800.000000,280.000000
97,-1840.000000,320.000000
98,-1880.000000,320.000000
99,-1880.000000,320.000000
100,-1880.000000,320.000000
101,-1920.000000,320.000000
102,-1920.000000,320.000000
103,-1960.000000,320.000000
104,-1960.000000,320.000000
105,-1960.000000,320.000000
106,-2000.000000,320.000000
107,-2000.000000,320.000000
108,-2040.000000,320.000000
109,-2040.000000,360.000000
110,-2080.000000,360.000000
111,-2080.000000,360.000000
112,-2120.000000,320.000000
113,-2120.000000,360.000000
114,-2120.000000,320.000000
115,-2160.000000,360.000000
116,-2120.000000,360.000000
117,-2200.000000,360.000000
118,-2160.000000,360.000000
119,-2240.000000,360.000000
120,-2240.000000,360.000000
121,-2240.000000,360.000000
122,-2240.000000,360.000000
123,-2280.000000,360.000000
124,-2280.000000,360.000000
125,-2320.000000,360.000000
126,-2320.000000,360.000000
127,-2320.000000,400.000000
128,-2320.000000,360.000000
129,-2360.000000,400.000000
130,-2400.000000,400.000000
131,-2400.000000,400.000000
132,-2440.000000,360.000000
133,-2400.000000,400.000000
134,-2440.000000,400.000000
135,-2440.000000,400.000000
136,-2440.000000,400.000000
137,-2480.000000,400.000000
138,-2480.000000,440.000000
139,-2520.000000,400.000000
140,-2480.000000,400.000000
141,-2560.000000,400.000000
142,-2560.000000,400.000000
143,-2560.000000,400.000000
144,-2560.000000,400.000000
145,-2600.000000,400.000000
146,-2600.000000,440.000000
147,-2600.000000,440.000000
148,-2600.000000,440.000000
149,-2600.000000,440.000000
150,-2640.000000,440.000000
151,-2640.000000,440.000000
152,-2680.000000,440.000000
153,-2680.000000,440.000000
154,-2680.000000,440.000000
155,-2680.000000,440.000000
156,-2720.000000,440.000000
157,-2720.000000,440.000000
158,-2760.000000,480.000000
159,-2760.000000,440.000000
160,-2760.000000,440.000000
161,-2800.000000,480.000000
162,-2800.000000,440.000000
163,-2800.000000,440.000000
164,-2800.000000,440.000000
165,-2800.000000,440.000000
166,-2800.000000,480.000000
167,-2800.000000,480.000000
168,-2840.000000,440.000000
169,-2840.000000,440.000000
170,-2840.000000,440.000000
171,-2840.000000,440.000000
172,-2880.000000,480.000000
173,-2880.000000,480.000000
174,-2880.000000,440.000000
175,-2920.000000,480.000000
176,-2920.000000,480.000000
177,-2920.000000,480.000000
178,-2960.000000,480.000000
179,-2920.000000,480.000000
180,-2920.000000,480.000000
181,-2960.000000,480.000000
182,-2920.000000,480.000000
183,-2960.000000,480.000000
184,-2960.000000,480.000000
185,-2960.000000,520.000000
186,-2960.000000,480.000000
187,-3000.000000,480.000000
188,-3000.000000,480.000000
189,-3000.000000,440.000000
190,-3000.000000,480.000000
191,-3000.000000,480.000000
192,-3000.000000,480.000000
193,-3000.000000,480.000000
194,-3000.000000,480.000000
195,-3000.000000,480.000000
196,-3040.000000,480.000000
197,-3040.000000,520.000000
198,-3040.000000,480.000000
199,-3040.000000,520.000000
200,-3040.000000,480.000000
201,-3040.000000,480.000000
202,-3080.000000,480.000000
203,-3040.000000,480.000000
204,-3040.000000,480.000000
205,-3040.000000,480.000000
206,-3080.000000,480.000000
207,-3040.000000,480.000000
208,-3080.000000,520.000000
209,-3120.000000,480.000000
210,-3080.000000,480.000000
211,-3080.000000,480.000000
212,-3080.000000,480.000000
213,-3080.000000,480.000000
214,-3080.000000,480.000000
215,-3080.000000,480.000000
216,-3080.000000,480.000000
217,-3080.000000,480.000000
218,-3080.000000,480.000000
219,-3080.000000,480.000000
220,-3080.000000,520.000000
221,-3080.000000,480.000000
222,-3080.000000,480.000000
223,-3080.000000,480.000000
224,-3080.000000,480.000000
225,-3080.000000,480.000000
226,-3080.000000,520.000000
227,-3080.000000,480.000000
228,-3080.000000,480.000000
229,-3080.000000,480.000000
230,-3080.000000,480.000000
231,-3080.000000,480.000000
232,-3080.000000,480.000000
233,-3080.000000,480.000000
234,-3040.000000,480.000000
235,-3040.000000,520.000000
236,-3080.000000,480.000000
237,-3040.000000,480.000000
238,-3080.000000,520.000000
239,-3040.000000,520.000000
240,-3040.000000,480.000000
241,-3040.000000,480.000000
242,-3040.000000,480.000000
243,-3040.000000,480.000000
244,-3000.000000,480.000000
245,-3040.000000,480.000000
246,-3000.000000,480.000000
247,-3000.000000,480.000000
248,-3040.000000,480.000000
249,-3000.000000,480.000000
250,-3040.000000,480.000000
251,-3000.000000,480.000000
252,-3000.000000,480.000000
253,-3000.000000,480.000000
254,-2960.000000,480.000000
255,-3000.000000,480.000000
256,-2960.000000,480.000000
257,-2960.000000,440.000000
258,-2960.000000,480.000000
259,-2960.000000,480.000000
260,-2960.000000,480.000000
261,-2920.000000,440.000000
262,-2920.000000,480.000000
263,-2920.000000,480.000000
264,-2920.000000,480.000000
265,-2880.000000,440.000000
266,-2920.000000,480.000000
267,-2920.000000,440.000000
268,-2880.000000,480.000000
269,-2880.000000,440.000000
270,-2880.000000,440.000000
271,-2880.000000,440.000000
272,-2880.000000,440.000000
273,-2840.000000,440.000000
274,-2840.000000,440.000000
275,-2840.000000,440.000000
276,-2840.000000,480.000000
277,-2800.000000,440.000000
278,-2760.000000,440.000000
279,-2800.000000,440.000000
280,-2800.000000,440.000000
281,-2760.000000,440.000000
282,-2800.000000,440.000000
283,-2760.000000,440.000000
284,-2720.000000,440.000000
285,-2760.000000,440.000000
286,-2720.000000,440.000000
287,-2720.000000,440.000000
288,-2680.000000,440.000000
289,-2680.000000,400.000000
290,-2680.000000,440.000000
291,-2640.000000,440.000000
292,-2680.000000,440.000000
293,-2640.000000,400.000000
294,-2640.000000,440.000000
295,-2600.000000,400.000000
296,-2600.000000,400.000000
297,-2600.000000,400.000000
298,-2560.000000,400.000000
299,-2560.000000,400.000000
300,-2520.000000,400.000000
301,-2520.000000,400.000000
302,-2520.000000,400.000000
303,-2520.000000,400.000000
304,-2480.000000,400.000000
305,-2480.000000,400.000000
306,-2480.000000,400.000000
307,-2480.000000,400.000000
308,-2400.000000,360.000000
309,-2440.000000,360.000000
310,-2400.000000,360.000000
311,-2400.000000,360.000000
312,-2360.000000,360.000000
313,-2360.000000,400.000000
314,-2360.000000,360.000000
315,-2320.000000,360.000000
316,-2320.000000,400.000000
317,-2320.000000,360.000000
318,-2280.000000,360.000000
319,-2280.000000,360.000000
320,-2240.000000,360.000000
321,-2240.000000,360.000000
322,-2240.000000,360.000000
323,-2200.000000,360.000000
324,-2200.000000,320.000000
325,-2200.000000,320.000000
326,-2160.000000,360.000000
327,-2120.000000,320.000000
328,-2120.000000,360.000000
329,-2120.000000,320.000000
330,-2080.000000,320.000000
331,-2080.000000,320.000000
332,-2040.000000,320.000000
333,-2040.000000,320.000000
334,-2040.000000,320.000000
335,-2000.000000,320.000000
336,-1960.000000,320.000000
337,-1960.000000,280.000000
338,-1960.000000,320.000000
339,-1920.000000,320.000000
340,-1920.000000,280.000000
341,-1920.000000,320.000000
342,-1920.000000,280.000000
343,-1880.000000,320.000000
344,-1880.000000,280.000000
345,-1840.000000,280.000000
346,-1840.000000,320.000000
347,-1760.000000,280.000000
348,-1760.000000,280.000000
349,-1760.000000,280.000000
350,-1760.000000,280.000000
351,-1720.000000,240.000000
352,-1680.000000,240.000000
353,-1680.000000,280.000000
354,-1640.000000,280.000000
355,-1640.000000,240.000000
356,-1640.000000,240.000000
357,-1600.000000,280.000000
358,-1600.000000,240.000000
359,-1600.000000,240.000000
360,-1520.000000,240.000000
361,-1520.000000,240.000000
362,-1480.000000,200.000000
363,-1480.000000,240.000000
364,-1480.000000,240.000000
365,-1440.000000,240.000000
366,-1440.000000,240.000000
367,-1440.000000,240.000000
368,-1400.000000,200.000000
369,-1360.000000,200.000000
370,-1360.000000,200.000000
371,-1360.000000,200.000000
372,-1280.000000,200.000000
373,-1280.000000,200.000000
374,-1240.000000,200.000000
375,-1240.000000,200.000000
376,-1240.000000,200.000000
377,-1200.000000,200.000000
378,-1160.000000,160.000000
379,-1160.000000,160.000000
380,-1160.000000,160.000000
381,-1120.000000,160.000000
382,-1080.000000,160.000000
383,-1080.000000,160.000000
384,-1080.000000,160.000000
385,-1040.000000,160.000000
386,-1000.000000,160.000000
387,-1000.000000,160.000000
388,-960.000000,120.000000
389,-920.000000,120.000000
390,-920.000000,120.000000
391,-920.000000,120.000000
392,-880.000000,120.000000
393,-880.000000,120.000000
394,-840.000000,120.000000
395,-800.000000,120.000000
396,-800.000000,120.000000
397,-800.000000,120.000000
398,-760.000000,120.000000
399,-720.000000,80.000000
400,-720.000000,120.000000
401,-680.000000,80.000000
402,-640.000000,80.000000
403,-640.000000,120.000000
404,-640.000000,80.000000
405,-600.000000,80.000000
406,-600.000000,80.000000
407,-560.000000,80.000000
408,-520.000000,80.000000
409,-520.000000,80.000000
410,-440.000000,80.000000
411,-440.000000,40.000000
412,-440.000000,40.000000
413,-400.000000,40.000000
414,-400.000000,40.000000
415,-360.000000,40.000000
416,-320.000000,40.000000
417,-320.000000,40.000000
418,-320.000000,40.000000
419,-320.000000,40.000000
420,-280.000000,40.000000
421,-240.000000,0.000000
422,-200.000000,40.000000
423,-200.000000,0.000000
424,-160.000000,0.000000
425,-120.000000,0.000000
426,-120.000000,40.000000
427,-120.000000,0.000000
428,-40.000000,0.000000
429,-40.000000,-40.000000
430,0.000000,0.000000
431,40.000000,0.000000
432,40.000000,0.000000
433,40.000000,0.000000
434,80.000000,0.000000
435,120.000000,-40.000000
436,120.000000,0.000000
437,160.000000,-40.000000
438,160.000000,-40.000000
439,160.000000,-40.000000
440,200.000000,-40.000000
441,240.000000,-40.000000
442,240.000000,-40.000000
443,280.000000,-40.000000
444,320.000000,-80.000000
445,320.000000,-40.000000
446,360.000000,-40.000000
447,360.000000,-80.000000
448,400.000000,-80.000000
449,440.000000,-80.000000
450,440.000000,-80.000000
451,480.000000,-80.000000
452,480.000000,-80.000000
453,520.000000,-120.000000
454,560.000000,-80.000000
455,560.000000,-80.000000
456,600.000000,-80.000000
457,600.000000,-120.000000
458,640.000000,-80.000000
459,680.000000,-120.000000
460,680.000000,-120.000000
461,720.000000,-120.000000
462,720.000000,-120.000000
463,760.000000,-160.000000
464,800.000000,-120.000000
465,800.000000,-120.000000
466,800.000000,-160.000000
467,840.000000,-120.000000
468,840.000000,-160.000000
469,880.000000,-120.000000
470,920.000000,-120.000000
471,920.000000,-160.000000
472,920.000000,-160.000000
473,960.000000,-160.000000
474,1000.000000,-160.000000
475,1000.000000,-160.000000
476,1040.000000,-160.000000
477,1040.000000,-200.000000
478,1080.000000,-200.000000
479,1080.000000,-200.000000
480,1160.000000,-200.000000
481,1120.000000,-200.000000
482,1160.000000,-160.000000
483,1200.000000,-200.000000
484,1200.000000,-200.000000
485,1240.000000,-200.000000
486,1240.000000,-200.000000
487,1280.000000,-200.000000
488,1280.000000,-200.000000
489,1320.000000,-240.000000
490,1360.000000,-240.000000
491,1360.000000,-240.000000
492,1360.000000,-240.000000
493,1400.000000,-240.000000
494,1440.000000,-240.000000
495,1440.000000,-240.000000
496,1440.000000,-240.000000
497,1480.000000,-240.000000
498,1480.000000,-240.000000
499,1480.000000,-240.000000
500,1560.000000,-240.000000
501,1560.000000,-280.000000
502,1560.000000,-280.000000
503,1600.000000,-280.000000
504,1600.000000,-280.000000
505,1640.000000,-280.000000
506,1640.000000,-280.000000
507,1680.000000,-280.000000
508,1680.000000,-280.000000
509,1720.000000,-280.000000
510,1720.000000,-280.000000
511,1760.000000,-280.000000
512,1800.000000,-280.000000
513,1800.000000,-280.000000
514,1800.000000,-280.000000
515,1840.000000,-280.000000
516,1840.000000,-320.000000
517,1840.000000,-320.000000
518,1880.000000,-320.000000
519,1880.000000,-280.000000
520,1920.000000,-320.000000
521,1880.000000,-320.000000
522,1960.000000,-320.000000
523,1960.000000,-320.000000
524,1960.000000,-320.000000
525,2000.000000,-320.000000
526,2000.000000,-320.000000
527,2040.000000,-320.000000
528,2080.000000,-320.000000
529,2080.000000,-320.000000
530,2080.000000,-360.000000
531,2120.000000,-360.000000
532,2120.000000,-320.000000
533,2120.000000,-360.000000
534,2120.000000,-360.000000
535,2160.000000,-360.000000
536,2160.000000,-320.000000
537,2200.000000,-360.000000
538,2240.000000,-360.000000
539,2240.000000,-360.000000
540,2240.000000,-400.000000
541,2280.000000,-360.000000
542,2280.000000,-360.000000
543,2280.000000,-360.000000
544,2320.000000,-360.000000
545,2320.000000,-360.000000
546,2320.000000,-360.000000
547,2360.000000,-400.000000
548,2400.000000,-360.000000
549,2400.000000,-400.000000
550,2440.000000,-400.000000
551,2400.000000,-400.000000
552,2440.000000,-440.000000
553,2440.000000,-400.000000
554,2440.000000,-400.000000
555,2480.000000,-400.000000
556,2480.000000,-400.000000
557,2480.000000,-400.000000
558,2520.000000,-400.000000
559,2520.000000,-400.000000
560,2520.000000,-400.000000
561,2560.000000,-400.000000
562,2560.000000,-440.000000
563,2560.000000,-400.000000
564,2600.000000,-400.000000
565,2600.000000,-440.000000
566,2600.000000,-440.000000
567,2640.000000,-440.000000
568,2640.000000,-440.000000
569,2640.000000,-400.000000
570,2680.000000,-440.000000
571,2680.000000,-400.000000
572,2680.000000,-440.000000
573,2680.000000,-440.000000
574,2720.000000,-440.000000
575,2720.000000,-440.000000
576,2760.000000,-440.000000
577,2760.000000,-440.000000
578,2720.000000,-440.000000
579,2760.000000,-440.000000
580,2800.000000,-440.000000
581,2800.000000,-440.000000
582,2760.000000,-440.000000
583,2800.000000,-440.000000
584,2800.000000,-440.000000
585,2840.000000,-480.000000
586,2840.000000,-480.000000
587,2840.000000,-480.000000
588,2840.000000,-480.000000
589,2840.000000,-440.000000
590,2840.000000,-480.000000
591,2840.000000,-480.000000
592,2880.000000,-480.000000
593,2880.000000,-480.000000
594,2880.000000,-480.000000
595,2920.000000,-480.000000
596,2920.000000,-480.000000
597,2920.000000,-480.000000
598,2920.000000,-480.000000
599,2920.000000,-440.000000
600,2960.000000,-480.000000
601,2920.000000,-480.000000
602,2920.000000,-480.000000
603,2920.000000,-480.000000
604,2960.000000,-480.000000
605,2960.000000,-440.000000
606,2960.000000,-480.000000
607,2960.000000,-480.000000
608,2960.000000,-480.000000
609,2960.000000,-480.000000
610,2960.000000,-480.000000
611,3000.000000,-480.000000
612,3000.000000,-480.000000
613,3000.000000,-480.000000
614,3000.000000,-480.000000
615,3000.000000,-480.000000
616,3000.000000,-480.000000
617,3040.000000,-480.000000
618,3040.000000,-480.000000
619,3040.000000,-480.000000
620,3040.000000,-480.000000
621,3000.000000,-480.000000
622,3000.000000,-480.000000
623,3040.000000,-480.000000
624,3000.000000,-480.000000
625,3040.000000,-520.000000
626,3040.000000,-480.000000
627,3040.000000,-480.000000
628,3080.000000,-480.000000
629,3040.000000,-480.000000
630,3040.000000,-480.000000
631,3040.000000,-480.000000
632,3040.000000,-480.000000
633,3040.000000,-480.000000
634,3040.000000,-480.000000
635,3040.000000,-480.000000
636,3040.000000,-480.000000
637,3040.000000,-480.000000
638,3040.000000,-480.000000
639,3080.000000,-480.000000
640,3040.000000,-480.000000
641,3040.000000,-440.000000
642,3040.000000,-480.000000
643,3040.000000,-480.000000
644,3040.000000,-480.000000
645,3080.000000,-480.000000
646,3040.000000,-480.000000
647,3040.000000,-480.000000
648,3040.000000,-480.000000
649,3040.000000,-480.000000
650,3040.000000,-480.000000
651,3000.000000,-480.000000
652,3040.000000,-480.000000
653,3000.000000,-480.000000
654,3040.000000,-480.000000
655,3080.000000,-480.000000
656,3000.000000,-480.000000
657,3040.000000,-480.000000
658,3000.000000,-480.000000
659,3000.000000,-480.000000
660,3000.000000,-480.000000
661,3000.000000,-480.000000
662,3000.000000,-480.000000
663,3000.000000,-480.000000
664,3000.000000,-480.000000
665,3000.000000,-480.000000
666,2960.000000,-480.000000
667,2960.000000,-480.000000
668,2960.000000,-440.000000
669,2960.000000,-440.000000
670,2960.000000,-480.000000
671,2960.000000,-480.000000
672,2920.000000,-480.000000
673,2960.000000,-480.000000
674,2920.000000,-480.000000
675,2920.000000,-480.000000
676,2920.000000,-480.000000
677,2920.000000,-480.000000
678,2920.000000,-480.000000
679,2920.000000,-440.000000
680,2920.000000,-440.000000
681,2880.000000,-440.000000
682,2880.000000,-440.000000
683,2880.000000,-440.000000
684,2880.000000,-440.000000
685,2880.000000,-440.000000
686,2840.000000,-480.000000
687,2840.000000,-440.000000
688,2840.000000,-440.000000
689,2800.000000,-440.000000
690,2840.000000,-440.000000
691,2800.000000,-480.000000
692,2800.000000,-480.000000
693,2760.000000,-440.000000
694,2800.000000,-440.000000
695,2800.000000,-440.000000
696,2760.000000,-440.000000
697,2760.000000,-440.000000
698,2760.000000,-440.000000
699,2720.000000,-440.000000
700,2720.000000,-400.000000
701,2720.000000,-440.000000
702,2680.000000,-440.000000
703,2680.000000,-400.000000
704,2680.000000,-400.000000
705,2680.000000,-440.000000
706,2640.000000,-400.000000
707,2640.000000,-440.000000
708,2640.000000,-400.000000
709,2600.000000,-400.000000
710,2600.000000,-400.000000
711,2600.000000,-400.000000
712,2560.000000,-400.000000
713,2560.000000,-400.000000
714,2560.000000,-400.000000
715,2520.000000,-400.000000
716,2520.000000,-360.000000
717,2480.000000,-400.000000
718,2480.000000,-400.000000
719,2480.000000,-400.000000
720,2480.000000,-400.000000
721,2440.000000,-400.000000
722,2440.000000,-400.000000
723,2440.000000,-360.000000
724,2400.000000,-400.000000
725,2400.000000,-400.000000
726,2360.000000,-400.000000
727,2360.000000,-360.000000
728,2360.000000,-360.000000
729,2320.000000,-360.000000
730,2360.000000,-400.000000
731,2320.000000,-400.000000
732,2280.000000,-360.000000
733,2280.000000,-360.000000
734,2280.000000,-320.000000
735,2280.000000,-360.000000
736,2240.000000,-360.000000
737,2200.000000,-360.000000
738,2200.000000,-320.000000
739,2200.000000,-360.000000
740,2200.000000,-360.000000
741,2160.000000,-320.000000
742,2120.000000,-320.000000
743,2120.000000,-320.000000
744,2120.000000,-320.000000
745,2080.000000,-320.000000
746,2080.000000,-320.000000
747,2080.000000,-320.000000
748,2040.000000,-320.000000
749,2000.000000,-320.000000
750,2000.000000,-320.000000
751,2000.000000,-320.000000
752,1960.000000,-280.000000
753,1960.000000,-320.000000
754,1960.000000,-280.000000
755,1920.000000,-280.000000
756,1920.000000,-280.000000
757,1880.000000,-280.000000
758,1880.000000,-280.000000
759,1840.000000,-280.000000
760,1800.000000,-280.000000
761,1840.000000,-280.000000
762,1800.000000,-280.000000
763,1800.000000,-280.000000
764,1760.000000,-280.000000
765,1760.000000,-280.000000
766,1720.000000,-240.000000
767,1680.000000,-240.000000
768,1680.000000,-240.000000
769,1680.000000,-240.000000
770,1640.000000,-280.000000
771,1640.000000,-240.000000
772,1600.000000,-240.000000
773,1560.000000,-240.000000
774,1560.000000,-240.000000
775,1560.000000,-240.000000
776,1520.000000,-240.000000
777,1480.000000,-240.000000
778,1480.000000,-240.000000
779,1480.000000,-240.000000
780,1440.000000,-240.000000
781,1400.000000,-200.000000
782,1400.000000,-200.000000
783,1400.000000,-200.000000
784,1360.000000,-200.000000
785,1320.000000,-200.000000
786,1320.000000,-200.000000
787,1320.000000,-200.000000
788,1280.000000,-200.000000
789,1240.000000,-200.000000
790,1240.000000,-200.000000
791,1200.000000,-160.000000
792,1200.000000,-200.000000
793,1160.000000,-160.000000
794,1160.000000,-200.000000
795,1120.000000,-160.000000
796,1080.000000,-160.000000
797,1080.000000,-160.000000
798,1040.000000,-160.000000
799,1040.000000,-160.000000
800,1000.000000,-120.000000
801,1000.000000,-160.000000
802,1000.000000,-120.000000
803,960.000000,-120.000000
804,920.000000,-120.000000
805,880.000000,-120.000000
806,880.000000,-120.000000
807,840.000000,-120.000000
808,840.000000,-120.000000
809,800.000000,-120.000000
810,800.000000,-120.000000
811,760.000000,-120.000000
812,760.000000,-120.000000
813,760.000000,-80.000000
814,720.000000,-120.000000
815,720.000000,-80.000000
816,680.000000,-80.000000
817,640.000000,-80.000000
818,640.000000,-80.000000
819,600.000000,-80.000000
820,560.000000,-40.000000
821,560.000000,-80.000000
822,520.000000,-80.000000
823,520.000000,-80.000000
824,480.000000,-80.000000
825,480.000000,-40.000000
826,400.000000,-80.000000
827,400.000000,-40.000000
828,400.000000,-40.000000
829,360.000000,-40.000000
830,320.000000,-40.000000
831,280.000000,-40.000000
832,280.000000,0.000000
833,280.000000,-40.000000
834,240.000000,-40.000000
835,200.000000,0.000000
836,240.000000,0.000000
837,160.000000,-40.000000
838,160.000000,0.000000
839,160.000000,0.000000
840,120.000000,0.000000
841,80.000000,0.000000
842,40.000000,0.000000
843,40.000000,0.000000
844,0.000000,0.000000
845,0.000000,0.000000
846,0.000000,40.000000
847,-40.000000,0.000000
848,-80.000000,0.000000
849,-80.000000,40.000000
850,-120.000000,40.000000
851,-160.000000,40.000000
852,-160.000000,40.000000
853,-200.000000,40.000000
854,-200.000000,0.000000
855,-240.000000,40.000000
856,-240.000000,40.000000
857,-240.000000,80.000000
858,-240.000000,40.000000
859,-320.000000,40.000000
860,-360.000000,80.000000
861,-360.000000,80.000000
862,-400.000000,80.000000
863,-440.000000,80.000000
864,-440.000000,80.000000
865,-480.000000,80.000000
866,-480.000000,80.000000
867,-520.000000,120.000000
868,-560.000000,120.000000
869,-560.000000,80.000000
870,-560.000000,120.000000
871,-600.000000,80.000000
872,-640.000000,120.000000
873,-640.000000,120.000000
874,-680.000000,120.000000
875,-680.000000,120.000000
876,-720.000000,120.000000
877,-760.000000,120.000000
878,-760.000000,120.000000
879,-800.000000,120.000000
880,-840.000000,120.000000
881,-840.000000,160.000000
882,-840.000000,160.000000
883,-880.000000,160.000000
884,-880.000000,160.000000
885,-920.000000,160.000000
886,-960.000000,160.000000
887,-960.000000,160.000000
888,-960.000000,160.000000
889,-1000.000000,160.000000
890,-1040.000000,160.000000
891,-1040.000000,160.000000
892,-1040.000000,160.000000
893,-1080.000000,200.000000
894,-1120.000000,200.000000
895,-1120.000000,200.000000
896,-1160.000000,200.000000
897,-1160.000000,200.000000
898,-1200.000000,200.000000
899,-1200.000000,200.000000
900,-1240.000000,240.000000
901,-1240.000000,240.000000
902,-1280.000000,200.000000
903,-1320.000000,200.000000
904,-1320.000000,240.000000
905,-1360.000000,240.000000
906,-1360.000000,200.000000
907,-1360.000000,200.000000
908,-1440.000000,240.000000
909,-1440.000000,240.000000
910,-1440.000000,240.000000
911,-1440.000000,240.000000
912,-1480.000000,240.000000
913,-1480.000000,240.000000
914,-1520.000000,240.000000
915,-1520.000000,280.000000
916,-1560.000000,280.000000
917,-1600.000000,280.000000
918,-1600.000000,280.000000
919,-1640.000000,280.000000
920,-1640.000000,280.000000
921,-1640.000000,280.000000
922,-1680.000000,280.000000
923,-1720.000000,280.000000
924,-1720.000000,280.000000
925,-1760.000000,280.000000
926,-1760.000000,280.000000
927,-1800.000000,280.000000
928,-1800.000000,320.000000
929,-1800.000000,280.000000
930,-1840.000000,280.000000
931,-1840.000000,320.000000
932,-1880.000000,320.000000
933,-1880.000000,320.000000
934,-1920.000000,320.000000
935,-1920.000000,320.000000
936,-1960.000000,320.000000
937,-1960.000000,320.000000
938,-1960.000000,320.000000
939,-2000.000000,320.000000
940,-2000.000000,320.000000
941,-2000.000000,320.000000
942,-2040.000000,320.000000
943,-2040.000000,360.000000
944,-2080.000000,320.000000
945,-2080.000000,360.000000
946,-2120.000000,360.000000
947,-2160.000000,360.000000
948,-2160.000000,360.000000
949,-2160.000000,360.000000
950,-2200.000000,360.000000
951,-2160.000000,360.000000
952,-2200.000000,360.000000
953,-2200.000000,360.000000
954,-2240.000000,360.000000
955,-2240.000000,360.000000
956,-2240.000000,360.000000
957,-2280.000000,400.000000
958,-2280.000000,360.000000
959,-2320.000000,400.000000
960,-2320.000000,360.000000
961,-2320.000000,400.000000
962,-2360.000000,400.000000
963,-2360.000000,400.000000
964,-2400.000000,400.000000
965,-2400.000000,400.000000
966,-2400.000000,400.000000
967,-2400.000000,400.000000
968,-2400.000000,400.000000
969,-2440.000000,440.000000
970,-2440.000000,400.000000
971,-2520.000000,400.000000
972,-2480.000000,400.000000
973,-2520.000000,400.000000
974,-2520.000000,400.000000
975,-2560.000000,400.000000
976,-2560.000000,440.000000
977,-2560.000000,440.000000
978,-2560.000000,400.000000
979,-2600.000000,440.000000
980,-2600.000000,440.000000
981,-2640.000000,440.000000
982,-2640.000000,440.000000
983,-2640.000000,440.000000
984,-2640.000000,440.000000
985,-2680.000000,440.000000
986,-2680.000000,440.000000
987,-2680.000000,440.000000
988,-2680.000000,440.000000
989,-2720.000000,440.000000
990,-2720.000000,440.000000
991,-2720.000000,440.000000
992,-2760.000000,440.000000
993,-2760.000000,440.000000
994,-2760.000000,440.000000
995,-2800.000000,440.000000
996,-2800.000000,440.000000
997,-2800.000000,440.000000
998,-2800.000000,440.000000
999,-2840.000000,480.000000
1000,-2840.000000,440.000000
1001,-2840.000000,440.000000
1002,-2840.000000,440.000000
1003,-2840.000000,480.000000
1004,-2880.000000,440.000000
1005,-2880.000000,440.000000
1006,-2880.000000,480.000000
1007,-2880.000000,480.000000
1008,-2880.000000,480.000000
1009,-2880.000000,480.000000
1010,-2920.000000,480.000000
1011,-2920.000000,440.000000
1012,-2920.000000,480.000000
1013,-2920.000000,480.000000
1014,-2920.000000,480.000000
1015,-2920.000000,480.000000
1016,-2960.000000,480.000000
1017,-2960.000000,520.000000
1018,-2960.000000,480.000000
1019,-2960.000000,480.000000
1020,-3000.000000,480.000000
1021,-3000.000000,480.000000
1022,-3000.000000,480.000000
1023,-3000.000000,480.000000
1024,-3000.000000,480.000000
1025,-3000.000000,480.000000
1026,-3040.000000,480.000000
1027,-3040.000000,480.000000
1028,-3000.000000,480.000000
1029,-3040.000000,520.000000
1030,-3040.000000,480.000000
1031,-3040.000000,480.000000
1032,-3080.000000,520.000000
1033,-3000.000000,480.000000
1034,-3040.000000,480.000000
1035,-3080.000000,520.000000
1036,-3080.000000,480.000000
1037,-3040.000000,480.000000
1038,-3080.000000,480.000000
1039,-3080.000000,480.000000
1040,-3080.000000,520.000000
1041,-3080.000000,480.000000
1042,-3080.000000,520.000000
1043,-3080.000000,520.000000
1044,-3080.000000,520.000000
1045,-3080.000000,520.000000
1046,-3080.000000,520.000000
1047,-3080.000000,480.000000
1048,-3080.000000,480.000000
1049,-3080.000000,520.000000
1050,-3080.000000,480.000000
1051,-3080.000000,480.000000
1052,-3080.000000,480.000000
1053,-3080.000000,480.000000
1054,-3080.000000,480.000000
1055,-3080.000000,480.000000
1056,-3080.000000,480.000000
1057,-3080.000000,480.000000
1058,-3080.000000,480.000000
1059,-3120.000000,480.000000
1060,-3080.000000,480.000000
1061,-3080.000000,480.000000
1062,-3080.000000,480.000000
1063,-3080.000000,480.000000
1064,-3080.000000,480.000000
1065,-3080.000000,480.000000
1066,-3080.000000,480.000000
1067,-3080.000000,480.000000
1068,-3080.000000,480.000000
1069,-3040.000000,480.000000
1070,-3040.000000,480.000000
1071,-3080.000000,480.000000
1072,-3040.000000,480.000000
1073,-3040.000000,520.000000
1074,-3040.000000,480.000000
1075,-3040.000000,480.000000
1076,-3040.000000,480.000000
1077,-3040.000000,480.000000
1078,-3000.000000,480.000000
1079,-3040.000000,480.000000
1080,-3040.000000,480.000000
1081,-3000.000000,480.000000
1082,-3000.000000,480.000000
1083,-3000.000000,480.000000
1084,-3000.000000,480.000000
1085,-3000.000000,480.000000
1086,-3000.000000,480.000000
1087,-3000.000000,480.000000
1088,-3000.000000,480.000000
1089,-3000.000000,480.000000
1090,-3000.000000,480.000000
1091,-2960.000000,480.000000
1092,-2960.000000,480.000000
1093,-2960.000000,480.000000
1094,-2960.000000,480.000000
1095,-2920.000000,480.000000
1096,-2920.000000,480.000000
1097,-2920.000000,480.000000
1098,-2920.000000,440.000000
1099,-2880.000000,440.000000
1100,-2880.000000,440.000000
1101,-2880.000000,440.000000
1102,-2880.000000,480.000000
1103,-2880.000000,440.000000
1104,-2880.000000,440.000000
1105,-2880.000000,440.000000
1106,-2840.000000,440.000000
1107,-2840.000000,440.000000
1108,-2840.000000,480.000000
1109,-2840.000000,480.000000
1110,-2800.000000,440.000000
1111,-2800.000000,440.000000
1112,-2840.000000,440.000000
1113,-2800.000000,440.000000
1114,-2760.000000,440.000000
1115,-2760.000000,440.000000
1116,-2760.000000,480.000000
1117,-2760.000000,440.000000
1118,-2720.000000,440.000000
1119,-2720.000000,400.000000
1120,-2720.000000,440.000000
1121,-2720.000000,440.000000
1122,-2680.000000,400.000000
1123,-2680.000000,440.000000
1124,-2640.000000,400.000000
1125,-2640.000000,440.000000
1126,-2640.000000,440.000000
1127,-2640.000000,440.000000
1128,-2640.000000,440.000000
1129,-2600.000000,400.000000
1130,-2600.000000,400.000000
1131,-2600.000000,440.000000
1132,-2560.000000,440.000000
1133,-2560.000000,400.000000
1134,-2520.000000,400.000000
1135,-2560.000000,400.000000
1136,-2520.000000,400.000000
1137,-2520.000000,400.000000
1138,-2480.000000,400.000000
1139,-2480.000000,400.000000
1140,-2440.000000,400.000000
1141,-2440.000000,360.000000
1142,-2440.000000,400.000000
1143,-2400.000000,360.000000
1144,-2400.000000,400.000000
1145,-2400.000000,360.000000
1146,-2360.000000,360.000000
1147,-2360.000000,360.000000
1148,-2320.000000,360.000000
1149,-2320.000000,400.000000
1150,-2320.000000,360.000000
1151,-2320.000000,360.000000
1152,-2280.000000,360.000000
1153,-2280.000000,360.000000
1154,-2240.000000,360.000000
1155,-2240.000000,360.000000
1156,-2240.000000,360.000000
1157,-2160.000000,320.000000
1158,-2160.000000,320.000000
1159,-2160.000000,320.000000
1160,-2160.000000,320.000000
1161,-2120.000000,360.000000
1162,-2120.000000,360.000000
1163,-2080.000000,320.000000
1164,-2080.000000,320.000000
1165,-2080.000000,360.000000
1166,-2080.000000,320.000000
1167,-2040.000000,320.000000
1168,-2040.000000,320.000000
1169,-2000.000000,320.000000
1170,-2000.000000,280.000000
1171,-1960.000000,320.000000
1172,-1960.000000,320.000000
1173,-1960.000000,320.000000
1174,-1920.000000,280.000000
1175,-1920.000000,280.000000
1176,-1880.000000,280.000000
1177,-1880.000000,280.000000
1178,-1880.000000,280.000000
1179,-1840.000000,280.000000
1180,-1800.000000,280.000000
1181,-1760.000000,280.000000
1182,-1800.000000,280.000000
1183,-1760.000000,280.000000
1184,-1720.000000,240.000000
1185,-1720.000000,280.000000
1186,-1680.000000,240.000000
1187,-1680.000000,280.000000
1188,-1640.000000,240.000000
1189,-1640.000000,240.000000
1190,-1600.000000,240.000000
1191,-1600.000000,240.000000
1192,-1560.000000,240.000000
1193,-1560.000000,240.000000
1194,-1520.000000,240.000000
1195,-1520.000000,240.000000
1196,-1480.000000,200.000000
1197,-1480.000000,240.000000
1198,-1440.000000,200.000000
1199,-1440.000000,240.000000
1200,-1440.000000,200.000000
1201,-1400.000000,240.000000
1202,-1360.000000,200.000000
1203,-1360.000000,200.000000
1204,-1320.000000,200.000000
1205,-1320.000000,200.000000
1206,-1320.000000,200.000000
1207,-1280.000000,200.000000
1208,-1240.000000,200.000000
1209,-1240.000000,200.000000
1210,-1200.000000,200.000000
1211,-1200.000000,160.000000
1212,-1160.000000,160.000000
1213,-1160.000000,160.000000
1214,-1120.000000,160.000000
1215,-1120.000000,160.000000
1216,-1080.000000,160.000000
1217,-1080.000000,160.000000
1218,-1040.000000,160.000000
1219,-1040.000000,160.000000
1220,-1000.000000,120.000000
1221,-960.000000,160.000000
1222,-960.000000,120.000000
1223,-960.000000,160.000000
1224,-920.000000,120.000000
1225,-920.000000,120.000000
1226,-880.000000,120.000000
1227,-840.000000,120.000000
1228,-840.000000,120.000000
1229,-800.000000,120.000000
1230,-800.000000,120.000000
1231,-760.000000,80.000000
1232,-760.000000,120.000000
1233,-720.000000,80.000000
1234,-680.000000,80.000000
1235,-680.000000,80.000000
1236,-640.000000,80.000000
1237,-640.000000,80.000000
1238,-600.000000,120.000000
1239,-600.000000,80.000000
1240,-520.000000,80.000000
1241,-520.000000,80.000000
1242,-520.000000,80.000000
1243,-480.000000,80.000000
1244,-440.000000,40.000000
1245,-440.000000,40.000000
1246,-440.000000,40.000000
1247,-400.000000,40.000000
1248,-360.000000,40.000000
1249,-360.000000,40.000000
1250,-320.000000,40.000000
1251,-320.000000,40.000000
1252,-320.000000,40.000000
1253,-280.000000,40.000000
1254,-240.000000,40.000000
1255,-200.000000,0.000000
1256,-200.000000,40.000000
1257,-160.000000,40.000000
1258,-160.000000,0.000000
1259,-120.000000,0.000000
1260,-120.000000,0.000000
1261,-80.000000,0.000000
1262,-40.000000,-40.000000
1263,0.000000,0.000000
1264,40.000000,0.000000
1265,40.000000,-40.000000
1266,40.000000,-40.000000
1267,80.000000,0.000000
1268,80.000000,0.000000
1269,80.000000,-40.000000
1270,120.000000,-40.000000
1271,160.000000,-40.000000
1272,160.000000,-40.000000
1273,200.000000,-40.000000
1274,240.000000,-40.000000
1275,280.000000,-40.000000
1276,280.000000,-40.000000
1277,280.000000,-40.000000
1278,320.000000,-40.000000
1279,320.000000,-80.000000
1280,400.000000,-40.000000
1281,400.000000,-80.000000
1282,400.000000,-40.000000
1283,440.000000,-80.000000
1284,480.000000,-80.000000
1285,480.000000,-80.000000
1286,520.000000,-80.000000
1287,520.000000,-80.000000
1288,560.000000,-120.000000
1289,600.000000,-80.000000
1290,600.000000,-120.000000
1291,640.000000,-120.000000
1292,680.000000,-120.000000
1293,680.000000,-80.000000
1294,720.000000,-120.000000
1295,720.000000,-120.000000
1296,760.000000,-120.000000
1297,800.000000,-120.000000
1298,800.000000,-160.000000
1299,840.000000,-160.000000
1300,840.000000,-160.000000
1301,840.000000,-120.000000
1302,880.000000,-120.000000
1303,880.000000,-160.000000
1304,920.000000,-160.000000
1305,920.000000,-120.000000
1306,960.000000,-160.000000
1307,960.000000,-160.000000
1308,1000.000000,-160.000000
1309,1040.000000,-160.000000
1310,1040.000000,-200.000000
1311,1040.000000,-200.000000
1312,1080.000000,-200.000000
1313,1120.000000,-200.000000
1314,1120.000000,-160.000000
1315,1160.000000,-200.000000
1316,1160.000000,-240.000000
1317,1200.000000,-200.000000
1318,1200.000000,-200.000000
1319,1240.000000,-200.000000
1320,1240.000000,-200.000000
1321,1280.000000,-240.000000
1322,1280.000000,-240.000000
1323,1360.000000,-200.000000
1324,1320.000000,-240.000000
1325,1360.000000,-240.000000
1326,1360.000000,-200.000000
1327,1400.000000,-240.000000
1328,1440.000000,-240.000000
1329,1440.000000,-240.000000
1330,1480.000000,-240.000000
1331,1480.000000,-240.000000
1332,1480.000000,-240.000000
1333,1520.000000,-280.000000
1334,1560.000000,-280.000000
1335,1560.000000,-280.000000
1336,1560.000000,-240.000000
1337,1600.000000,-280.000000
1338,1640.000000,-280.000000
1339,1640.000000,-280.000000
1340,1680.000000,-280.000000
1341,1680.000000,-280.000000
1342,1720.000000,-280.000000
1343,1720.000000,-280.000000
1344,1720.000000,-280.000000
1345,1760.000000,-280.000000
1346,1800.000000,-320.000000
1347,1800.000000,-280.000000
1348,1800.000000,-320.000000
1349,1840.000000,-320.000000
1350,1840.000000,-320.000000
1351,1880.000000,-320.000000
1352,1880.000000,-320.000000
1353,1920.000000,-280.000000
1354,1880.000000,-320.000000
1355,1960.000000,-320.000000
1356,1960.000000,-320.000000
1357,1960.000000,-320.000000
1358,1960.000000,-320.000000
1359,2000.000000,-320.000000
1360,2040.000000,-320.000000
1361,2040.000000,-320.000000
1362,2040.000000,-320.000000
1363,2080.000000,-320.000000
1364,2080.000000,-360.000000
1365,2120.000000,-360.000000
1366,2120.000000,-360.000000
1367,2160.000000,-360.000000
1368,2200.000000,-320.000000
1369,2160.000000,-360.000000
1370,2200.000000,-360.000000
1371,2200.000000,-360.000000
1372,2200.000000,-400.000000
1373,2240.000000,-360.000000
1374,2280.000000,-400.000000
1375,2280.000000,-360.000000
1376,2280.000000,-360.000000
1377,2320.000000,-400.000000
1378,2280.000000,-400.000000
1379,2360.000000,-400.000000
1380,2360.000000,-400.000000
1381,2360.000000,-400.000000
1382,2400.000000,-360.000000
1383,2400.000000,-400.000000
1384,2400.000000,-400.000000
1385,2400.000000,-400.000000
1386,2440.000000,-400.000000
1387,2440.000000,-400.000000
1388,2440.000000,-400.000000
1389,2480.000000,-400.000000
1390,2480.000000,-400.000000
1391,2520.000000,-400.000000
1392,2520.000000,-440.000000
1393,2560.000000,-400.000000
1394,2560.000000,-400.000000
1395,2520.000000,-400.000000
1396,2560.000000,-440.000000
1397,2560.000000,-440.000000
1398,2600.000000,-440.000000
1399,2640.000000,-400.000000
1400,2600.000000,-440.000000
1401,2640.000000,-440.000000
1402,2640.000000,-400.000000
1403,2640.000000,-400.000000
1404,2680.000000,-440.000000
1405,2640.000000,-440.000000
1406,2680.000000,-440.000000
1407,2680.000000,-440.000000
1408,2720.000000,-440.000000
1409,2720.000000,-440.000000
1410,2720.000000,-440.000000
1411,2760.000000,-440.000000
1412,2760.000000,-440.000000
1413,2760.000000,-440.000000
1414,2760.000000,-440.000000
1415,2760.000000,-440.000000
1416,2800.000000,-440.000000
1417,2800.000000,-440.000000
1418,2840.000000,-480.000000
1419,2840.000000,-480.000000
1420,2840.000000,-440.000000
1421,2840.000000,-440.000000
1422,2840.000000,-480.000000
1423,2880.000000,-440.000000
1424,2840.000000,-480.000000
1425,2880.000000,-440.000000
1426,2880.000000,-440.000000
1427,2880.000000,-480.000000
1428,2880.000000,-480.000000
1429,2880.000000,-440.000000
1430,2920.000000,-440.000000
1431,2920.000000,-480.000000
1432,2920.000000,-480.000000
1433,2920.000000,-480.000000
1434,2920.000000,-440.000000
1435,2920.000000,-480.000000
1436,2960.000000,-480.000000
1437,2960.000000,-480.000000
1438,2960.000000,-480.000000
1439,2960.000000,-480.000000
1440,2960.000000,-480.000000
1441,2920.000000,-480.000000
1442,2960.000000,-480.000000
1443,3000.000000,-480.000000
1444,2960.000000,-480.000000
1445,3000.000000,-480.000000
1446,2960.000000,-480.000000
1447,3000.000000,-520.000000
1448,3000.000000,-440.000000
1449,3000.000000,-520.000000
1450,3000.000000,-480.000000
1451,3000.000000,-480.000000
1452,3000.000000,-480.000000
1453,3040.000000,-480.000000
1454,3040.000000,-480.000000
1455,3040.000000,-520.000000
1456,3040.000000,-480.000000
1457,3040.000000,-480.000000
1458,3040.000000,-480.000000
1459,3040.000000,-480.000000
1460,3000.000000,-480.000000
1461,3040.000000,-480.000000
1462,3040.000000,-480.000000
1463,3040.000000,-480.000000
1464,3040.000000,-480.000000
1465,3040.000000,-480.000000
1466,3040.000000,-520.000000
1467,3040.000000,-480.000000
1468,3080.000000,-480.000000
1469,3040.000000,-480.000000
1470,3080.000000,-480.000000
1471,3040.000000,-480.000000
1472,3040.000000,-480.000000
1473,3040.000000,-480.000000
1474,3040.000000,-480.000000
1475,3040.000000,-480.000000
1476,3040.000000,-480.000000
1477,3040.000000,-480.000000
1478,3040.000000,-480.000000
1479,3000.000000,-480.000000
1480,3040.000000,-480.000000
1481,3040.000000,-480.000000
1482,3040.000000,-480.000000
1483,3040.000000,-480.000000
1484,3040.000000,-480.000000
1485,3040.000000,-480.000000
1486,3040.000000,-480.000000
1487,3040.000000,-480.000000
1488,3040.000000,-480.000000
1489,3000.000000,-480.000000
1490,3040.000000,-480.000000
1491,3000.000000,-480.000000
1492,3000.000000,-480.000000
1493,3000.000000,-480.000000
1494,2960.000000,-480.000000
1495,3000.000000,-480.000000
1496,3000.000000,-480.000000
1497,3000.000000,-480.000000
1498,3000.000000,-480.000000
1499,2960.000000,-480.000000
1500,2960.000000,-480.000000
1501,2960.000000,-480.000000
1502,3000.000000,-480.000000
1503,2960.000000,-480.000000
1504,2960.000000,-480.000000
1505,2920.000000,-480.000000
1506,2960.000000,-480.000000
1507,2960.000000,-440.000000
1508,2920.000000,-480.000000
1509,2920.000000,-480.000000
1510,2920.000000,-480.000000
1511,2920.000000,-440.000000
1512,2880.000000,-440.000000
1513,2880.000000,-440.000000
1514,2920.000000,-440.000000
1515,2920.000000,-440.000000
1516,2880.000000,-480.000000
1517,2880.000000,-480.000000
1518,2880.000000,-440.000000
1519,2840.000000,-440.000000
1520,2840.000000,-440.000000
1521,2840.000000,-440.000000
1522,2840.000000,-440.000000
1523,2800.000000,-440.000000
1524,2800.000000,-440.000000
1525,2800.000000,-440.000000
1526,2760.000000,-440.000000
1527,2800.000000,-440.000000
1528,2760.000000,-440.000000
1529,2760.000000,-440.000000
1530,2760.000000,-440.000000
1531,2760.000000,-440.000000
1532,2720.000000,-440.000000
1533,2720.000000,-440.000000
1534,2720.000000,-440.000000
1535,2720.000000,-440.000000
1536,2680.000000,-440.000000
1537,2680.000000,-400.000000
1538,2680.000000,-400.000000
1539,2640.000000,-400.000000
1540,2680.000000,-440.000000
1541,2640.000000,-400.000000
1542,2600.000000,-400.000000
1543,2600.000000,-400.000000
1544,2600.000000,-400.000000
1545,2560.000000,-400.000000
1546,2560.000000,-440.000000
1547,2560.000000,-400.000000
1548,2560.000000,-400.000000
1549,2520.000000,-400.000000
1550,2520.000000,-400.000000
1551,2520.000000,-400.000000
1552,2520.000000,-360.000000
1553,2480.000000,-400.000000
1554,2440.000000,-400.000000
1555,2440.000000,-400.000000
1556,2440.000000,-360.000000
1557,2440.000000,-400.000000
1558,2400.000000,-400.000000
1559,2400.000000,-400.000000
1560,2400.000000,-360.000000
1561,2360.000000,-360.000000
1562,2360.000000,-360.000000
1563,2320.000000,-400.000000
1564,2320.000000,-360.000000
1565,2320.000000,-360.000000
1566,2280.000000,-320.000000
1567,2280.000000,-360.000000
1568,2240.000000,-360.000000
1569,2240.000000,-360.000000
1570,2240.000000,-320.000000
1571,2200.000000,-360.000000
1572,2200.000000,-360.000000
1573,2200.000000,-320.000000
1574,2160.000000,-320.000000
1575,2160.000000,-320.000000
1576,2120.000000,-320.000000
1577,2120.000000,-320.000000
1578,2120.000000,-320.000000
1579,2080.000000,-320.000000
1580,2040.000000,-320.000000
1581,2040.000000,-320.000000
1582,2040.000000,-320.000000
1583,2000.000000,-320.000000
1584,2000.000000,-320.000000
1585,1960.000000,-280.000000
1586,1960.000000,-320.000000
1587,1920.000000,-320.000000
1588,1960.000000,-280.000000
1589,1880.000000,-280.000000
1590,1880.000000,-320.000000
1591,1880.000000,-280.000000
1592,1880.000000,-280.000000
1593,1840.000000,-320.000000
1594,1800.000000,-280.000000
1595,1760.000000,-280.000000
1596,1760.000000,-280.000000
1597,1800.000000,-240.000000
1598,1760.000000,-280.000000
1599,1720.000000,-240.000000
1600,1720.000000,-240.000000
1601,1680.000000,-240.000000
1602,1640.000000,-240.000000
1603,1640.000000,-240.000000
1604,1640.000000,-240.000000
1605,1560.000000,-240.000000
1606,1600.000000,-240.000000
1607,1560.000000,-240.000000
1608,1560.000000,-200.000000
1609,1520.000000,-240.000000
1610,1520.000000,-240.000000
1611,1480.000000,-240.000000
1612,1440.000000,-200.000000
1613,1440.000000,-240.000000
1614,1440.000000,-240.000000
1615,1440.000000,-200.000000
1616,1400.000000,-200.000000
1617,1360.000000,-200.000000
1618,1360.000000,-200.000000
1619,1320.000000,-200.000000
1620,1280.000000,-200.000000
1621,1280.000000,-200.000000
1622,1280.000000,-200.000000
1623,1240.000000,-160.000000
1624,1200.000000,-200.000000
1625,1200.000000,-160.000000
1626,1160.000000,-160.000000
1627,1160.000000,-160.000000
1628,1120.000000,-160.000000
1629,1120.000000,-160.000000
1630,1080.000000,-160.000000
1631,1080.000000,-160.000000
1632,1040.000000,-160.000000
1633,1040.000000,-160.000000
1634,1000.000000,-160.000000
1635,960.000000,-160.000000
1636,960.000000,-120.000000
1637,920.000000,-120.000000
1638,920.000000,-120.000000
1639,880.000000,-120.000000
1640,880.000000,-120.000000
1641,840.000000,-120.000000
1642,840.000000,-120.000000
1643,800.000000,-120.000000
1644,800.000000,-120.000000
1645,760.000000,-120.000000
1646,760.000000,-120.000000
1647,720.000000,-80.000000
1648,720.000000,-80.000000
1649,680.000000,-80.000000
1650,680.000000,-80.000000
1651,640.000000,-80.000000
1652,600.000000,-80.000000
1653,600.000000,-80.000000
1654,600.000000,-80.000000
1655,560.000000,-80.000000
1656,520.000000,-80.000000
1657,520.000000,-80.000000
1658,480.000000,-80.000000
1659,440.000000,-80.000000
1660,440.000000,-40.000000
1661,400.000000,-40.000000
1662,360.000000,-40.000000
1663,320.000000,-80.000000
1664,320.000000,-40.000000
1665,280.000000,-40.000000
1666,280.000000,-40.000000
1667,240.000000,-40.000000
1668,200.000000,-40.000000
1669,200.000000,-40.000000
1670,200.000000,0.000000
1671,160.000000,-40.000000
1672,160.000000,0.000000
1673,120.000000,0.000000
1674,80.000000,0.000000
1675,40.000000,0.000000
1676,40.000000,0.000000
1677,0.000000,0.000000
1678,0.000000,0.000000
1679,-40.000000,0.000000
1680,-40.000000,40.000000
1681,-80.000000,40.000000
1682,-120.000000,0.000000
1683,-120.000000,40.000000
1684,-120.000000,40.000000
1685,-160.000000,40.000000
1686,-200.000000,40.000000
1687,-200.000000,40.000000
1688,-240.000000,40.000000
1689,-240.000000,40.000000
1690,-240.000000,40.000000
1691,-240.000000,40.000000
1692,-320.000000,80.000000
1693,-320.000000,80.000000
1694,-360.000000,80.000000
1695,-400.000000,80.000000
1696,-400.000000,80.000000
1697,-440.000000,80.000000
1698,-480.000000,80.000000
1699,-480.000000,80.000000
1700,-480.000000,80.000000
1701,-560.000000,80.000000
1702,-560.000000,80.000000
1703,-600.000000,80.000000
1704,-600.000000,120.000000
1705,-600.000000,120.000000
1706,-640.000000,120.000000
1707,-680.000000,120.000000
1708,-720.000000,120.000000
1709,-720.000000,120.000000
1710,-720.000000,120.000000
1711,-760.000000,120.000000
1712,-800.000000,120.000000
1713,-800.000000,120.000000
1714,-800.000000,120.000000
1715,-840.000000,120.000000
1716,-840.000000,160.000000
1717,-880.000000,120.000000
1718,-920.000000,160.000000
1719,-960.000000,160.000000
1720,-960.000000,160.000000
1721,-960.000000,160.000000
1722,-1000.000000,160.000000
1723,-1040.000000,160.000000
1724,-1040.000000,160.000000
1725,-1040.000000,200.000000
1726,-1080.000000,160.000000
1727,-1120.000000,160.000000
1728,-1120.000000,160.000000
1729,-1120.000000,200.000000
1730,-1160.000000,200.000000
1731,-1200.000000,200.000000
1732,-1200.000000,200.000000
1733,-1240.000000,200.000000
1734,-1240.000000,200.000000
1735,-1240.000000,200.000000
1736,-1320.000000,200.000000
1737,-1320.000000,200.000000
1738,-1320.000000,240.000000
1739,-1360.000000,200.000000
1740,-1360.000000,240.000000
1741,-1400.000000,240.000000
1742,-1400.000000,240.000000
1743,-1400.000000,240.000000
1744,-1480.000000,240.000000
1745,-1480.000000,240.000000
1746,-1520.000000,240.000000
1747,-1520.000000,240.000000
1748,-1520.000000,280.000000
1749,2920.000000,280.000000
1750,2920.000000,-480.000000
1751,2920.000000,-440.000000
1752,2880.000000,-480.000000
1753,2880.000000,-440.000000
1754,2880.000000,-480.000000
1755,2880.000000,-440.000000
1756,2880.000000,-480.000000
1757,2880.000000,-480.000000
1758,2840.000000,-440.000000
1759,2840.000000,-440.000000
1760,2840.000000,-440.000000
1761,2840.000000,-440.000000
1762,2800.000000,-440.000000
1763,2800.000000,-440.000000
1764,2800.000000,-440.000000
1765,2800.000000,-440.000000
1766,2800.000000,-480.000000
1767,2760.000000,-440.000000
1768,2760.000000,-440.000000
1769,2760.000000,-440.000000
1770,2720.000000,-440.000000
1771,2720.000000,-440.000000
1772,2720.000000,-440.000000
1773,2680.000000,-440.000000
1774,2680.000000,-440.000000
1775,2680.000000,-440.000000
1776,2680.000000,-440.000000
1777,2680.000000,-400.000000
1778,2640.000000,-400.000000
1779,2640.000000,-400.000000
1780,2640.000000,-440.000000
1781,2600.000000,-400.000000
1782,2600.000000,-400.000000
1783,2600.000000,-400.000000
1784,2560.000000,-400.000000
1785,2560.000000,-400.000000
1786,2520.000000,-400.000000
1787,2560.000000,-360.000000
1788,2520.000000,-400.000000
1789,2480.000000,-400.000000
1790,2480.000000,-400.000000
1791,2480.000000,-400.000000
1792,2440.000000,-400.000000
1793,2440.000000,-400.000000
1794,2440.000000,-400.000000
1795,2440.000000,-400.000000
1796,2440.000000,-400.000000
1797,2400.000000,-400.000000
1798,2360.000000,-360.000000
1799,2360.000000,-400.000000
1800,2360.000000,-360.000000
1801,2360.000000,-360.000000
1802,2320.000000,-360.000000
1803,2320.000000,-360.000000
1804,2280.000000,-360.000000
1805,2280.000000,-360.000000
1806,2280.000000,-360.000000
1807,2280.000000,-360.000000
1808,2240.000000,-360.000000
1809,2240.000000,-360.000000
1810,2200.000000,-360.000000
1811,2200.000000,-360.000000
1812,2160.000000,-360.000000
1813,2160.000000,-360.000000
1814,2120.000000,-360.000000
1815,2120.000000,-320.000000
1816,2080.000000,-320.000000
1817,2080.000000,-320.000000
1818,2080.000000,-320.000000
1819,2080.000000,-320.000000
1820,2040.000000,-320.000000
1821,2040.000000,-320.000000
1822,2000.000000,-320.000000
1823,1960.000000,-320.000000
1824,1960.000000,-280.000000
1825,1920.000000,-320.000000
1826,1920.000000,-320.000000
1827,1920.000000,-280.000000
1828,1920.000000,-320.000000
1829,1880.000000,-280.000000
1830,1880.000000,-280.000000
1831,1840.000000,-280.000000
1832,1840.000000,-280.000000
1833,1800.000000,-280.000000
1834,1800.000000,-280.000000
1835,1800.000000,-280.000000
1836,1760.000000,-240.000000
1837,1720.000000,-280.000000
1838,1720.000000,-240.000000
1839,1680.000000,-280.000000
1840,1680.000000,-240.000000
1841,1680.000000,-240.000000
1842,1640.000000,-240.000000
1843,1600.000000,-240.000000
1844,1600.000000,-240.000000
1845,1560.000000,-240.000000
1846,1560.000000,-240.000000
1847,1520.000000,-240.000000
1848,1520.000000,-200.000000
1849,1480.000000,-240.000000
1850,1480.000000,-240.000000
1851,1440.000000,-240.000000
1852,1440.000000,-240.000000
1853,1400.000000,-200.000000
1854,1400.000000,-200.000000
1855,1360.000000,-200.000000
1856,1360.000000,-200.000000
1857,1360.000000,-200.000000
1858,1280.000000,-200.000000
1859,1280.000000,-200.000000
1860,1320.000000,-160.000000
1861,1240.000000,-200.000000
1862,1240.000000,-200.000000
1863,1200.000000,-200.000000
1864,1200.000000,-160.000000
1865,1160.000000,-160.000000
1866,1160.000000,-160.000000
1867,1120.000000,-160.000000
1868,1120.000000,-160.000000
1869,1080.000000,-160.000000
1870,1080.000000,-160.000000
1871,1040.000000,-120.000000
1872,1040.000000,-120.000000
1873,1000.000000,-160.000000
1874,1000.000000,-120.000000
1875,960.000000,-160.000000
1876,920.000000,-160.000000
1877,880.000000,-160.000000
1878,880.000000,-120.000000
1879,880.000000,-120.000000
1880,840.000000,-120.000000
1881,800.000000,-80.000000
1882,800.000000,-120.000000
1883,760.000000,-80.000000
1884,760.000000,-120.000000
1885,720.000000,-120.000000
1886,720.000000,-120.000000
1887,680.000000,-80.000000
1888,680.000000,-80.000000
1889,640.000000,-80.000000
1890,640.000000,-80.000000
1891,600.000000,-80.000000
1892,600.000000,-80.000000
1893,560.000000,-40.000000
1894,520.000000,-80.000000
1895,520.000000,-80.000000
1896,480.000000,-80.000000
1897,440.000000,-40.000000
1898,440.000000,-40.000000
1899,400.000000,-40.000000
1900,360.000000,-40.000000
1901,360.000000,-40.000000
1902,320.000000,-40.000000
1903,280.000000,-40.000000
1904,280.000000,-40.000000
1905,240.000000,-40.000000
1906,240.000000,-40.000000
1907,240.000000,0.000000
1908,200.000000,-40.000000
1909,200.000000,-40.000000
1910,160.000000,0.000000
1911,120.000000,0.000000
1912,120.000000,0.000000
1913,80.000000,0.000000
1914,80.000000,0.000000
1915,40.000000,0.000000
1916,40.000000,0.000000
1917,-40.000000,0.000000
1918,-40.000000,0.000000
1919,-80.000000,0.000000
1920,-80.000000,40.000000
1921,-120.000000,40.000000
1922,-120.000000,40.000000
1923,-160.000000,40.000000
1924,-200.000000,40.000000
1925,-200.000000,40.000000
1926,-200.000000,40.000000
1927,-240.000000,40.000000
1928,-240.000000,40.000000
1929,-280.000000,80.000000
1930,-240.000000,80.000000
1931,-320.000000,80.000000
1932,-320.000000,80.000000
1933,-360.000000,80.000000
1934,-400.000000,80.000000
1935,-400.000000,80.000000
1936,-440.000000,80.000000
1937,-480.000000,80.000000
1938,-480.000000,80.000000
1939,-520.000000,120.000000
1940,-520.000000,80.000000
1941,-560.000000,80.000000
1942,-560.000000,80.000000
1943,-600.000000,120.000000
1944,-640.000000,120.000000
1945,-640.000000,120.000000
1946,-680.000000,80.000000
1947,-680.000000,120.000000
1948,-720.000000,120.000000
1949,-760.000000,120.000000
1950,-760.000000,120.000000
1951,-800.000000,120.000000
1952,-800.000000,160.000000
1953,-840.000000,120.000000
1954,-880.000000,120.000000
1955,-880.000000,160.000000
1956,-920.000000,120.000000
1957,-920.000000,160.000000
1958,-920.000000,160.000000
1959,-960.000000,200.000000
1960,-1000.000000,160.000000
1961,-1000.000000,160.000000
1962,-1040.000000,200.000000
1963,-1040.000000,160.000000
1964,-1080.000000,200.000000
1965,-1080.000000,200.000000
1966,-1120.000000,200.000000
1967,-1160.000000,200.000000
1968,-1160.000000,200.000000
1969,-1160.000000,200.000000
1970,-1200.000000,200.000000
1971,-1200.000000,200.000000
1972,-1240.000000,240.000000
1973,-1240.000000,240.000000
1974,-1280.000000,200.000000
1975,-1320.000000,200.000000
1976,-1320.000000,200.000000
1977,-1360.000000,200.000000
1978,-1360.000000,240.000000
1979,-1360.000000,240.000000
1980,-1440.000000,240.000000
1981,-1440.000000,240.000000
1982,-1440.000000,240.000000
1983,-1440.000000,240.000000
1984,-1480.000000,240.000000
1985,-1520.000000,240.000000
1986,-1520.000000,240.000000
1987,-1520.000000,280.000000
1988,-1560.000000,240.000000
1989,-1600.000000,280.000000
1990,-1600.000000,280.000000
1991,-1600.000000,240.000000
1992,-1640.000000,280.000000
1993,-1640.000000,280.000000
1994,-1680.000000,280.000000
1995,-1680.000000,280.000000
1996,-1720.000000,280.000000
1997,-1720.000000,280.000000
1998,-1760.000000,280.000000
1999,-1760.000000,280.000000
2000,-1800.000000,280.000000
2001,-1800.000000,320.000000
2002,-1840.000000,320.000000
2003,-1840.000000,320.000000
2004,-1880.000000,320.000000
2005,-1880.000000,320.000000
2006,-1880.000000,320.000000
2007,-1920.000000,320.000000
2008,-1920.000000,320.000000
2009,-1920.000000,320.000000
2010,-1960.000000,320.000000
2011,-2000.000000,320.000000
2012,-1960.000000,320.000000
2013,-2000.000000,320.000000
2014,-2040.000000,320.000000
2015,-2040.000000,320.000000
2016,-2080.000000,320.000000
2017,-2080.000000,320.000000
2018,-2120.000000,320.000000
2019,-2120.000000,360.000000
2020,-2160.000000,360.000000
2021,-2160.000000,360.000000
2022,-2200.000000,360.000000
2023,-2200.000000,360.000000
2024,-2240.000000,360.000000
2025,-2240.000000,360.000000
2026,-2240.000000,360.000000
2027,-2240.000000,360.000000
2028,-2280.000000,360.000000
2029,-2280.000000,360.000000
2030,-2320.000000,360.000000
2031,-2320.000000,360.000000
2032,-2320.000000,400.000000
2033,-2360.000000,400.000000
2034,-2360.000000,360.000000
2035,-2360.000000,400.000000
2036,-2400.000000,360.000000
2037,-2400.000000,400.000000
2038,-2440.000000,400.000000
2039,-2440.000000,400.000000
2040,-2480.000000,400.000000
2041,-2440.000000,400.000000
2042,-2480.000000,400.000000
2043,-2480.000000,400.000000
2044,-2520.000000,400.000000
2045,-2520.000000,400.000000
2046,-2560.000000,440.000000
2047,-2520.000000,400.000000
2048,-2560.000000,440.000000
2049,-2560.000000,400.000000
2050,-2560.000000,400.000000
2051,-2600.000000,440.000000
2052,-2600.000000,400.000000
2053,-2640.000000,440.000000
2054,-2640.000000,440.000000
2055,-2680.000000,440.000000
2056,-2640.000000,440.000000
2057,-2680.000000,440.000000
2058,-2680.000000,440.000000
2059,-2680.000000,440.000000
2060,-2720.000000,440.000000
2061,-2720.000000,440.000000
2062,-2720.000000,440.000000
2063,-2800.000000,440.000000
2064,-2760.000000,440.000000
2065,-2760.000000,440.000000
2066,-2800.000000,440.000000
2067,-2760.000000,440.000000
2068,-2800.000000,440.000000
2069,-2760.000000,440.000000
2070,-2840.000000,480.000000
2071,-2800.000000,440.000000
2072,-2800.000000,440.000000
2073,-2800.000000,480.000000
2074,-2840.000000,440.000000
2075,-2880.000000,440.000000
2076,-2840.000000,440.000000
2077,-2880.000000,440.000000
2078,-2880.000000,480.000000
2079,-2880.000000,480.000000
2080,-2920.000000,440.000000
2081,-2920.000000,480.000000
2082,-2920.000000,480.000000
2083,-2920.000000,480.000000
2084,-2920.000000,480.000000
2085,-2920.000000,440.000000
2086,-2920.000000,480.000000
2087,-2920.000000,480.000000
2088,-2960.000000,480.000000
2089,-2960.000000,480.000000
2090,-2960.000000,480.000000
2091,-3000.000000,480.000000
2092,-2960.000000,480.000000
2093,-3000.000000,480.000000
2094,-2960.000000,480.000000
2095,-2960.000000,480.000000
2096,-3000.000000,480.000000
2097,-3040.000000,480.000000
2098,-3000.000000,480.000000
2099,-3000.000000,480.000000
2100,-3000.000000,480.000000
2101,-3000.000000,480.000000
2102,-3000.000000,480.000000
2103,-3040.000000,480.000000
2104,-3040.000000,480.000000
2105,-3040.000000,480.000000
2106,-3040.000000,480.000000
2107,-3040.000000,480.000000
2108,-3040.000000,480.000000
2109,-3080.000000,480.000000
2110,-3040.000000,480.000000
2111,-3040.000000,480.000000
2112,-3040.000000,480.000000
2113,-3080.000000,480.000000
2114,-3080.000000,480.000000
2115,-3080.000000,480.000000
2116,-3040.000000,480.000000
2117,-3080.000000,480.000000
2118,-3040.000000,480.000000
2119,-3080.000000,480.000000
2120,-3080.000000,480.000000
2121,-3080.000000,480.000000
2122,-3080.000000,480.000000
2123,-3080.000000,480.000000
2124,-3080.000000,480.000000
2125,-3080.000000,480.000000
2126,-3080.000000,480.000000
2127,-3080.000000,480.000000
2128,-3080.000000,520.000000
2129,-3080.000000,520.000000
2130,-3080.000000,480.000000
2131,-3080.000000,480.000000
2132,-3080.000000,480.000000
2133,-3080.000000,480.000000
2134,-3080.000000,480.000000
2135,-3080.000000,480.000000
2136,-3080.000000,520.000000
2137,-3080.000000,480.000000
2138,-3080.000000,480.000000
2139,-3040.000000,480.000000
2140,-3080.000000,480.000000
2141,-3080.000000,480.000000
2142,-3080.000000,480.000000
2143,-3080.000000,480.000000
2144,-3080.000000,480.000000
2145,-3080.000000,480.000000
2146,-3040.000000,480.000000
2147,-3040.000000,480.000000
2148,-3040.000000,480.000000
2149,-3080.000000,480.000000
2150,-3040.000000,480.000000
2151,-3040.000000,480.000000
2152,-3040.000000,480.000000
2153,-3040.000000,520.000000
2154,-3000.000000,480.000000
2155,-3000.000000,480.000000
2156,-3000.000000,480.000000
2157,-3000.000000,480.000000
2158,-3000.000000,480.000000
2159,-2960.000000,480.000000
2160,-3000.000000,480.000000
2161,-2960.000000,480.000000
2162,-2960.000000,480.000000
2163,-2960.000000,480.000000
2164,-2960.000000,480.000000
2165,-2960.000000,480.000000
2166,-2960.000000,480.000000
2167,-2960.000000,480.000000
2168,-2960.000000,480.000000
2169,-2920.000000,440.000000
2170,-2920.000000,440.000000
2171,-2920.000000,440.000000
2172,-2880.000000,440.000000
2173,-2880.000000,440.000000
2174,-2920.000000,440.000000
2175,-2880.000000,440.000000
2176,-2880.000000,440.000000
2177,-2840.000000,480.000000
2178,-2840.000000,440.000000
2179,-2840.000000,440.000000
2180,-2840.000000,480.000000
2181,-2800.000000,440.000000
2182,-2800.000000,440.000000
2183,-2800.000000,440.000000
2184,-2800.000000,440.000000
2185,-2800.000000,440.000000
2186,-2800.000000,440.000000
2187,-2760.000000,440.000000
2188,-2760.000000,400.000000
2189,-2720.000000,440.000000
2190,-2720.000000,440.000000
2191,-2760.000000,400.000000
2192,-2720.000000,440.000000
2193,-2720.000000,440.000000
2194,-2680.000000,440.000000
2195,-2720.000000,400.000000
2196,-2640.000000,440.000000
2197,-2640.000000,400.000000
2198,-2640.000000,400.000000
2199,-2640.000000,440.000000
2200,-2600.000000,400.000000
2201,-2600.000000,400.000000
2202,-2560.000000,400.000000
2203,-2560.000000,400.000000
2204,-2560.000000,400.000000
2205,-2560.000000,400.000000
2206,-2520.000000,400.000000
2207,-2520.000000,400.000000
2208,-2520.000000,400.000000
2209,-2480.000000,400.000000
2210,-2480.000000,360.000000
2211,-2480.000000,400.000000
2212,-2440.000000,400.000000
2213,-2440.000000,400.000000
2214,-2400.000000,360.000000
2215,-2440.000000,400.000000
2216,-2400.000000,360.000000
2217,-2360.000000,360.000000
2218,-2400.000000,400.000000
2219,-2360.000000,360.000000
2220,-2320.000000,360.000000
2221,-2320.000000,360.000000
2222,-2320.000000,400.000000
2223,-2280.000000,320.000000
2224,-2280.000000,360.000000
2225,-2240.000000,320.000000
2226,-2280.000000,360.000000
2227,-2240.000000,320.000000
2228,-2240.000000,360.000000
2229,-2200.000000,320.000000
2230,-2160.000000,320.000000
2231,-2160.000000,320.000000
2232,-2160.000000,320.000000
2233,-2120.000000,360.000000
2234,-2120.000000,320.000000
2235,-2120.000000,320.000000
2236,-2080.000000,320.000000
2237,-2080.000000,320.000000
2238,-2040.000000,320.000000
2239,-2040.000000,320.000000
2240,-2000.000000,320.000000
2241,-2000.000000,320.000000
2242,-2000.000000,280.000000
2243,-1960.000000,320.000000
2244,-1960.000000,320.000000
2245,-1920.000000,320.000000
2246,-1920.000000,320.000000
2247,-1920.000000,280.000000
2248,-1880.000000,280.000000
2249,-1840.000000,280.000000
2250,-1840.000000,280.000000
2251,-1800.000000,280.000000
2252,-1800.000000,280.000000
2253,-1800.000000,280.000000
2254,-1760.000000,240.000000
2255,-1760.000000,280.000000
2256,-1720.000000,240.000000
2257,-1720.000000,240.000000
2258,-1680.000000,280.000000
2259,-1680.000000,240.000000
2260,-1640.000000,240.000000
2261,-1640.000000,240.000000
2262,-1600.000000,240.000000
2263,-1600.000000,240.000000
2264,-1560.000000,200.000000
2265,-1560.000000,240.000000
2266,-1560.000000,240.000000
2267,-1520.000000,200.000000
2268,-1480.000000,240.000000
2269,-1480.000000,200.000000
2270,-1440.000000,240.000000
2271,-1440.000000,200.000000
2272,-1400.000000,200.000000
2273,-1400.000000,240.000000
2274,-1360.000000,200.000000
2275,-1360.000000,200.000000
2276,-1320.000000,200.000000
2277,-1320.000000,200.000000
2278,-1280.000000,200.000000
2279,-1280.000000,200.000000
2280,-1280.000000,200.000000
2281,-1240.000000,200.000000
2282,-1200.000000,200.000000
2283,-1200.000000,200.000000
2284,-1160.000000,160.000000
2285,-1160.000000,160.000000
2286,-1120.000000,160.000000
2287,-1120.000000,160.000000
2288,-1080.000000,160.000000
2289,-1080.000000,160.000000
2290,-1000.000000,160.000000
2291,-1040.000000,160.000000
2292,-1000.000000,160.000000
2293,-1000.000000,120.000000
2294,-960.000000,160.000000
2295,-960.000000,120.000000
2296,-920.000000,120.000000
2297,-920.000000,120.000000
2298,-840.000000,120.000000
2299,-840.000000,120.000000
2300,-800.000000,120.000000
2301,-800.000000,120.000000
2302,-800.000000,80.000000
2303,-760.000000,120.000000
2304,-760.000000,120.000000
2305,-680.000000,80.000000
2306,-680.000000,80.000000
2307,-680.000000,80.000000
2308,-640.000000,80.000000
2309,-640.000000,80.000000
2310,-600.000000,80.000000
2311,-560.000000,80.000000
2312,-560.000000,80.000000
2313,-520.000000,80.000000
2314,-520.000000,80.000000
2315,-480.000000,80.000000
2316,-440.000000,40.000000
2317,-440.000000,40.000000
2318,-400.000000,80.000000
2319,-400.000000,40.000000
2320,-360.000000,40.000000
2321,-320.000000,40.000000
2322,-320.000000,40.000000
2323,-320.000000,40.000000
2324,-320.000000,40.000000
2325,-280.000000,40.000000
2326,-240.000000,0.000000
2327,-240.000000,40.000000
2328,-160.000000,40.000000
2329,-160.000000,40.000000
2330,-160.000000,0.000000
2331,-120.000000,0.000000
2332,-120.000000,0.000000
2333,-80.000000,0.000000
2334,-40.000000,-40.000000
2335,0.000000,0.000000
2336,0.000000,-40.000000
2337,0.000000,0.000000
2338,40.000000,-40.000000
2339,40.000000,-40.000000
2340,80.000000,0.000000
2341,80.000000,-40.000000
2342,120.000000,-40.000000
2343,160.000000,-40.000000
2344,200.000000,-40.000000
2345,200.000000,-40.000000
2346,240.000000,-40.000000
2347,240.000000,-40.000000
2348,280.000000,-80.000000
2349,280.000000,-40.000000
2350,320.000000,-40.000000
2351,360.000000,-80.000000
2352,360.000000,-80.000000
2353,400.000000,-80.000000
2354,400.000000,-80.000000
2355,440.000000,-80.000000
2356,480.000000,-120.000000
2357,480.000000,-80.000000
2358,520.000000,-80.000000
2359,520.000000,-120.000000
2360,560.000000,-80.000000
2361,600.000000,-120.000000
2362,600.000000,-80.000000
2363,640.000000,-120.000000
2364,680.000000,-120.000000
2365,680.000000,-80.000000
2366,720.000000,-120.000000
2367,720.000000,-120.000000
2368,720.000000,-120.000000
2369,800.000000,-120.000000
2370,760.000000,-160.000000
2371,800.000000,-160.000000
2372,840.000000,-160.000000
2373,880.000000,-120.000000
2374,880.000000,-160.000000
2375,880.000000,-160.000000
2376,880.000000,-160.000000
2377,960.000000,-160.000000
2378,960.000000,-160.000000
2379,1000.000000,-160.000000
2380,1000.000000,-160.000000
2381,1040.000000,-200.000000
2382,1040.000000,-200.000000
2383,1080.000000,-200.000000
2384,1080.000000,-160.000000
2385,1120.000000,-200.000000
2386,1120.000000,-160.000000
2387,1160.000000,-200.000000
2388,1160.000000,-160.000000
2389,1200.000000,-200.000000
2390,1240.000000,-200.000000
2391,1240.000000,-200.000000
2392,1240.000000,-240.000000
2393,1280.000000,-240.000000
2394,1280.000000,-240.000000
2395,1320.000000,-240.000000
2396,1360.000000,-240.000000
2397,1360.000000,-240.000000
2398,1360.000000,-240.000000
2399,1400.000000,-240.000000
2400,1440.000000,-240.000000
2401,1440.000000,-240.000000
2402,1480.000000,-240.000000
2403,1480.000000,-240.000000
2404,1480.000000,-240.000000
2405,1520.000000,-240.000000
2406,1560.000000,-280.000000
2407,1560.000000,-280.000000
2408,1560.000000,-280.000000
2409,1600.000000,-280.000000
2410,1640.000000,-280.000000
2411,1640.000000,-280.000000
2412,1640.000000,-280.000000
2413,1680.000000,-280.000000
2414,1720.000000,-280.000000
2415,1720.000000,-280.000000
2416,1720.000000,-320.000000
2417,1760.000000,-320.000000
2418,1760.000000,-280.000000
2419,1800.000000,-320.000000
2420,1840.000000,-320.000000
2421,1840.000000,-280.000000
2422,1840.000000,-320.000000
2423,1880.000000,-320.000000
2424,1880.000000,-320.000000
2425,1880.000000,-320.000000
2426,1920.000000,-320.000000
2427,1960.000000,-320.000000
2428,1920.000000,-320.000000
2429,1960.000000,-320.000000
2430,1960.000000,-360.000000
2431,2000.000000,-360.000000
2432,2000.000000,-360.000000
2433,2040.000000,-320.000000
2434,2040.000000,-320.000000
2435,2040.000000,-320.000000
2436,2080.000000,-360.000000
2437,2080.000000,-360.000000
2438,2120.000000,-360.000000
2439,2120.000000,-360.000000
2440,2160.000000,-360.000000
2441,2160.000000,-320.000000
2442,2200.000000,-360.000000
2443,2200.000000,-360.000000
2444,2240.000000,-360.000000
2445,2240.000000,-360.000000
2446,2240.000000,-400.000000
2447,2280.000000,-360.000000
2448,2320.000000,-360.000000
2449,2280.000000,-400.000000
2450,2360.000000,-400.000000
2451,2320.000000,-400.000000
2452,2360.000000,-400.000000
2453,2360.000000,-400.000000
2454,2360.000000,-360.000000
2455,2360.000000,-400.000000
2456,2400.000000,-360.000000
2457,2440.000000,-400.000000
2458,2440.000000,-440.000000
2459,2440.000000,-400.000000
2460,2480.000000,-400.000000
2461,2480.000000,-400.000000
2462,2480.000000,-400.000000
2463,2480.000000,-400.000000
2464,2520.000000,-400.000000
2465,2520.000000,-400.000000
2466,2560.000000,-400.000000
2467,2560.000000,-400.000000
2468,2560.000000,-440.000000
2469,2560.000000,-440.000000
2470,2600.000000,-400.000000
2471,2600.000000,-440.000000
2472,2640.000000,-440.000000
2473,2640.000000,-440.000000
2474,2640.000000,-440.000000
2475,2640.000000,-400.000000
2476,2680.000000,-440.000000
2477,2680.000000,-440.000000
2478,2680.000000,-440.000000
2479,2680.000000,-440.000000
2480,2720.000000,-440.000000
2481,2720.000000,-480.000000
2482,2760.000000,-440.000000
2483,2760.000000,-440.000000
2484,2760.000000,-440.000000
2485,2800.000000,-440.000000
2486,2800.000000,-480.000000
2487,2760.000000,-440.000000
2488,2800.000000,-480.000000
2489,2800.000000,-440.000000
2490,2800.000000,-480.000000
2491,2840.000000,-440.000000
2492,2840.000000,-440.000000
2493,2840.000000,-480.000000
2494,2840.000000,-440.000000
2495,2840.000000,-480.000000
2496,2880.000000,-440.000000
2497,2840.000000,-480.000000
2498,2880.000000,-440.000000
2499,2880.000000,-440.000000
2500,2880.000000,-480.000000
2501,2880.000000,-480.000000
2502,2920.000000,-480.000000
2503,2920.000000,-480.000000
2504,2920.000000,-480.000000
2505,2920.000000,-480.000000
2506,2920.000000,-480.000000
2507,2960.000000,-480.000000
2508,2960.000000,-480.000000
2509,2960.000000,-480.000000
2510,2960.000000,-480.000000
2511,2960.000000,-480.000000
2512,2960.000000,-480.000000
2513,2960.000000,-480.000000
2514,3000.000000,-480.000000
2515,2960.000000,-480.000000
2516,3000.000000,-480.000000
2517,2960.000000,-480.000000
2518,3000.000000,-480.000000
2519,3000.000000,-480.000000
2520,3000.000000,-480.000000
2521,3000.000000,-480.000000
2522,3000.000000,-480.000000
2523,3000.000000,-480.000000
2524,3000.000000,-520.000000
2525,3040.000000,-480.000000
2526,3040.000000,-480.000000
2527,3040.000000,-480.000000
2528,3040.000000,-480.000000
2529,3000.000000,-480.000000
2530,3000.000000,-480.000000
2531,3040.000000,-480.000000
2532,3040.000000,-480.000000
2533,3040.000000,-480.000000
2534,3040.000000,-480.000000
2535,3040.000000,-480.000000
2536,3040.000000,-520.000000
2537,3040.000000,-480.000000
2538,3000.000000,-480.000000
2539,3040.000000,-480.000000
2540,3080.000000,-480.000000
2541,3040.000000,-480.000000
2542,3040.000000,-480.000000
2543,3040.000000,-480.000000
2544,3040.000000,-480.000000
2545,3080.000000,-480.000000
2546,3040.000000,-480.000000
2547,3040.000000,-480.000000
2548,3080.000000,-480.000000
2549,3040.000000,-520.000000
2550,3040.000000,-480.000000
2551,3040.000000,-480.000000
2552,3040.000000,-480.000000
2553,3080.000000,-480.000000
2554,3040.000000,-480.000000
2555,3040.000000,-480.000000
2556,3040.000000,-480.000000
2557,3040.000000,-480.000000
2558,3040.000000,-480.000000
2559,3040.000000,-480.000000
2560,3040.000000,-480.000000
2561,3000.000000,-480.000000
2562,3000.000000,-480.000000
2563,3000.000000,-480.000000
2564,3000.000000,-480.000000
2565,3040.000000,-480.000000
2566,3000.000000,-480.000000
2567,3000.000000,-480.000000
2568,3000.000000,-480.000000
2569,3000.000000,-480.000000
2570,3000.000000,-480.000000
2571,3000.000000,-480.000000
2572,3000.000000,-440.000000
2573,3000.000000,-480.000000
2574,2960.000000,-480.000000
2575,2960.000000,-480.000000
2576,2960.000000,-480.000000
2577,2960.000000,-480.000000
2578,2960.000000,-480.000000
2579,2920.000000,-440.000000
2580,2920.000000,-480.000000
2581,2920.000000,-480.000000
2582,2920.000000,-440.000000
2583,2920.000000,-480.000000
2584,2920.000000,-480.000000
2585,2920.000000,-480.000000
2586,2880.000000,-440.000000
2587,2880.000000,-440.000000
2588,2880.000000,-440.000000
2589,2880.000000,-440.000000
2590,2840.000000,-480.000000
2591,2840.000000,-440.000000
2592,2840.000000,-440.000000
2593,2840.000000,-480.000000
2594,2800.000000,-440.000000
2595,2800.000000,-440.000000
2596,2800.000000,-480.000000
2597,2800.000000,-440.000000
2598,2840.000000,-440.000000
2599,2800.000000,-440.000000
2600,2760.000000,-440.000000
2601,2760.000000,-440.000000
2602,2760.000000,-440.000000
2603,2720.000000,-440.000000
2604,2760.000000,-440.000000
2605,2720.000000,-440.000000
2606,2720.000000,-400.000000
2607,2720.000000,-440.000000
2608,2680.000000,-440.000000
2609,2680.000000,-400.000000
2610,2680.000000,-440.000000
2611,2680.000000,-400.000000
2612,2640.000000,-440.000000
2613,2600.000000,-440.000000
2614,2640.000000,-400.000000
2615,2600.000000,-400.000000
2616,2600.000000,-400.000000
2617,2600.000000,-440.000000
2618,2560.000000,-440.000000
2619,2560.000000,-400.000000
2620,2560.000000,-400.000000
2621,2520.000000,-400.000000
2622,2520.000000,-400.000000
2623,2520.000000,-400.000000
2624,2480.000000,-400.000000
2625,2520.000000,-400.000000
2626,2440.000000,-400.000000
2627,2440.000000,-400.000000
2628,2440.000000,-400.000000
2629,2440.000000,-400.000000
2630,2400.000000,-360.000000
2631,2400.000000,-400.000000
2632,2360.000000,-400.000000
2633,2360.000000,-360.000000
2634,2320.000000,-400.000000
2635,2320.000000,-360.000000
2636,2320.000000,-360.000000
2637,2320.000000,-360.000000
2638,2320.000000,-360.000000
2639,2280.000000,-360.000000
2640,2240.000000,-360.000000
2641,2240.000000,-360.000000
2642,2200.000000,-360.000000
2643,2240.000000,-320.000000
2644,2200.000000,-360.000000
2645,2160.000000,-360.000000
2646,2160.000000,-360.000000
2647,2160.000000,-360.000000
2648,2120.000000,-320.000000
2649,2120.000000,-320.000000
2650,2080.000000,-320.000000
2651,2080.000000,-320.000000
2652,2080.000000,-320.000000
2653,2000.000000,-320.000000
2654,2000.000000,-320.000000
2655,2000.000000,-320.000000
2656,2000.000000,-320.000000
2657,1960.000000,-280.000000
2658,1960.000000,-320.000000
2659,1920.000000,-280.000000
2660,1920.000000,-280.000000
2661,1920.000000,-280.000000
2662,1880.000000,-280.000000
2663,1880.000000,-280.000000
2664,1840.000000,-280.000000
2665,1840.000000,-280.000000
2666,1800.000000,-280.000000
2667,1800.000000,-280.000000
2668,1760.000000,-280.000000
2669,1760.000000,-280.000000
2670,1760.000000,-280.000000
2671,1720.000000,-280.000000
2672,1720.000000,-280.000000
2673,1640.000000,-240.000000
2674,1640.000000,-240.000000
2675,1640.000000,-240.000000
2676,1640.000000,-240.000000
2677,1600.000000,-240.000000
2678,1560.000000,-240.000000
2679,1560.000000,-240.000000
2680,1560.000000,-240.000000
2681,1520.000000,-240.000000
2682,1480.000000,-200.000000
2683,1480.000000,-240.000000
2684,1440.000000,-240.000000
2685,1440.000000,-240.000000
2686,1400.000000,-200.000000
2687,1400.000000,-240.000000
2688,1360.000000,-240.000000
2689,1360.000000,-200.000000
2690,1320.000000,-200.000000
2691,1320.000000,-200.000000
2692,1280.000000,-200.000000
2693,1280.000000,-200.000000
2694,1240.000000,-200.000000
2695,1240.000000,-200.000000
2696,1200.000000,-200.000000
2697,1200.000000,-160.000000
2698,1160.000000,-200.000000
2699,1160.000000,-160.000000
2700,1120.000000,-160.000000
2701,1120.000000,-160.000000
2702,1080.000000,-160.000000
2703,1040.000000,-200.000000
2704,1040.000000,-160.000000
2705,1040.000000,-160.000000
2706,1000.000000,-120.000000
2707,960.000000,-160.000000
2708,920.000000,-160.000000
2709,920.000000,-120.000000
2710,920.000000,-120.000000
2711,880.000000,-120.000000
2712,840.000000,-120.000000
2713,840.000000,-120.000000
2714,840.000000,-80.000000
2715,800.000000,-120.000000
2716,800.000000,-120.000000
2717,760.000000,-120.000000
2718,760.000000,-120.000000
2719,720.000000,-120.000000
2720,680.000000,-80.000000
2721,680.000000,-80.000000
2722,640.000000,-120.000000
2723,640.000000,-80.000000
2724,600.000000,-80.000000
2725,560.000000,-80.000000
2726,560.000000,-80.000000
2727,560.000000,-80.000000
2728,480.000000,-80.000000
2729,480.000000,-80.000000
2730,440.000000,-40.000000
2731,440.000000,-40.000000
2732,400.000000,-80.000000
2733,400.000000,-40.000000
2734,360.000000,-40.000000
2735,360.000000,-40.000000
2736,320.000000,-40.000000
2737,280.000000,-40.000000
2738,280.000000,-40.000000
2739,240.000000,-40.000000
2740,240.000000,0.000000
2741,200.000000,-40.000000
2742,160.000000,-40.000000
2743,160.000000,0.000000
2744,120.000000,0.000000
2745,120.000000,0.000000
2746,40.000000,0.000000
2747,80.000000,0.000000
2748,40.000000,0.000000
2749,0.000000,0.000000
2750,0.000000,0.000000
2751,0.000000,0.000000
2752,-80.000000,0.000000
2753,-80.000000,40.000000
2754,-80.000000,40.000000
2755,-120.000000,40.000000
2756,-120.000000,40.000000
2757,-160.000000,40.000000
2758,-200.000000,40.000000
2759,-200.000000,40.000000
2760,-240.000000,40.000000
2761,-280.000000,80.000000
2762,-280.000000,40.000000
2763,-240.000000,80.000000
2764,-320.000000,80.000000
2765,-360.000000,80.000000
2766,-360.000000,80.000000
2767,-400.000000,80.000000
2768,-400.000000,80.000000
2769,-440.000000,80.000000
2770,-440.000000,80.000000
2771,-480.000000,80.000000
2772,-520.000000,80.000000
2773,-520.000000,120.000000
2774,-560.000000,80.000000
2775,-560.000000,120.000000
2776,-600.000000,80.000000
2777,-640.000000,80.000000
2778,-640.000000,120.000000
2779,-680.000000,120.000000
2780,-680.000000,120.000000
2781,-720.000000,120.000000
2782,-760.000000,120.000000
2783,-760.000000,120.000000
2784,-760.000000,120.000000
2785,-800.000000,120.000000
2786,-840.000000,120.000000
2787,-880.000000,160.000000
2788,-880.000000,160.000000
2789,-880.000000,160.000000
2790,-920.000000,160.000000
2791,-920.000000,160.000000
2792,-960.000000,160.000000
2793,-1000.000000,160.000000
2794,-1000.000000,200.000000
2795,-1000.000000,160.000000
2796,-1040.000000,160.000000
2797,-1040.000000,200.000000
2798,-1120.000000,160.000000
2799,-1080.000000,200.000000
2800,-1120.000000,200.000000
2801,-1160.000000,200.000000
2802,-1160.000000,200.000000
2803,-1200.000000,200.000000
2804,-1200.000000,200.000000
2805,-1200.000000,200.000000
2806,-1240.000000,200.000000
2807,-1280.000000,200.000000
2808,-1320.000000,200.000000
2809,-1320.000000,200.000000
2810,-1360.000000,240.000000
2811,-1360.000000,240.000000
2812,-1400.000000,240.000000
2813,-1400.000000,240.000000
2814,-1400.000000,240.000000
2815,-1440.000000,240.000000
2816,-1440.000000,240.000000
2817,-1480.000000,240.000000
2818,-1480.000000,280.000000
2819,-1520.000000,240.000000
2820,-1560.000000,240.000000
2821,-1560.000000,240.000000
2822,-1560.000000,280.000000
2823,-1600.000000,240.000000
2824,-1640.000000,280.000000
2825,-1640.000000,280.000000
2826,-1680.000000,280.000000
2827,-1680.000000,280.000000
2828,-1680.000000,280.000000
2829,-1720.000000,280.000000
2830,-1720.000000,280.000000
2831,-1720.000000,280.000000
2832,-1760.000000,280.000000
2833,-1800.000000,280.000000
2834,-1800.000000,320.000000
2835,-1840.000000,320.000000
2836,-1840.000000,280.000000
2837,-1840.000000,280.000000
2838,-1880.000000,280.000000
2839,-1920.000000,320.000000
2840,-1920.000000,320.000000
2841,-1920.000000,320.000000
2842,-1960.000000,320.000000
2843,-1960.000000,320.000000
2844,-1960.000000,320.000000
2845,-2000.000000,320.000000
2846,-2040.000000,320.000000
2847,-2040.000000,320.000000
2848,-2040.000000,320.000000
2849,-2040.000000,320.000000
2850,-2080.000000,360.000000
2851,-2120.000000,320.000000
2852,-2120.000000,360.000000
2853,-2160.000000,360.000000
2854,-2160.000000,360.000000
2855,-2160.000000,360.000000
2856,-2160.000000,360.000000
2857,-2200.000000,360.000000
2858,-2200.000000,360.000000
2859,-2200.000000,360.000000
2860,-2240.000000,360.000000
2861,-2280.000000,400.000000
2862,-2280.000000,400.000000
2863,-2320.000000,400.000000
2864,-2320.000000,360.000000
2865,-2320.000000,360.000000
2866,-2320.000000,400.000000
2867,-2360.000000,400.000000
2868,-2360.000000,400.000000
2869,-2360.000000,360.000000
2870,-2400.000000,400.000000
2871,-2400.000000,400.000000
2872,-2440.000000,400.000000
2873,-2440.000000,400.000000
2874,-2440.000000,400.000000
2875,-2480.000000,400.000000
2876,-2480.000000,400.000000
2877,-2520.000000,400.000000
2878,-2480.000000,400.000000
2879,-2520.000000,400.000000
2880,-2520.000000,400.000000
2881,-2560.000000,400.000000
2882,-2560.000000,440.000000
2883,-2600.000000,400.000000
2884,-2600.000000,400.000000
2885,-2600.000000,400.000000
2886,-2600.000000,400.000000
2887,-2600.000000,440.000000
2888,-2640.000000,400.000000
2889,-2680.000000,440.000000
2890,-2680.000000,440.000000
2891,-2680.000000,440.000000
2892,-2680.000000,440.000000
2893,-2720.000000,440.000000
2894,-2720.000000,440.000000
2895,-2720.000000,440.000000
2896,-2760.000000,440.000000
2897,-2760.000000,440.000000
2898,-2760.000000,440.000000
2899,-2760.000000,440.000000
2900,-2760.000000,440.000000
2901,-2800.000000,440.000000
2902,-2800.000000,440.000000
2903,-2800.000000,480.000000
2904,-2800.000000,440.000000
2905,-2840.000000,440.000000
2906,-2840.000000,440.000000
2907,-2840.000000,480.000000
2908,-2840.000000,480.000000
2909,-2840.000000,440.000000
2910,-2880.000000,440.000000
2911,-2880.000000,440.000000
2912,-2880.000000,480.000000
2913,-2920.000000,480.000000
2914,-2920.000000,480.000000
2915,-2920.000000,480.000000
2916,-2920.000000,480.000000
2917,-2920.000000,480.000000
2918,-2920.000000,480.000000
2919,-2920.000000,480.000000
2920,-2920.000000,480.000000
2921,-2960.000000,480.000000
2922,-2960.000000,440.000000
2923,-2960.000000,480.000000
2924,-2960.000000,480.000000
2925,-3000.000000,480.000000
2926,-3000.000000,480.000000
2927,-3000.000000,480.000000
2928,-3000.000000,480.000000
2929,-3000.000000,440.000000
2930,-3000.000000,480.000000
2931,-3040.000000,480.000000
2932,-3040.000000,480.000000
2933,-3040.000000,480.000000
2934,-3040.000000,480.000000
2935,-3040.000000,480.000000
2936,-3040.000000,480.000000
2937,-3040.000000,480.000000
2938,-3080.000000,480.000000
2939,-3040.000000,520.000000
2940,-3040.000000,480.000000
2941,-3040.000000,520.000000
2942,-3040.000000,480.000000
2943,-3080.000000,480.000000
2944,-3080.000000,480.000000
2945,-3040.000000,480.000000
2946,-3080.000000,480.000000
2947,-3080.000000,480.000000
2948,-3080.000000,480.000000
2949,-3080.000000,480.000000
2950,-3080.000000,480.000000
2951,-3080.000000,480.000000
2952,-3080.000000,480.000000
2953,-3080.000000,480.000000
2954,-3080.000000,520.000000
2955,-3080.000000,480.000000
2956,-3080.000000,480.000000
2957,-3080.000000,520.000000
2958,-3080.000000,480.000000
2959,-3080.000000,520.000000
2960,-3080.000000,480.000000
2961,-3080.000000,480.000000
2962,-3080.000000,480.000000
2963,-3080.000000,480.000000
2964,-3080.000000,480.000000
2965,-3080.000000,480.000000
2966,-3080.000000,480.000000
2967,-3080.000000,480.000000
2968,-3080.000000,480.000000
2969,-3080.000000,480.000000
2970,-3080.000000,520.000000
2971,-3080.000000,520.000000
2972,-3080.000000,480.000000
2973,-3080.000000,480.000000
2974,-3080.000000,480.000000
2975,-3080.000000,480.000000
2976,-3040.000000,480.000000
2977,-3080.000000,480.000000
2978,-3040.000000,480.000000
2979,-3040.000000,480.000000
2980,-3040.000000,480.000000
2981,-3000.000000,480.000000
2982,-3040.000000,480.000000
2983,-3040.000000,440.000000
2984,-3040.000000,480.000000
2985,-3040.000000,480.000000
2986,-3040.000000,480.000000
2987,-3000.000000,480.000000
2988,-3000.000000,480.000000
2989,-3000.000000,480.000000
2990,-3000.000000,480.000000
2991,-3000.000000,480.000000
2992,-3000.000000,440.000000
2993,-2960.000000,480.000000
2994,-2960.000000,440.000000
2995,-2960.000000,480.000000
2996,-2960.000000,440.000000
2997,-2960.000000,480.000000
2998,-2960.000000,480.000000
2999,-2920.000000,440.000000
3000,-2960.000000,480.000000
3001,-2920.000000,480.000000
3002,-2920.000000,480.000000
3003,-2920.000000,480.000000
3004,-2920.000000,440.000000
3005,-2920.000000,440.000000
3006,-2880.000000,440.000000
3007,-2880.000000,480.000000
3008,-2880.000000,440.000000
3009,-2840.000000,480.000000
3010,-2840.000000,440.000000
3011,-2880.000000,440.000000
3012,-2840.000000,440.000000
3013,-2840.000000,440.000000
3014,-2800.000000,440.000000
3015,-2800.000000,440.000000
3016,-2800.000000,440.000000
3017,-2800.000000,440.000000
3018,-2800.000000,440.000000
3019,-2800.000000,440.000000
3020,-2760.000000,440.000000
3021,-2760.000000,440.000000
3022,-2760.000000,400.000000
3023,-2720.000000,440.000000
3024,-2720.000000,400.000000
3025,-2720.000000,400.000000
3026,-2680.000000,400.000000
3027,-2720.000000,440.000000
3028,-2720.000000,440.000000
3029,-2680.000000,440.000000
3030,-2680.000000,400.000000
3031,-2640.000000,440.000000
3032,-2640.000000,440.000000
3033,-2640.000000,400.000000
3034,-2600.000000,400.000000
3035,-2600.000000,400.000000
3036,-2600.000000,400.000000
3037,-2560.000000,400.000000
3038,-2560.000000,400.000000
3039,-2520.000000,400.000000
3040,-2560.000000,400.000000
3041,-2520.000000,400.000000
3042,-2480.000000,360.000000
3043,-2480.000000,400.000000
3044,-2480.000000,400.000000
3045,-2480.000000,360.000000
3046,-2440.000000,360.000000
3047,-2440.000000,360.000000
3048,-2400.000000,400.000000
3049,-2400.000000,360.000000
3050,-2400.000000,360.000000
3051,-2360.000000,360.000000
3052,-2360.000000,360.000000
3053,-2320.000000,360.000000
3054,-2320.000000,360.000000
3055,-2320.000000,360.000000
3056,-2280.000000,360.000000
3057,-2280.000000,360.000000
3058,-2280.000000,320.000000
3059,-2240.000000,360.000000
3060,-2240.000000,320.000000
3061,-2200.000000,360.000000
3062,-2200.000000,360.000000
3063,-2160.000000,360.000000
3064,-2160.000000,320.000000
3065,-2160.000000,320.000000
3066,-2160.000000,360.000000
3067,-2120.000000,320.000000
3068,-2120.000000,320.000000
3069,-2120.000000,320.000000
3070,-2080.000000,320.000000
3071,-2040.000000,320.000000
3072,-2040.000000,320.000000
3073,-2040.000000,320.000000
3074,-2000.000000,320.000000
3075,-2000.000000,320.000000
3076,-1960.000000,320.000000
3077,-1960.000000,320.000000
3078,-1920.000000,280.000000
3079,-1920.000000,280.000000
3080,-1920.000000,280.000000
3081,-1880.000000,280.000000
3082,-1880.000000,280.000000
3083,-1840.000000,280.000000
3084,-1840.000000,280.000000
3085,-1800.000000,280.000000
3086,-1800.000000,280.000000
3087,-1800.000000,280.000000
3088,-1760.000000,280.000000
3089,-1720.000000,280.000000
3090,-1720.000000,280.000000
3091,-1680.000000,240.000000
3092,-1680.000000,280.000000
3093,-1640.000000,240.000000
3094,-1640.000000,240.000000
3095,-1600.000000,240.000000
3096,-1600.000000,240.000000
3097,-1600.000000,240.000000
3098,-1560.000000,240.000000
3099,-1560.000000,240.000000
3100,-1520.000000,240.000000
3101,-1480.000000,240.000000
3102,-1480.000000,240.000000
3103,-1480.000000,200.000000
3104,-1440.000000,240.000000
3105,-1440.000000,200.000000
3106,-1400.000000,200.000000
3107,-1360.000000,200.000000
3108,-1360.000000,200.000000
3109,-1360.000000,200.000000
3110,-1320.000000,200.000000
3111,-1320.000000,200.000000
3112,-1280.000000,200.000000
3113,-1280.000000,200.000000
3114,-1240.000000,200.000000
3115,-1200.000000,200.000000
3116,-1160.000000,200.000000
3117,-1160.000000,160.000000
3118,-1160.000000,160.000000
3119,-1120.000000,200.000000
3120,-1120.000000,160.000000
3121,-1080.000000,160.000000
3122,-1080.000000,160.000000
3123,-1040.000000,160.000000
3124,-1040.000000,160.000000
3125,-1040.000000,160.000000
3126,-960.000000,160.000000
3127,-960.000000,160.000000
3128,-960.000000,120.000000
3129,-920.000000,160.000000
3130,-880.000000,120.000000
3131,-880.000000,120.000000
3132,-880.000000,120.000000
3133,-840.000000,120.000000
3134,-800.000000,120.000000
3135,-800.000000,120.000000
3136,-760.000000,120.000000
3137,-760.000000,120.000000
3138,-720.000000,80.000000
3139,-680.000000,80.000000
3140,-680.000000,80.000000
3141,-680.000000,80.000000
3142,-600.000000,120.000000
3143,-640.000000,80.000000
3144,-600.000000,80.000000
3145,-560.000000,80.000000
3146,-560.000000,80.000000
3147,-520.000000,40.000000
3148,-480.000000,40.000000
3149,-480.000000,40.000000
3150,-440.000000,40.000000
3151,-400.000000,40.000000
3152,-400.000000,40.000000
3153,-400.000000,40.000000
3154,-360.000000,40.000000
3155,-320.000000,40.000000
3156,-320.000000,40.000000
3157,-320.000000,40.000000
3158,-320.000000,40.000000
3159,-240.000000,0.000000
3160,-240.000000,40.000000
3161,-200.000000,0.000000
3162,-160.000000,0.000000
3163,-120.000000,0.000000
3164,-120.000000,0.000000
3165,-80.000000,0.000000
3166,-80.000000,0.000000
3167,-40.000000,0.000000
3168,-40.000000,0.000000
3169,0.000000,0.000000
3170,0.000000,0.000000
3171,40.000000,0.000000
3172,80.000000,-40.000000
3173,80.000000,-40.000000
3174,80.000000,-40.000000
3175,120.000000,-40.000000
3176,120.000000,-40.000000
3177,160.000000,-40.000000
3178,200.000000,-40.000000
3179,200.000000,-40.000000
3180,240.000000,-40.000000
3181,280.000000,-40.000000
3182,280.000000,-80.000000
3183,320.000000,-80.000000
3184,320.000000,-40.000000
3185,360.000000,-80.000000
3186,400.000000,-80.000000
3187,400.000000,-80.000000
3188,440.000000,-80.000000
3189,440.000000,-80.000000
3190,480.000000,-80.000000
3191,480.000000,-80.000000
3192,520.000000,-80.000000
3193,560.000000,-120.000000
3194,560.000000,-120.000000
3195,600.000000,-120.000000
3196,640.000000,-120.000000
3197,640.000000,-120.000000
3198,640.000000,-120.000000
3199,720.000000,-120.000000
3200,720.000000,-120.000000
3201,760.000000,-120.000000
3202,760.000000,-120.000000
3203,760.000000,-120.000000
3204,800.000000,-160.000000
3205,840.000000,-120.000000
3206,800.000000,-120.000000
3207,880.000000,-120.000000
3208,880.000000,-160.000000
3209,880.000000,-160.000000
3210,920.000000,-160.000000
3211,960.000000,-160.000000
3212,960.000000,-160.000000
3213,1000.000000,-200.000000
3214,1000.000000,-160.000000
3215,1040.000000,-160.000000
3216,1080.000000,-160.000000
3217,1080.000000,-160.000000
3218,1080.000000,-200.000000
3219,1120.000000,-200.000000
3220,1160.000000,-160.000000
3221,1160.000000,-200.000000
3222,1200.000000,-200.000000
3223,1240.000000,-200.000000
3224,1240.000000,-200.000000
3225,1240.000000,-200.000000
3226,1280.000000,-200.000000
3227,1280.000000,-200.000000
3228,1280.000000,-200.000000
3229,1320.000000,-240.000000
3230,1360.000000,-240.000000
3231,1400.000000,-240.000000
3232,1400.000000,-240.000000
3233,1440.000000,-240.000000
3234,1440.000000,-240.000000
3235,1440.000000,-240.000000
3236,1440.000000,-280.000000
3237,1480.000000,-240.000000
3238,1520.000000,-280.000000
3239,1520.000000,-240.000000
3240,1560.000000,-240.000000
3241,1600.000000,-280.000000
3242,1560.000000,-280.000000
3243,1600.000000,-240.000000
3244,1640.000000,-280.000000
3245,1640.000000,-280.000000
3246,1680.000000,-280.000000
3247,1720.000000,-320.000000
3248,1720.000000,-280.000000
3249,1720.000000,-280.000000
3250,1760.000000,-280.000000
3251,1760.000000,-320.000000
3252,1800.000000,-280.000000
3253,1800.000000,-280.000000
3254,1840.000000,-320.000000
3255,1840.000000,-320.000000
3256,1840.000000,-320.000000
3257,1880.000000,-320.000000
3258,1920.000000,-360.000000
3259,1920.000000,-320.000000
3260,1920.000000,-320.000000
3261,1960.000000,-360.000000
3262,1960.000000,-320.000000
3263,1960.000000,-320.000000
3264,2000.000000,-320.000000
3265,2000.000000,-320.000000
3266,2040.000000,-360.000000
3267,2040.000000,-360.000000
3268,2080.000000,-320.000000
3269,2080.000000,-360.000000
3270,2120.000000,-360.000000
3271,2120.000000,-360.000000
3272,2160.000000,-360.000000
3273,2160.000000,-360.000000
3274,2160.000000,-360.000000
3275,2160.000000,-360.000000
3276,2200.000000,-400.000000
3277,2240.000000,-360.000000
3278,2240.000000,-360.000000
3279,2280.000000,-360.000000
3280,2280.000000,-360.000000
3281,2320.000000,-400.000000
3282,2320.000000,-400.000000
3283,2320.000000,-400.000000
3284,2320.000000,-400.000000
3285,2320.000000,-400.000000
3286,2360.000000,-400.000000
3287,2360.000000,-400.000000
3288,2360.000000,-440.000000
3289,2400.000000,-400.000000
3290,2400.000000,-400.000000
3291,2440.000000,-400.000000
3292,2440.000000,-400.000000
3293,2440.000000,-400.000000
3294,2480.000000,-400.000000
3295,2480.000000,-400.000000
3296,2520.000000,-400.000000
3297,2480.000000,-400.000000
3298,2520.000000,-440.000000
3299,2560.000000,-400.000000
3300,2560.000000,-400.000000
3301,2560.000000,-400.000000
3302,2560.000000,-440.000000
3303,2600.000000,-440.000000
3304,2600.000000,-440.000000
3305,2600.000000,-440.000000
3306,2600.000000,-440.000000
3307,2640.000000,-400.000000
3308,2640.000000,-440.000000
3309,2640.000000,-440.000000
3310,2680.000000,-440.000000
3311,2680.000000,-440.000000
3312,2680.000000,-480.000000
3313,2680.000000,-440.000000
3314,2680.000000,-440.000000
3315,2720.000000,-440.000000
3316,2760.000000,-480.000000
3317,2760.000000,-440.000000
3318,2760.000000,-440.000000
3319,2800.000000,-440.000000
3320,2760.000000,-480.000000
3321,2800.000000,-440.000000
3322,2800.000000,-480.000000
3323,2800.000000,-440.000000
3324,2800.000000,-440.000000
3325,2800.000000,-440.000000
3326,2840.000000,-480.000000
3327,2800.000000,-440.000000
3328,2840.000000,-440.000000
3329,2840.000000,-480.000000
3330,2880.000000,-480.000000
3331,2880.000000,-480.000000
3332,2880.000000,-440.000000
3333,2880.000000,-480.000000
3334,2880.000000,-480.000000
3335,2880.000000,-440.000000
3336,2920.000000,-480.000000
3337,2920.000000,-480.000000
3338,2920.000000,-480.000000
3339,2920.000000,-440.000000
3340,2920.000000,-480.000000
3341,2960.000000,-480.000000
3342,2960.000000,-480.000000
3343,2960.000000,-480.000000
3344,2960.000000,-480.000000
3345,2960.000000,-480.000000
3346,2960.000000,-480.000000
3347,2960.000000,-480.000000
3348,2960.000000,-480.000000
3349,2960.000000,-520.000000
3350,2960.000000,-480.000000
3351,3000.000000,-480.000000
3352,3000.000000,-480.000000
3353,3000.000000,-480.000000
3354,3000.000000,-520.000000
3355,3000.000000,-520.000000
3356,3000.000000,-480.000000
3357,3000.000000,-480.000000
3358,3000.000000,-480.000000
3359,3040.000000,-480.000000
3360,3040.000000,-480.000000
3361,3040.000000,-480.000000
3362,3040.000000,-480.000000
3363,3040.000000,-480.000000
3364,3040.000000,-480.000000
3365,3040.000000,-520.000000
3366,3040.000000,-480.000000
3367,3040.000000,-480.000000
3368,3040.000000,-480.000000
3369,3080.000000,-480.000000
3370,3040.000000,-480.000000
3371,3040.000000,-480.000000
3372,3040.000000,-480.000000
3373,3040.000000,-480.000000
3374,3040.000000,-520.000000
3375,3040.000000,-480.000000
3376,3040.000000,-480.000000
3377,3040.000000,-480.000000
3378,3040.000000,-480.000000
3379,3040.000000,-480.000000
3380,3040.000000,-480.000000
3381,3000.000000,-480.000000
3382,3040.000000,-480.000000
3383,3040.000000,-480.000000
3384,3040.000000,-480.000000
3385,3040.000000,-480.000000
3386,3040.000000,-480.000000
3387,3040.000000,-480.000000
3388,3040.000000,-480.000000
3389,3040.000000,-480.000000
3390,3040.000000,-480.000000
3391,3040.000000,-520.000000
3392,3000.000000,-480.000000
3393,3040.000000,-520.000000
3394,3040.000000,-480.000000
3395,3040.000000,-480.000000
3396,3000.000000,-480.000000
3397,3000.000000,-480.000000
3398,3000.000000,-480.000000
3399,3000.000000,-480.000000
3400,3000.000000,-480.000000
3401,2960.000000,-480.000000
3402,2960.000000,-480.000000
3403,3000.000000,-480.000000
3404,2960.000000,-480.000000
3405,3000.000000,-480.000000
3406,2960.000000,-480.000000
3407,2960.000000,-480.000000
3408,2960.000000,-480.000000
3409,2960.000000,-480.000000
3410,2920.000000,-480.000000
3411,2960.000000,-480.000000
3412,2920.000000,-480.000000
3413,2920.000000,-440.000000
3414,2920.000000,-480.000000
3415,2920.000000,-440.000000
3416,2920.000000,-480.000000
3417,2920.000000,-480.000000
3418,2920.000000,-480.000000
3419,2920.000000,-480.000000
3420,2880.000000,-440.000000
3421,2880.000000,-440.000000
3422,2840.000000,-440.000000
3423,2840.000000,-480.000000
3424,2840.000000,-440.000000
3425,2840.000000,-480.000000
3426,2840.000000,-440.000000
3427,2840.000000,-440.000000
3428,2800.000000,-440.000000
3429,2800.000000,-480.000000
3430,2800.000000,-440.000000
3431,2760.000000,-440.000000
3432,2800.000000,-440.000000
3433,2760.000000,-440.000000
3434,2760.000000,-440.000000
3435,2760.000000,-440.000000
3436,2760.000000,-440.000000
3437,2760.000000,-440.000000
3438,2720.000000,-440.000000
3439,2720.000000,-440.000000
3440,2720.000000,-440.000000
3441,2680.000000,-440.000000
3442,2720.000000,-400.000000
3443,2680.000000,-440.000000
3444,2640.000000,-440.000000
3445,2640.000000,-440.000000
3446,2640.000000,-400.000000
3447,2600.000000,-440.000000
3448,2600.000000,-400.000000
3449,2600.000000,-400.000000
3450,2600.000000,-400.000000
3451,2560.000000,-440.000000
3452,2560.000000,-400.000000
3453,2560.000000,-400.000000
3454,2560.000000,-400.000000
3455,2520.000000,-400.000000
3456,2480.000000,-400.000000
3457,2480.000000,-400.000000
3458,2480.000000,-400.000000
3459,2480.000000,-400.000000
3460,2480.000000,-360.000000
3461,2440.000000,-400.000000
3462,2440.000000,-400.000000
3463,2440.000000,-360.000000
3464,2400.000000,-400.000000
3465,2400.000000,-400.000000
3466,2360.000000,-360.000000
3467,2360.000000,-360.000000
3468,2360.000000,-360.000000
3469,2320.000000,-360.000000
3470,2320.000000,-400.000000
3471,2280.000000,-360.000000
3472,2280.000000,-360.000000
3473,2280.000000,-360.000000
3474,2240.000000,-360.000000
3475,2240.000000,-360.000000
3476,2200.000000,-360.000000
3477,2200.000000,-320.000000
3478,2200.000000,-360.000000
3479,2160.000000,-320.000000
3480,2160.000000,-320.000000
3481,2120.000000,-360.000000
3482,2120.000000,-360.000000
3483,2080.000000,-320.000000
3484,2080.000000,-320.000000
3485,2040.000000,-320.000000
3486,2040.000000,-320.000000
3487,2040.000000,-320.000000
3488,2000.000000,-320.000000
3489,1960.000000,-320.000000
3490,1960.000000,-320.000000
3491,1960.000000,-280.000000
3492,1960.000000,-320.000000
3493,1920.000000,-280.000000
3494,1920.000000,-320.000000
3495,1880.000000,-280.000000
3496,1880.000000,-280.000000
3497,1840.000000,-280.000000
3498,1840.000000,-280.000000
3499,1800.000000,-280.000000
3500,1800.000000,-280.000000
3501,1800.000000,-240.000000
3502,1760.000000,-280.000000
3503,1760.000000,-240.000000
3504,1720.000000,-280.000000
3505,1680.000000,-280.000000
3506,1680.000000,-240.000000
3507,1640.000000,-280.000000
3508,1640.000000,-240.000000
3509,1600.000000,-240.000000
3510,1600.000000,-280.000000
3511,1560.000000,-240.000000
3512,1560.000000,-240.000000
3513,1560.000000,-240.000000
3514,1520.000000,-240.000000
3515,1520.000000,-200.000000
3516,1480.000000,-240.000000
3517,1440.000000,-240.000000
3518,1440.000000,-240.000000
3519,1440.000000,-200.000000
3520,1400.000000,-200.000000
3521,1400.000000,-200.000000
3522,1360.000000,-200.000000
3523,1320.000000,-200.000000
3524,1320.000000,-200.000000
3525,1280.000000,-200.000000
3526,1280.000000,-200.000000
3527,1280.000000,-200.000000
3528,1240.000000,-200.000000
3529,1240.000000,-200.000000
3530,1200.000000,-200.000000
3531,1200.000000,-160.000000
3532,1160.000000,-160.000000
3533,1160.000000,-160.000000
3534,1120.000000,-160.000000
3535,1080.000000,-160.000000
3536,1040.000000,-160.000000
3537,1080.000000,-160.000000
3538,1040.000000,-160.000000
3539,1000.000000,-160.000000
3540,1000.000000,-160.000000
3541,960.000000,-160.000000
3542,960.000000,-120.000000
3543,920.000000,-120.000000
3544,880.000000,-120.000000
3545,880.000000,-160.000000
3546,840.000000,-120.000000
3547,880.000000,-120.000000
3548,840.000000,-120.000000
3549,800.000000,-120.000000
3550,760.000000,-120.000000
3551,760.000000,-120.000000
3552,720.000000,-80.000000
3553,720.000000,-120.000000
3554,680.000000,-80.000000
3555,680.000000,-80.000000
3556,640.000000,-80.000000
3557,600.000000,-80.000000
3558,600.000000,-80.000000
3559,560.000000,-80.000000
3560,560.000000,-40.000000
3561,520.000000,-80.000000
3562,480.000000,-80.000000
3563,480.000000,-80.000000
3564,440.000000,0.000000
3565,400.000000,-40.000000
3566,400.000000,-40.000000
3567,360.000000,-40.000000
3568,360.000000,-40.000000
3569,320.000000,-40.000000
3570,280.000000,-40.000000
3571,280.000000,-40.000000
3572,240.000000,-40.000000
3573,200.000000,-40.000000
3574,200.000000,-40.000000
3575,200.000000,0.000000
3576,160.000000,0.000000
3577,120.000000,0.000000
3578,120.000000,0.000000
3579,80.000000,0.000000
3580,80.000000,0.000000
3581,40.000000,0.000000
3582,0.000000,0.000000
3583,0.000000,0.000000
3584,0.000000,0.000000
3585,-40.000000,0.000000
3586,-80.000000,0.000000
3587,-80.000000,40.000000
3588,-120.000000,40.000000
3589,-120.000000,40.000000
3590,-160.000000,0.000000
3591,-160.000000,40.000000
3592,-200.000000,40.000000
3593,-240.000000,80.000000
3594,-240.000000,40.000000
3595,-280.000000,40.000000
3596,-280.000000,40.000000
3597,-320.000000,40.000000
3598,-320.000000,80.000000
3599,-320.000000,80.000000
3600,-400.000000,80.000000
3601,-400.000000,80.000000
3602,-440.000000,80.000000
3603,-440.000000,80.000000
3604,-480.000000,80.000000
3605,-520.000000,120.000000
3606,-520.000000,80.000000
3607,-560.000000,80.000000
3608,-560.000000,120.000000
3609,-600.000000,80.000000
3610,-600.000000,80.000000
3611,-640.000000,120.000000
3612,-680.000000,120.000000
3613,-680.000000,120.000000
3614,-680.000000,120.000000
3615,-720.000000,120.000000
3616,-760.000000,160.000000
3617,-800.000000,120.000000
3618,-800.000000,120.000000
3619,-840.000000,160.000000
3620,-840.000000,120.000000
3621,-880.000000,160.000000
3622,-880.000000,160.000000
3623,-920.000000,160.000000
3624,-920.000000,160.000000
3625,-960.000000,160.000000
3626,-1000.000000,160.000000
3627,-1000.000000,160.000000
3628,-1040.000000,160.000000
3629,-1080.000000,160.000000
3630,-1040.000000,160.000000
3631,-1080.000000,200.000000
3632,-1120.000000,160.000000
3633,-1120.000000,160.000000
3634,-1160.000000,200.000000
3635,-1160.000000,200.000000
3636,-1160.000000,200.000000
3637,-1200.000000,200.000000
3638,-1240.000000,200.000000
3639,-1280.000000,200.000000
3640,-1280.000000,200.000000
3641,-1280.000000,200.000000
3642,-1280.000000,240.000000
3643,-1320.000000,240.000000
3644,-1360.000000,200.000000
3645,-1360.000000,240.000000
3646,-1400.000000,240.000000
3647,-1440.000000,240.000000
3648,-1440.000000,240.000000
3649,-1440.000000,240.000000
3650,-1480.000000,240.000000
3651,-1480.000000,240.000000
3652,-1520.000000,240.000000
3653,-1520.000000,240.000000
3654,-1520.000000,240.000000
3655,-1560.000000,280.000000
3656,-1600.000000,280.000000
3657,-1600.000000,280.000000
3658,-1640.000000,280.000000
3659,-1640.000000,280.000000
3660,-1640.000000,280.000000
3661,-1640.000000,280.000000
3662,-1720.000000,280.000000
3663,-1680.000000,280.000000
3664,-1720.000000,280.000000
3665,-1760.000000,280.000000
3666,-1800.000000,280.000000
3667,-1800.000000,320.000000
3668,-1800.000000,320.000000
3669,-1840.000000,320.000000
3670,-1840.000000,320.000000
3671,-1880.000000,320.000000
3672,-1880.000000,280.000000
3673,-1920.000000,320.000000
3674,-1920.000000,320.000000
3675,-1960.000000,320.000000
3676,-1960.000000,320.000000
3677,-2000.000000,320.000000
3678,-2000.000000,320.000000
3679,-2000.000000,320.000000
3680,-2040.000000,320.000000
3681,-2040.000000,320.000000
3682,-2080.000000,320.000000
3683,-2080.000000,320.000000
3684,-2080.000000,320.000000
3685,-2120.000000,360.000000
3686,-2120.000000,320.000000
3687,-2160.000000,320.000000
3688,-2160.000000,360.000000
3689,-2160.000000,360.000000
3690,-2200.000000,360.000000
3691,-2200.000000,360.000000
3692,-2200.000000,360.000000
3693,-2240.000000,360.000000
3694,-2240.000000,360.000000
3695,-2240.000000,360.000000
3696,-2280.000000,360.000000
3697,-2280.000000,360.000000
3698,-2280.000000,360.000000
3699,-2320.000000,360.000000
3700,-2320.000000,360.000000
3701,-2320.000000,400.000000
3702,-2360.000000,400.000000
3703,-2400.000000,400.000000
3704,-2440.000000,400.000000
3705,-2440.000000,400.000000
3706,-2440.000000,400.000000
3707,-2440.000000,400.000000
3708,-2480.000000,400.000000
3709,-2480.000000,400.000000
3710,-2480.000000,400.000000
3711,-2480.000000,400.000000
3712,-2520.000000,400.000000
3713,-2560.000000,440.000000
3714,-2560.000000,400.000000
3715,-2560.000000,400.000000
3716,-2560.000000,400.000000
3717,-2600.000000,440.000000
3718,-2600.000000,400.000000
3719,-2600.000000,440.000000
3720,-2640.000000,440.000000
3721,-2640.000000,400.000000
3722,-2680.000000,440.000000
3723,-2680.000000,440.000000
3724,-2680.000000,440.000000
3725,-2720.000000,440.000000
3726,-2680.000000,440.000000
3727,-2720.000000,440.000000
3728,-2720.000000,440.000000
3729,-2720.000000,440.000000
3730,-2720.000000,440.000000
3731,-2760.000000,440.000000
3732,-2760.000000,440.000000
3733,-2760.000000,440.000000
3734,-2800.000000,440.000000
3735,-2800.000000,440.000000
3736,-2800.000000,440.000000
3737,-2800.000000,440.000000
3738,-2800.000000,440.000000
3739,-2840.000000,440.000000
3740,-2840.000000,440.000000
3741,-2840.000000,440.000000
3742,-2880.000000,440.000000
3743,-2880.000000,480.000000
3744,-2880.000000,440.000000
3745,-2880.000000,440.000000
3746,-2880.000000,440.000000
3747,-2880.000000,440.000000
3748,-2880.000000,480.000000
3749,-2920.000000,480.000000
3750,-2920.000000,480.000000
3751,-2920.000000,480.000000
3752,-2920.000000,480.000000
3753,-2920.000000,480.000000
3754,-2960.000000,480.000000
3755,-2960.000000,480.000000
3756,-2960.000000,480.000000
3757,-2960.000000,480.000000
3758,-2960.000000,480.000000
3759,-2960.000000,480.000000
3760,-3000.000000,480.000000
3761,-3000.000000,480.000000
3762,-3000.000000,480.000000
3763,-3000.000000,440.000000
3764,-3000.000000,520.000000
3765,-3000.000000,480.000000
3766,-3000.000000,480.000000
3767,-3000.000000,480.000000
3768,-3000.000000,480.000000
3769,-3000.000000,480.000000
3770,-3080.000000,480.000000
3771,-3040.000000,480.000000
3772,-3040.000000,480.000000
3773,-3040.000000,440.000000
3774,-3040.000000,480.000000
3775,-3040.000000,480.000000
3776,-3040.000000,480.000000
3777,-3080.000000,480.000000
3778,-3080.000000,480.000000
3779,-3080.000000,480.000000
3780,-3080.000000,480.000000
3781,-3080.000000,480.000000
3782,-3080.000000,480.000000
3783,-3080.000000,480.000000
3784,-3080.000000,480.000000
3785,-3080.000000,480.000000
3786,-3080.000000,480.000000
3787,-3080.000000,480.000000
3788,-3120.000000,480.000000
3789,-3120.000000,480.000000
3790,-3080.000000,480.000000
3791,-3080.000000,480.000000
3792,-3080.000000,440.000000
3793,-3080.000000,480.000000
3794,-3080.000000,480.000000
3795,-3080.000000,480.000000
3796,-3080.000000,480.000000
3797,-3080.000000,480.000000
3798,-3080.000000,480.000000
3799,-3080.000000,520.000000
3800,-3080.000000,480.000000
3801,-3080.000000,480.000000
3802,-3080.000000,440.000000
3803,-3080.000000,480.000000
3804,-3040.000000,480.000000
3805,-3080.000000,480.000000
3806,-3040.000000,480.000000
3807,-3080.000000,480.000000
3808,-3040.000000,480.000000
3809,-3040.000000,480.000000
3810,-3040.000000,480.000000
3811,-3040.000000,480.000000
3812,-3040.000000,480.000000
3813,-3040.000000,480.000000
3814,-3040.000000,440.000000
3815,-3040.000000,480.000000
3816,-3040.000000,480.000000
3817,-3040.000000,480.000000
3818,-3040.000000,480.000000
3819,-3000.000000,480.000000
3820,-3000.000000,480.000000
3821,-3000.000000,480.000000
3822,-3000.000000,480.000000
3823,-3040.000000,480.000000
3824,-3040.000000,480.000000
3825,-3000.000000,480.000000
3826,-3000.000000,480.000000
3827,-2960.000000,480.000000
3828,-3000.000000,440.000000
3829,-2960.000000,480.000000
3830,-2960.000000,440.000000
3831,-2960.000000,440.000000
3832,-2960.000000,440.000000
3833,-2920.000000,480.000000
3834,-2960.000000,480.000000
3835,-2920.000000,440.000000
3836,-2920.000000,440.000000
3837,-2920.000000,440.000000
3838,-2880.000000,440.000000
3839,-2960.000000,440.000000
3840,-2880.000000,440.000000
3841,-2840.000000,440.000000
3842,-2880.000000,440.000000
3843,-2840.000000,440.000000
3844,-2840.000000,440.000000
3845,-2840.000000,440.000000
3846,-2840.000000,440.000000
3847,-2840.000000,440.000000
3848,-2840.000000,440.000000
3849,-2800.000000,440.000000
3850,-2800.000000,440.000000
3851,-2760.000000,440.000000
3852,-2760.000000,440.000000
3853,-2760.000000,440.000000
3854,-2800.000000,440.000000
3855,-2760.000000,440.000000
3856,-2760.000000,400.000000
3857,-2720.000000,440.000000
3858,-2680.000000,440.000000
3859,-2720.000000,440.000000
3860,-2720.000000,400.000000
3861,-2680.000000,440.000000
3862,-2680.000000,440.000000
3863,-2640.000000,400.000000
3864,-2640.000000,400.000000
3865,-2640.000000,440.000000
3866,-2640.000000,400.000000
3867,-2600.000000,440.000000
3868,-2600.000000,400.000000
3869,-2560.000000,400.000000
3870,-2560.000000,400.000000
3871,-2560.000000,400.000000
3872,-2520.000000,400.000000
3873,-2520.000000,400.000000
3874,-2520.000000,400.000000
3875,-2520.000000,360.000000
3876,-2480.000000,400.000000
3877,-2480.000000,400.000000
3878,-2480.000000,360.000000
3879,-2440.000000,360.000000
3880,-2440.000000,360.000000
3881,-2440.000000,400.000000
3882,-2440.000000,360.000000
3883,-2400.000000,360.000000
3884,-2400.000000,360.000000
3885,-2320.000000,360.000000
3886,-2360.000000,360.000000
3887,-2320.000000,360.000000
3888,-2320.000000,360.000000
3889,-2280.000000,360.000000
3890,-2280.000000,360.000000
3891,-2280.000000,360.000000
3892,-2240.000000,320.000000
3893,-2240.000000,360.000000
3894,-2200.000000,360.000000
3895,-2200.000000,360.000000
3896,-2200.000000,360.000000
3897,-2160.000000,320.000000
3898,-2160.000000,320.000000
3899,-2160.000000,320.000000
3900,-2120.000000,320.000000
3901,-2120.000000,320.000000
3902,-2080.000000,280.000000
3903,-2080.000000,320.000000
3904,-2080.000000,320.000000
3905,-2040.000000,320.000000
3906,-2040.000000,320.000000
3907,-2000.000000,320.000000
3908,-2000.000000,320.000000
3909,-1960.000000,280.000000
3910,-1960.000000,320.000000
3911,-1960.000000,320.000000
3912,-1920.000000,280.000000
3913,-1920.000000,320.000000
3914,-1920.000000,280.000000
3915,-1880.000000,320.000000
3916,-1840.000000,280.000000
3917,-1840.000000,280.000000
3918,-1840.000000,280.000000
3919,-1800.000000,280.000000
3920,-1760.000000,240.000000
3921,-1760.000000,280.000000
3922,-1760.000000,280.000000
3923,-1720.000000,240.000000
3924,-1680.000000,280.000000
3925,-1680.000000,240.000000
3926,-1680.000000,280.000000
3927,-1640.000000,240.000000
3928,-1640.000000,240.000000
3929,-1600.000000,240.000000
3930,-1560.000000,240.000000
3931,-1600.000000,240.000000
3932,-1560.000000,240.000000
3933,-1520.000000,200.000000
3934,-1480.000000,240.000000
3935,-1480.000000,240.000000
3936,-1480.000000,200.000000
3937,-1440.000000,200.000000
3938,-1440.000000,200.000000
3939,-1400.000000,200.000000
3940,-1400.000000,200.000000
3941,-1400.000000,200.000000
3942,-1360.000000,200.000000
3943,-1320.000000,200.000000
3944,-1320.000000,200.000000
3945,-1280.000000,200.000000
3946,-1280.000000,200.000000
3947,-1240.000000,200.000000
3948,-1240.000000,160.000000
3949,-1200.000000,160.000000
3950,-1200.000000,160.000000
3951,-1160.000000,160.000000
3952,-1120.000000,160.000000
3953,-1120.000000,160.000000
3954,-1080.000000,160.000000
3955,-1080.000000,160.000000
3956,-1040.000000,160.000000
3957,-1040.000000,160.000000
3958,-1000.000000,160.000000
3959,-1000.000000,160.000000
3960,-960.000000,160.000000
3961,-960.000000,120.000000
3962,-920.000000,120.000000
3963,-920.000000,120.000000
3964,-880.000000,120.000000
3965,-880.000000,120.000000
3966,-840.000000,120.000000
3967,-800.000000,120.000000
3968,-800.000000,120.000000
3969,-760.000000,80.000000
3970,-760.000000,120.000000
3971,-720.000000,80.000000
3972,-720.000000,120.000000
3973,-680.000000,80.000000
3974,-680.000000,80.000000
3975,-640.000000,80.000000
3976,-600.000000,80.000000
3977,-600.000000,80.000000
3978,-560.000000,80.000000
3979,-520.000000,80.000000
3980,-520.000000,80.000000
3981,-520.000000,80.000000
3982,-480.000000,40.000000
3983,-440.000000,80.000000
3984,-440.000000,40.000000
3985,-400.000000,80.000000
3986,-360.000000,40.000000
3987,-360.000000,40.000000
3988,-360.000000,40.000000
3989,-320.000000,40.000000
3990,-320.000000,40.000000
3991,-320.000000,40.000000
3992,-280.000000,40.000000
3993,-200.000000,0.000000
3994,-200.000000,0.000000
3995,-160.000000,0.000000
3996,-160.000000,40.000000
3997,-120.000000,0.000000
3998,-120.000000,0.000000
3999,-80.000000,0.000000
4000,-40.000000,0.000000
4001,-40.000000,0.000000
4002,0.000000,0.000000
4003,0.000000,-40.000000
4004,40.000000,-40.000000
4005,40.000000,-40.000000
4006,80.000000,-40.000000
4007,80.000000,-40.000000
4008,120.000000,-40.000000
4009,120.000000,-40.000000
4010,160.000000,-40.000000
4011,160.000000,-40.000000
4012,240.000000,-80.000000
4013,240.000000,-40.000000
4014,240.000000,-40.000000
4015,280.000000,-80.000000
4016,320.000000,-40.000000
4017,320.000000,-80.000000
4018,360.000000,-40.000000
4019,360.000000,-80.000000
4020,400.000000,-40.000000
4021,440.000000,-80.000000
4022,440.000000,-80.000000
4023,440.000000,-80.000000
4024,480.000000,-80.000000
4025,520.000000,-80.000000
4026,520.000000,-80.000000
4027,560.000000,-80.000000
4028,600.000000,-120.000000
4029,600.000000,-120.000000
4030,640.000000,-120.000000
4031,680.000000,-120.000000
4032,680.000000,-120.000000
4033,680.000000,-120.000000
4034,720.000000,-120.000000
4035,760.000000,-120.000000
4036,760.000000,-120.000000
4037,800.000000,-120.000000
4038,800.000000,-120.000000
4039,840.000000,-120.000000
4040,840.000000,-160.000000
4041,880.000000,-160.000000
4042,920.000000,-160.000000
4043,920.000000,-160.000000
4044,960.000000,-160.000000
4045,960.000000,-160.000000
4046,1000.000000,-160.000000
4047,1000.000000,-160.000000
4048,1000.000000,-160.000000
4049,1040.000000,-160.000000
4050,1040.000000,-160.000000
4051,1080.000000,-160.000000
4052,1120.000000,-160.000000
4053,1120.000000,-200.000000
4054,1160.000000,-200.000000
4055,1200.000000,-200.000000
4056,1240.000000,-200.000000
4057,1240.000000,-200.000000
4058,1240.000000,-200.000000
4059,1280.000000,-240.000000
4060,1280.000000,-240.000000
4061,1320.000000,-200.000000
4062,1320.000000,-240.000000
4063,1360.000000,-240.000000
4064,1360.000000,-240.000000
4065,1400.000000,-240.000000
4066,1400.000000,-240.000000
4067,1440.000000,-240.000000
4068,1440.000000,-240.000000
4069,1440.000000,-280.000000
4070,1480.000000,-280.000000
4071,1520.000000,-240.000000
4072,1520.000000,-240.000000
4073,1520.000000,-280.000000
4074,1560.000000,-240.000000
4075,1600.000000,-280.000000
4076,1600.000000,-280.000000
4077,1640.000000,-280.000000
4078,1640.000000,-280.000000
4079,1680.000000,-280.000000
4080,1680.000000,-280.000000
4081,1680.000000,-280.000000
4082,1720.000000,-280.000000
4083,1760.000000,-280.000000
4084,1760.000000,-320.000000
4085,1800.000000,-320.000000
4086,1800.000000,-280.000000
4087,1840.000000,-320.000000
4088,1840.000000,-280.000000
4089,1840.000000,-320.000000
4090,1880.000000,-320.000000
4091,1880.000000,-320.000000
4092,1920.000000,-320.000000
4093,1960.000000,-320.000000
4094,1960.000000,-320.000000
4095,1960.000000,-320.000000
4096,2000.000000,-320.000000
4097,2000.000000,-360.000000
4098,2000.000000,-320.000000
4099,2040.000000,-360.000000
4100,2040.000000,-320.000000
4101,2080.000000,-360.000000
4102,2080.000000,-360.000000
4103,2120.000000,-360.000000
4104,2120.000000,-320.000000
4105,2120.000000,-360.000000
4106,2160.000000,-360.000000
4107,2160.000000,-360.000000
4108,2160.000000,-360.000000
4109,2200.000000,-360.000000
4110,2200.000000,-400.000000
4111,2240.000000,-360.000000
4112,2240.000000,-360.000000
4113,2280.000000,-360.000000
4114,2320.000000,-400.000000
4115,2320.000000,-360.000000
4116,2320.000000,-360.000000
4117,2360.000000,-360.000000
4118,2360.000000,-360.000000
4119,2360.000000,-360.000000
4120,2360.000000,-400.000000
4121,2400.000000,-400.000000
4122,2400.000000,-400.000000
4123,2400.000000,-400.000000
4124,2440.000000,-400.000000
4125,2440.000000,-400.000000
4126,2480.000000,-400.000000
4127,2480.000000,-400.000000
4128,2480.000000,-400.000000
4129,2520.000000,-400.000000
4130,2480.000000,-400.000000
4131,2520.000000,-400.000000
4132,2520.000000,-440.000000
4133,2520.000000,-440.000000
4134,2560.000000,-400.000000
4135,2560.000000,-440.000000
4136,2600.000000,-440.000000
4137,2600.000000,-440.000000
4138,2600.000000,-440.000000
4139,2640.000000,-440.000000
4140,2640.000000,-400.000000
4141,2640.000000,-440.000000
4142,2640.000000,-440.000000
4143,2680.000000,-440.000000
4144,2680.000000,-440.000000
4145,2680.000000,-440.000000
4146,2720.000000,-440.000000
4147,2720.000000,-440.000000
4148,2760.000000,-440.000000
4149,2720.000000,-440.000000
4150,2720.000000,-440.000000
4151,2760.000000,-440.000000
4152,2760.000000,-440.000000
4153,2760.000000,-480.000000
4154,2760.000000,-440.000000
4155,2800.000000,-440.000000
4156,2800.000000,-480.000000
4157,2800.000000,-480.000000
4158,2800.000000,-440.000000
4159,2800.000000,-480.000000
4160,2840.000000,-440.000000
4161,2840.000000,-440.000000
4162,2840.000000,-480.000000
4163,2880.000000,-480.000000
4164,2840.000000,-480.000000
4165,2880.000000,-440.000000
4166,2840.000000,-480.000000
4167,2920.000000,-440.000000
4168,2880.000000,-480.000000
4169,2880.000000,-480.000000
4170,2920.000000,-480.000000
4171,2920.000000,-440.000000
4172,2920.000000,-480.000000
4173,2920.000000,-480.000000
4174,2920.000000,-480.000000
4175,2960.000000,-480.000000
4176,2920.000000,-480.000000
4177,2960.000000,-480.000000
4178,3000.000000,-480.000000
4179,2960.000000,-480.000000
4180,2960.000000,-480.000000
4181,2960.000000,-480.000000
4182,2960.000000,-480.000000
4183,3000.000000,-480.000000
4184,2960.000000,-480.000000
4185,3000.000000,-480.000000
4186,3000.000000,-480.000000
4187,3000.000000,-480.000000
4188,3040.000000,-480.000000
4189,3000.000000,-480.000000
4190,3000.000000,-480.000000
4191,3000.000000,-480.000000
4192,3040.000000,-480.000000
4193,3040.000000,-480.000000
4194,3040.000000,-520.000000
4195,3040.000000,-480.000000
4196,3000.000000,-480.000000
4197,3000.000000,-480.000000
4198,3040.000000,-480.000000
4199,3040.000000,-480.000000
4200,3040.000000,-480.000000
4201,3040.000000,-480.000000
4202,3040.000000,-480.000000
4203,3040.000000,-480.000000
4204,3040.000000,-480.000000
4205,3040.000000,-480.000000
4206,3080.000000,-480.000000
4207,3040.000000,-480.000000
4208,3040.000000,-480.000000
4209,3040.000000,-480.000000
4210,3040.000000,-480.000000
4211,3040.000000,-480.000000
4212,3040.000000,-480.000000
4213,3080.000000,-480.000000
4214,3040.000000,-480.000000
4215,3040.000000,-520.000000
4216,3080.000000,-480.000000
4217,3040.000000,-480.000000
4218,3080.000000,-480.000000
4219,3000.000000,-480.000000
4220,3040.000000,-480.000000
4221,3040.000000,-480.000000
4222,3040.000000,-480.000000
4223,3000.000000,-480.000000
4224,3040.000000,-480.000000
4225,3000.000000,-480.000000
4226,3000.000000,-480.000000
4227,3000.000000,-480.000000
4228,3000.000000,-480.000000
4229,3040.000000,-480.000000
4230,3000.000000,-480.000000
4231,3000.000000,-480.000000
4232,3000.000000,-480.000000
4233,3000.000000,-480.000000
4234,3000.000000,-480.000000
4235,3000.000000,-480.000000
4236,2960.000000,-480.000000
4237,2960.000000,-480.000000
4238,2960.000000,-480.000000
4239,2960.000000,-480.000000
4240,2960.000000,-480.000000
4241,2920.000000,-480.000000
4242,2960.000000,-480.000000
4243,2960.000000,-480.000000
4244,2920.000000,-440.000000
4245,2960.000000,-440.000000
4246,2920.000000,-480.000000
4247,2960.000000,-480.000000
4248,2920.000000,-440.000000
4249,2920.000000,-480.000000
4250,2880.000000,-480.000000
4251,2880.000000,-480.000000
4252,2880.000000,-480.000000
4253,2920.000000,-440.000000
4254,2880.000000,-440.000000
4255,2880.000000,-440.000000
4256,2840.000000,-440.000000
4257,2840.000000,-440.000000
4258,2840.000000,-440.000000
4259,2840.000000,-480.000000
4260,2840.000000,-440.000000
4261,2800.000000,-440.000000
4262,2800.000000,-440.000000
4263,2800.000000,-440.000000
4264,2800.000000,-440.000000
4265,2800.000000,-440.000000
4266,2800.000000,-440.000000
4267,2760.000000,-440.000000
4268,2760.000000,-400.000000
4269,2760.000000,-440.000000
4270,2720.000000,-440.000000
4271,2720.000000,-440.000000
4272,2720.000000,-400.000000
4273,2680.000000,-440.000000
4274,2720.000000,-440.000000
4275,2680.000000,-440.000000
4276,2680.000000,-400.000000
4277,2680.000000,-400.000000
4278,2640.000000,-440.000000
4279,2640.000000,-400.000000
4280,2600.000000,-400.000000
4281,2600.000000,-400.000000
4282,2600.000000,-400.000000
4283,2600.000000,-400.000000
4284,2560.000000,-400.000000
4285,2520.000000,-400.000000
4286,2520.000000,-400.000000
4287,2560.000000,-400.000000
4288,2520.000000,-400.000000
4289,2520.000000,-400.000000
4290,2480.000000,-400.000000
4291,2480.000000,-400.000000
4292,2480.000000,-400.000000
4293,2440.000000,-400.000000
4294,2440.000000,-400.000000
4295,2440.000000,-400.000000
4296,2400.000000,-360.000000
4297,2400.000000,-360.000000
4298,2360.000000,-400.000000
4299,2360.000000,-400.000000
4300,2320.000000,-400.000000
4301,2360.000000,-360.000000
4302,2320.000000,-360.000000
4303,2320.000000,-360.000000
4304,2320.000000,-360.000000
4305,2320.000000,-360.000000
4306,2240.000000,-360.000000
4307,2240.000000,-360.000000
4308,2200.000000,-360.000000
4309,2240.000000,-360.000000
4310,2200.000000,-320.000000
4311,2200.000000,-360.000000
4312,2160.000000,-320.000000
4313,2120.000000,-360.000000
4314,2120.000000,-320.000000
4315,2120.000000,-360.000000
4316,2120.000000,-320.000000
4317,2080.000000,-320.000000
4318,2040.000000,-320.000000
4319,2040.000000,-320.000000
4320,2040.000000,-320.000000
4321,2000.000000,-320.000000
4322,2000.000000,-320.000000
4323,2000.000000,-320.000000
4324,1960.000000,-280.000000
4325,1960.000000,-320.000000
4326,1920.000000,-320.000000
4327,1960.000000,-320.000000
4328,1880.000000,-280.000000
4329,1880.000000,-280.000000
4330,1840.000000,-280.000000
4331,1840.000000,-280.000000
4332,1840.000000,-280.000000
4333,1800.000000,-280.000000
4334,1800.000000,-280.000000
4335,1760.000000,-280.000000
4336,1760.000000,-280.000000
4337,1720.000000,-240.000000
4338,1720.000000,-280.000000
4339,1680.000000,-280.000000
4340,1680.000000,-240.000000
4341,1640.000000,-240.000000
4342,1640.000000,-240.000000
4343,1640.000000,-240.000000
4344,1600.000000,-240.000000
4345,1600.000000,-240.000000
4346,1560.000000,-240.000000
4347,1560.000000,-240.000000
4348,1520.000000,-240.000000
4349,1480.000000,-240.000000
4350,1480.000000,-240.000000
4351,1440.000000,-240.000000
4352,1440.000000,-200.000000
4353,1400.000000,-240.000000
4354,1400.000000,-240.000000
4355,1360.000000,-200.000000
4356,1360.000000,-200.000000
4357,1320.000000,-200.000000
4358,1320.000000,-200.000000
4359,1280.000000,-200.000000
4360,1240.000000,-200.000000
4361,1240.000000,-200.000000
4362,1240.000000,-200.000000
4363,1200.000000,-200.000000
4364,1200.000000,-160.000000
4365,1160.000000,-160.000000
4366,1160.000000,-160.000000
4367,1120.000000,-160.000000
4368,1080.000000,-160.000000
4369,1080.000000,-160.000000
4370,1040.000000,-160.000000
4371,1040.000000,-160.000000
4372,1040.000000,-160.000000
4373,1000.000000,-160.000000
4374,960.000000,-120.000000
4375,960.000000,-120.000000
4376,920.000000,-120.000000
4377,920.000000,-120.000000
4378,880.000000,-120.000000
4379,840.000000,-120.000000
4380,840.000000,-120.000000
4381,840.000000,-80.000000
4382,800.000000,-120.000000
4383,760.000000,-120.000000
4384,760.000000,-80.000000
4385,760.000000,-80.000000
4386,720.000000,-80.000000
4387,680.000000,-80.000000
4388,640.000000,-80.000000
4389,640.000000,-80.000000
4390,600.000000,-80.000000
4391,560.000000,-80.000000
4392,560.000000,-80.000000
4393,560.000000,-80.000000
4394,520.000000,-80.000000
4395,480.000000,-80.000000
4396,480.000000,-80.000000
4397,440.000000,-40.000000
4398,440.000000,-40.000000
4399,400.000000,-80.000000
4400,400.000000,-80.000000
4401,360.000000,-40.000000
4402,320.000000,-40.000000
4403,320.000000,-40.000000
4404,280.000000,-40.000000
4405,280.000000,-40.000000
4406,240.000000,-40.000000
4407,200.000000,-40.000000
4408,200.000000,0.000000
4409,160.000000,0.000000
4410,120.000000,0.000000
4411,120.000000,0.000000
4412,120.000000,0.000000
4413,80.000000,0.000000
4414,40.000000,0.000000
4415,40.000000,0.000000
4416,0.000000,0.000000
4417,0.000000,0.000000
4418,-40.000000,0.000000
4419,-80.000000,0.000000
4420,-80.000000,40.000000
4421,-120.000000,0.000000
4422,-120.000000,40.000000
4423,-160.000000,40.000000
4424,-200.000000,40.000000
4425,-200.000000,40.000000
4426,-240.000000,40.000000
4427,-240.000000,40.000000
4428,-240.000000,40.000000
4429,-240.000000,80.000000
4430,-280.000000,40.000000
4431,-360.000000,80.000000
4432,-360.000000,80.000000
4433,-360.000000,80.000000
4434,-400.000000,80.000000
4435,-440.000000,80.000000
4436,-440.000000,80.000000
4437,-480.000000,80.000000
4438,-480.000000,80.000000
4439,-520.000000,80.000000
4440,-520.000000,80.000000
4441,-560.000000,120.000000
4442,-600.000000,120.000000
4443,-600.000000,80.000000
4444,-640.000000,120.000000
4445,-640.000000,80.000000
4446,-680.000000,120.000000
4447,-720.000000,120.000000
4448,-720.000000,120.000000
4449,-760.000000,120.000000
4450,-760.000000,160.000000
4451,-800.000000,120.000000
4452,-800.000000,120.000000
4453,-840.000000,160.000000
4454,-840.000000,160.000000
4455,-880.000000,160.000000
4456,-920.000000,160.000000
4457,-920.000000,160.000000
4458,-920.000000,160.000000
4459,-960.000000,160.000000
4460,-1000.000000,160.000000
4461,-1000.000000,160.000000
4462,-1040.000000,160.000000
4463,-1040.000000,200.000000
4464,-1080.000000,200.000000
4465,-1080.000000,200.000000
4466,-1120.000000,200.000000
4467,-1120.000000,160.000000
4468,-1160.000000,200.000000
4469,-1200.000000,200.000000
4470,-1200.000000,200.000000
4471,-1200.000000,200.000000
4472,-1240.000000,200.000000
4473,-1240.000000,200.000000
4474,-1280.000000,240.000000
4475,-1320.000000,200.000000
4476,-1320.000000,200.000000
4477,-1360.000000,200.000000
4478,-1400.000000,240.000000
4479,-1400.000000,240.000000
4480,-1400.000000,240.000000
4481,-1400.000000,240.000000
4482,-1440.000000,240.000000
4483,-1480.000000,240.000000
4484,-1480.000000,240.000000
4485,-1520.000000,240.000000
4486,-1520.000000,280.000000
4487,-1560.000000,240.000000
4488,-1560.000000,240.000000
4489,-1600.000000,280.000000
4490,-1600.000000,280.000000
4491,-1600.000000,240.000000
4492,-1640.000000,280.000000
4493,-1640.000000,280.000000
4494,-1680.000000,280.000000
4495,-1680.000000,280.000000
4496,-1720.000000,320.000000
4497,-1760.000000,320.000000
4498,-1760.000000,280.000000
4499,-1800.000000,320.000000
4500,-1800.000000,280.000000
4501,-1800.000000,320.000000
4502,-1840.000000,320.000000
4503,-1840.000000,320.000000
4504,-1880.000000,320.000000
4505,-1920.000000,320.000000
4506,-1880.000000,320.000000
4507,-1920.000000,320.000000
4508,-1960.000000,320.000000
4509,-1960.000000,320.000000
4510,-1960.000000,320.000000
4511,-2000.000000,320.000000
4512,-2040.000000,280.000000
4513,-2040.000000,320.000000
4514,-2040.000000,320.000000
4515,-2080.000000,360.000000
4516,-2080.000000,360.000000
4517,-2080.000000,360.000000
4518,-2120.000000,360.000000
4519,-2120.000000,320.000000
4520,-2160.000000,360.000000
4521,-2160.000000,360.000000
4522,-2160.000000,360.000000
4523,-2200.000000,360.000000
4524,-2200.000000,400.000000
4525,-2240.000000,400.000000
4526,-2200.000000,360.000000
4527,-2240.000000,360.000000
4528,-2240.000000,360.000000
4529,-2280.000000,360.000000
4530,-2280.000000,360.000000
4531,-2320.000000,360.000000
4532,-2320.000000,400.000000
4533,-2320.000000,400.000000
4534,-2360.000000,400.000000
4535,-2360.000000,360.000000
4536,-2400.000000,400.000000
4537,-2400.000000,400.000000
4538,-2400.000000,400.000000
4539,-2440.000000,400.000000
4540,-2440.000000,400.000000
4541,-2480.000000,400.000000
4542,-2480.000000,400.000000
4543,-2480.000000,400.000000
4544,-2480.000000,400.000000
4545,-2520.000000,400.000000
4546,-2520.000000,440.000000
4547,-2520.000000,400.000000
4548,-2520.000000,400.000000
4549,-2560.000000,400.000000
4550,-2600.000000,400.000000
4551,-2600.000000,440.000000
4552,-2560.000000,440.000000
4553,-2640.000000,440.000000
4554,-2640.000000,440.000000
4555,-2640.000000,440.000000
4556,-2680.000000,400.000000
4557,-2680.000000,440.000000
4558,-2640.000000,440.000000
4559,-2680.000000,440.000000
4560,-2720.000000,440.000000
4561,-2720.000000,440.000000
4562,-2720.000000,440.000000
4563,-2720.000000,440.000000
4564,-2760.000000,440.000000
4565,-2760.000000,440.000000
4566,-2800.000000,440.000000
4567,-2760.000000,440.000000
4568,-2800.000000,440.000000
4569,-2800.000000,440.000000
4570,-2800.000000,480.000000
4571,-2840.000000,440.000000
4572,-2840.000000,440.000000
4573,-2840.000000,480.000000
4574,-2840.000000,480.000000
4575,-2840.000000,440.000000
4576,-2840.000000,480.000000
4577,-2880.000000,440.000000
4578,-2880.000000,480.000000
4579,-2880.000000,440.000000
4580,-2880.000000,480.000000
4581,-2880.000000,480.000000
4582,-2920.000000,480.000000
4583,-2920.000000,440.000000
4584,-2920.000000,440.000000
4585,-2920.000000,480.000000
4586,-2920.000000,480.000000
4587,-2960.000000,480.000000
4588,-2960.000000,480.000000
4589,-2960.000000,480.000000
4590,-2960.000000,480.000000
4591,-2960.000000,440.000000
4592,-3000.000000,480.000000
4593,-3000.000000,480.000000
4594,-3000.000000,480.000000
4595,-3000.000000,480.000000
4596,-3000.000000,480.000000
4597,-3000.000000,480.000000
4598,-3000.000000,480.000000
4599,-3000.000000,480.000000
4600,-3000.000000,480.000000
4601,-3040.000000,480.000000
4602,-3000.000000,480.000000
4603,-3040.000000,480.000000
4604,-3040.000000,480.000000
4605,-3040.000000,480.000000
4606,-3040.000000,480.000000
4607,-3000.000000,480.000000
4608,-3040.000000,520.000000
4609,-3040.000000,480.000000
4610,-3040.000000,480.000000
4611,-3080.000000,480.000000
4612,-3080.000000,480.000000
4613,-3040.000000,480.000000
4614,-3080.000000,480.000000
4615,-3080.000000,480.000000
4616,-3080.000000,520.000000
4617,-3040.000000,480.000000
4618,-3040.000000,520.000000
4619,-3080.000000,480.000000
4620,-3080.000000,480.000000
4621,-3080.000000,480.000000
4622,-3080.000000,480.000000
4623,-3080.000000,480.000000
4624,-3120.000000,480.000000
4625,-3080.000000,480.000000
4626,-3080.000000,480.000000
4627,-3080.000000,480.000000
4628,-3080.000000,480.000000
4629,-3080.000000,480.000000
4630,-3080.000000,520.000000
4631,-3080.000000,440.000000
4632,-3080.000000,480.000000
4633,-3080.000000,520.000000
4634,-3080.000000,480.000000
4635,-3080.000000,520.000000
4636,-3080.000000,480.000000
4637,-3080.000000,480.000000
4638,-3080.000000,480.000000
4639,-3080.000000,480.000000
4640,-3080.000000,480.000000
4641,-3080.000000,480.000000
4642,-3040.000000,480.000000
4643,-3040.000000,480.000000
4644,-3040.000000,480.000000
4645,-3040.000000,480.000000
4646,-3040.000000,480.000000
4647,-3080.000000,480.000000
4648,-3040.000000,480.000000
4649,-3040.000000,480.000000
4650,-3000.000000,480.000000
4651,-3040.000000,480.000000
4652,-3000.000000,480.000000
4653,-3040.000000,480.000000
4654,-3000.000000,480.000000
4655,-3000.000000,480.000000
4656,-3000.000000,480.000000
4657,-3000.000000,440.000000
4658,-2960.000000,480.000000
4659,-3000.000000,480.000000
4660,-3000.000000,480.000000
4661,-2960.000000,480.000000
4662,-2960.000000,480.000000
4663,-2960.000000,480.000000
4664,-2960.000000,480.000000
4665,-2960.000000,480.000000
4666,-2920.000000,480.000000
4667,-2920.000000,480.000000
4668,-2960.000000,480.000000
4669,-2920.000000,480.000000
4670,-2920.000000,480.000000
4671,-2920.000000,440.000000
4672,-2920.000000,440.000000
4673,-2920.000000,440.000000
4674,-2880.000000,440.000000
4675,-2840.000000,440.000000
4676,-2840.000000,440.000000
4677,-2840.000000,480.000000
4678,-2840.000000,440.000000
4679,-2840.000000,440.000000
4680,-2840.000000,440.000000
4681,-2800.000000,440.000000
4682,-2840.000000,440.000000
4683,-2800.000000,440.000000
4684,-2800.000000,440.000000
4685,-2800.000000,440.000000
4686,-2760.000000,440.000000
4687,-2760.000000,440.000000
4688,-2760.000000,440.000000
4689,-2720.000000,440.000000
4690,-2720.000000,440.000000
4691,-2720.000000,440.000000
4692,-2680.000000,440.000000
4693,-2680.000000,400.000000
4694,-2680.000000,400.000000
4695,-2680.000000,440.000000
4696,-2640.000000,440.000000
4697,-2640.000000,440.000000
4698,-2640.000000,400.000000
4699,-2640.000000,400.000000
4700,-2600.000000,400.000000
4701,-2600.000000,440.000000
4702,-2600.000000,400.000000
4703,-2560.000000,400.000000
4704,-2520.000000,400.000000
4705,-2560.000000,400.000000
4706,-2520.000000,400.000000
4707,-2520.000000,400.000000
4708,-2520.000000,400.000000
4709,-2520.000000,400.000000
4710,-2520.000000,360.000000
4711,-2480.000000,400.000000
4712,-2480.000000,360.000000
4713,-2440.000000,400.000000
4714,-2440.000000,360.000000
4715,-2440.000000,400.000000
4716,-2400.000000,400.000000
4717,-2360.000000,360.000000
4718,-2360.000000,360.000000
4719,-2320.000000,360.000000
4720,-2320.000000,400.000000
4721,-2320.000000,360.000000
4722,-2320.000000,360.000000
4723,-2280.000000,360.000000
4724,-2280.000000,320.000000
4725,-2280.000000,360.000000
4726,-2240.000000,360.000000
4727,-2200.000000,360.000000
4728,-2200.000000,320.000000
4729,-2200.000000,360.000000
4730,-2200.000000,360.000000
4731,-2200.000000,320.000000
4732,-2160.000000,320.000000
4733,-2120.000000,320.000000
4734,-2120.000000,320.000000
4735,-2080.000000,320.000000
4736,-2080.000000,320.000000
4737,-2080.000000,320.000000
4738,-2040.000000,320.000000
4739,-2000.000000,320.000000
4740,-2040.000000,320.000000
4741,-2000.000000,320.000000
4742,-2000.000000,320.000000
4743,-2000.000000,280.000000
4744,-1960.000000,280.000000
4745,-1920.000000,280.000000
4746,-1920.000000,320.000000
4747,-1920.000000,280.000000
4748,-1840.000000,280.000000
4749,-1840.000000,320.000000
4750,-1840.000000,280.000000
4751,-1800.000000,280.000000
4752,-1800.000000,280.000000
4753,-1800.000000,280.000000
4754,-1760.000000,280.000000
4755,-1720.000000,240.000000
4756,-1720.000000,280.000000
4757,-1720.000000,240.000000
4758,-1680.000000,240.000000
4759,-1680.000000,280.000000
4760,-1640.000000,240.000000
4761,-1640.000000,240.000000
4762,-1600.000000,240.000000
4763,-1600.000000,240.000000
4764,-1600.000000,240.000000
4765,-1560.000000,240.000000
4766,-1520.000000,200.000000
4767,-1520.000000,200.000000
4768,-1480.000000,240.000000
4769,-1480.000000,200.000000
4770,-1440.000000,240.000000
4771,-1480.000000,200.000000
4772,-1440.000000,200.000000
4773,-1400.000000,200.000000
4774,-1360.000000,200.000000
4775,-1360.000000,200.000000
4776,-1360.000000,200.000000
4777,-1280.000000,200.000000
4778,-1320.000000,200.000000
4779,-1280.000000,200.000000
4780,-1240.000000,200.000000
4781,-1240.000000,160.000000
4782,-1240.000000,200.000000
4783,-1160.000000,160.000000
4784,-1160.000000,160.000000
4785,-1160.000000,160.000000
4786,-1120.000000,160.000000
4787,-1120.000000,160.000000
4788,-1080.000000,160.000000
4789,-1040.000000,160.000000
4790,-1040.000000,160.000000
4791,-1040.000000,160.000000
4792,-1000.000000,160.000000
4793,-960.000000,160.000000
4794,-960.000000,120.000000
4795,-960.000000,160.000000
4796,-920.000000,120.000000
4797,-880.000000,120.000000
4798,-880.000000,120.000000
4799,-840.000000,120.000000
4800,-840.000000,120.000000
4801,-800.000000,120.000000
4802,-760.000000,120.000000
4803,-760.000000,120.000000
4804,-720.000000,120.000000
4805,-720.000000,80.000000
4806,-680.000000,80.000000
4807,-680.000000,80.000000
4808,-640.000000,80.000000
4809,-640.000000,80.000000
4810,-600.000000,80.000000
4811,-600.000000,80.000000
4812,-560.000000,80.000000
4813,-520.000000,80.000000
4814,-520.000000,80.000000
4815,-480.000000,80.000000
4816,-480.000000,40.000000
4817,-440.000000,40.000000
4818,-440.000000,40.000000
4819,-400.000000,40.000000
4820,-360.000000,40.000000
4821,-360.000000,40.000000
4822,-320.000000,40.000000
4823,-320.000000,40.000000
4824,-360.000000,40.000000
4825,-320.000000,0.000000
4826,-240.000000,40.000000
4827,-240.000000,40.000000
4828,-200.000000,40.000000
4829,-160.000000,40.000000
4830,-120.000000,0.000000
4831,-120.000000,40.000000
4832,-80.000000,0.000000
4833,-40.000000,0.000000
4834,-40.000000,0.000000
4835,-40.000000,0.000000
4836,0.000000,-40.000000
4837,0.000000,-40.000000
4838,40.000000,0.000000
4839,80.000000,0.000000
4840,80.000000,-40.000000
4841,120.000000,-40.000000
4842,120.000000,-40.000000
4843,160.000000,-40.000000
4844,160.000000,-40.000000
4845,200.000000,-40.000000
4846,240.000000,-40.000000
4847,240.000000,-80.000000
4848,240.000000,-40.000000
4849,280.000000,-40.000000
4850,320.000000,-80.000000
4851,360.000000,-40.000000
4852,360.000000,-80.000000
4853,400.000000,-80.000000
4854,400.000000,-80.000000
4855,440.000000,-80.000000
4856,440.000000,-80.000000
4857,480.000000,-80.000000
4858,520.000000,-80.000000
4859,560.000000,-80.000000
4860,560.000000,-80.000000
4861,600.000000,-120.000000
4862,600.000000,-80.000000
4863,600.000000,-120.000000
4864,640.000000,-120.000000
4865,680.000000,-120.000000
4866,720.000000,-160.000000
4867,720.000000,-120.000000
4868,720.000000,-120.000000
4869,800.000000,-120.000000
4870,800.000000,-120.000000
4871,800.000000,-120.000000
4872,800.000000,-120.000000
4873,840.000000,-120.000000
4874,880.000000,-160.000000
4875,880.000000,-160.000000
4876,920.000000,-120.000000
4877,960.000000,-160.000000
4878,920.000000,-160.000000
4879,960.000000,-160.000000
4880,1000.000000,-160.000000
4881,1040.000000,-160.000000
4882,1040.000000,-160.000000
4883,1040.000000,-160.000000
4884,1080.000000,-200.000000
4885,1080.000000,-200.000000
4886,1120.000000,-200.000000
4887,1160.000000,-160.000000
4888,1160.000000,-200.000000
4889,1200.000000,-200.000000
4890,1240.000000,-240.000000
4891,1280.000000,-200.000000
4892,1240.000000,-240.000000
4893,1280.000000,-240.000000
4894,1320.000000,-240.000000
4895,1320.000000,-240.000000
4896,1360.000000,-240.000000
4897,1360.000000,-240.000000
4898,1360.000000,-240.000000
4899,1400.000000,-240.000000
4900,1440.000000,-240.000000
4901,1440.000000,-240.000000
4902,1440.000000,-240.000000
4903,1480.000000,-240.000000
4904,1520.000000,-240.000000
4905,1520.000000,-280.000000
4906,1560.000000,-280.000000
4907,1560.000000,-280.000000
4908,1560.000000,-280.000000
4909,1600.000000,-280.000000
4910,1600.000000,-280.000000
4911,1680.000000,-280.000000
4912,1680.000000,-280.000000
4913,1640.000000,-280.000000
4914,1680.000000,-280.000000
4915,1720.000000,-280.000000
4916,1760.000000,-280.000000
4917,1760.000000,-280.000000
4918,1760.000000,-320.000000
4919,1800.000000,-280.000000
4920,1840.000000,-320.000000
4921,1840.000000,-320.000000
4922,1880.000000,-320.000000
4923,1880.000000,-320.000000
4924,1920.000000,-320.000000
4925,1920.000000,-320.000000
4926,1960.000000,-320.000000
4927,1960.000000,-320.000000
4928,1960.000000,-320.000000
4929,1960.000000,-320.000000
4930,2000.000000,-320.000000
4931,2000.000000,-360.000000
4932,2040.000000,-320.000000
4933,2040.000000,-320.000000
4934,2040.000000,-360.000000
4935,2080.000000,-360.000000
4936,2120.000000,-360.000000
4937,2120.000000,-360.000000
4938,2120.000000,-360.000000
4939,2160.000000,-360.000000
4940,2160.000000,-360.000000
4941,2200.000000,-360.000000
4942,2200.000000,-360.000000
4943,2240.000000,-360.000000
4944,2240.000000,-360.000000
4945,2240.000000,-360.000000
4946,2240.000000,-360.000000
4947,2280.000000,-360.000000
4948,2320.000000,-360.000000
4949,2320.000000,-360.000000
4950,2320.000000,-400.000000
4951,2360.000000,-400.000000
4952,2320.000000,-400.000000
4953,2400.000000,-400.000000
4954,2400.000000,-400.000000
4955,2400.000000,-400.000000
4956,2440.000000,-400.000000
4957,2400.000000,-400.000000
4958,2440.000000,-400.000000
4959,2440.000000,-400.000000
4960,2480.000000,-400.000000
4961,2480.000000,-400.000000
4962,2480.000000,-400.000000
4963,2480.000000,-400.000000
4964,2520.000000,-400.000000
4965,2560.000000,-400.000000
4966,2560.000000,-400.000000
4967,2560.000000,-440.000000
4968,2560.000000,-400.000000
4969,2560.000000,-400.000000
4970,2600.000000,-440.000000
4971,2600.000000,-440.000000
4972,2640.000000,-440.000000
4973,2640.000000,-440.000000
4974,2640.000000,-400.000000
4975,2640.000000,-440.000000
4976,2680.000000,-440.000000
4977,2680.000000,-440.000000
4978,2680.000000,-440.000000
4979,2720.000000,-440.000000
4980,2720.000000,-440.000000
4981,2720.000000,-440.000000
4982,2720.000000,-440.000000
4983,2720.000000,-440.000000
4984,2760.000000,-440.000000
4985,2760.000000,-440.000000
4986,2760.000000,-440.000000
4987,2760.000000,-440.000000
4988,2800.000000,-440.000000
4989,2800.000000,-440.000000
4990,2800.000000,-440.000000
4991,2800.000000,-440.000000
4992,2800.000000,-480.000000
4993,2840.000000,-480.000000
4994,2840.000000,-480.000000
4995,2880.000000,-480.000000
4996,2840.000000,-480.000000
4997,2880.000000,-440.000000
4998,2880.000000,-480.000000
4999,2880.000000,-480.000000
5000,2880.000000,-480.000000
5001,2880.000000,-480.000000
5002,2920.000000,-480.000000
5003,2920.000000,-480.000000
5004,2920.000000,-440.000000
5005,2920.000000,-480.000000
5006,2960.000000,-480.000000
5007,2920.000000,-480.000000
5008,2960.000000,-480.000000
5009,2960.000000,-480.000000
5010,2960.000000,-480.000000
5011,2960.000000,-480.000000
5012,2960.000000,-480.000000
5013,2960.000000,-480.000000
5014,2960.000000,-480.000000
5015,3000.000000,-520.000000
5016,2960.000000,-480.000000
5017,3000.000000,-480.000000
5018,3000.000000,-480.000000
5019,3000.000000,-480.000000
5020,3000.000000,-520.000000
5021,3000.000000,-480.000000
5022,3000.000000,-480.000000
5023,3000.000000,-480.000000
5024,3040.000000,-480.000000
5025,3000.000000,-520.000000
5026,3040.000000,-480.000000
5027,3080.000000,-480.000000
5028,3040.000000,-480.000000
5029,3040.000000,-480.000000
5030,3040.000000,-480.000000
5031,3040.000000,-480.000000
5032,3040.000000,-480.000000
5033,3040.000000,-480.000000
5034,3040.000000,-520.000000
5035,3040.000000,-480.000000
5036,3040.000000,-480.000000
5037,3040.000000,-480.000000
5038,3040.000000,-480.000000
5039,3000.000000,-480.000000
5040,3040.000000,-520.000000
5041,3040.000000,-480.000000
5042,3040.000000,-480.000000
5043,3040.000000,-480.000000
5044,3040.000000,-480.000000
5045,3040.000000,-480.000000
5046,3040.000000,-480.000000
5047,3040.000000,-480.000000
5048,3040.000000,-480.000000
5049,3080.000000,-480.000000
5050,3040.000000,-480.000000
5051,3040.000000,-480.000000
5052,3040.000000,-480.000000
5053,3040.000000,-480.000000
5054,3040.000000,-480.000000
5055,3040.000000,-520.000000
5056,3040.000000,-480.000000
5057,3000.000000,-480.000000
5058,3040.000000,-480.000000
5059,3000.000000,-480.000000
5060,3040.000000,-480.000000
5061,3040.000000,-480.000000
5062,3000.000000,-480.000000
5063,3000.000000,-480.000000
5064,3000.000000,-480.000000
5065,3000.000000,-480.000000
5066,3000.000000,-520.000000
5067,3000.000000,-480.000000
5068,3000.000000,-480.000000
5069,3000.000000,-480.000000
5070,3000.000000,-480.000000
5071,2960.000000,-480.000000
5072,3000.000000,-480.000000
5073,3000.000000,-480.000000
5074,2960.000000,-480.000000
5075,2960.000000,-480.000000
5076,2920.000000,-480.000000
5077,2960.000000,-480.000000
5078,2960.000000,-440.000000
5079,2920.000000,-440.000000
5080,2920.000000,-480.000000
5081,2920.000000,-480.000000
5082,2920.000000,-480.000000
5083,2920.000000,-440.000000
5084,2920.000000,-440.000000
5085,2880.000000,-480.000000
5086,2880.000000,-480.000000
5087,2920.000000,-480.000000
5088,2880.000000,-480.000000
5089,2880.000000,-440.000000
5090,2880.000000,-480.000000
5091,2840.000000,-440.000000
5092,2840.000000,-440.000000
5093,2840.000000,-480.000000
5094,2800.000000,-440.000000
5095,2840.000000,-440.000000
5096,2760.000000,-440.000000
5097,2800.000000,-440.000000
5098,2800.000000,-440.000000
5099,2760.000000,-440.000000
5100,2760.000000,-440.000000
5101,2760.000000,-440.000000
5102,2760.000000,-440.000000
5103,2760.000000,-440.000000
5104,2720.000000,-440.000000
5105,2720.000000,-400.000000
5106,2720.000000,-440.000000
5107,2680.000000,-400.000000
5108,2680.000000,-440.000000
5109,2640.000000,-440.000000
5110,2640.000000,-400.000000
5111,2640.000000,-400.000000
5112,2640.000000,-440.000000
5113,2640.000000,-440.000000
5114,2600.000000,-400.000000
5115,2600.000000,-400.000000
5116,2600.000000,-440.000000
5117,2560.000000,-400.000000
5118,2560.000000,-400.000000
5119,2560.000000,-400.000000
5120,2520.000000,-400.000000
5121,2520.000000,-400.000000
5122,2520.000000,-400.000000
5123,2520.000000,-400.000000
5124,2480.000000,-400.000000
5125,2440.000000,-400.000000
5126,2440.000000,-400.000000
5127,2440.000000,-400.000000
5128,2440.000000,-400.000000
5129,2440.000000,-360.000000
5130,2400.000000,-400.000000
5131,2400.000000,-360.000000
5132,2360.000000,-400.000000
5133,2360.000000,-360.000000
5134,2360.000000,-400.000000
5135,2360.000000,-360.000000
5136,2320.000000,-360.000000
5137,2320.000000,-360.000000
5138,2280.000000,-360.000000
5139,2280.000000,-360.000000
5140,2240.000000,-360.000000
5141,2240.000000,-360.000000
5142,2240.000000,-360.000000
5143,2200.000000,-360.000000
5144,2200.000000,-360.000000
5145,2160.000000,-320.000000
5146,2160.000000,-320.000000
5147,2160.000000,-320.000000
5148,2120.000000,-320.000000
5149,2120.000000,-320.000000
5150,2080.000000,-360.000000
5151,2080.000000,-320.000000
5152,2080.000000,-320.000000
5153,2040.000000,-320.000000
5154,2040.000000,-320.000000
5155,2000.000000,-320.000000
5156,2000.000000,-320.000000
5157,1960.000000,-320.000000
5158,1960.000000,-320.000000
5159,1920.000000,-320.000000
5160,1960.000000,-320.000000
5161,1920.000000,-280.000000
5162,1880.000000,-280.000000
5163,1840.000000,-280.000000
5164,1840.000000,-280.000000
5165,1840.000000,-280.000000
5166,1840.000000,-280.000000
5167,1800.000000,-240.000000
5168,1800.000000,-280.000000
5169,1760.000000,-280.000000
5170,1760.000000,-280.000000
5171,1720.000000,-240.000000
5172,1680.000000,-240.000000
5173,1680.000000,-280.000000
5174,1640.000000,-280.000000
5175,1640.000000,-240.000000
5176,1640.000000,-240.000000
5177,1600.000000,-240.000000
5178,1560.000000,-240.000000
5179,1560.000000,-240.000000
5180,1520.000000,-240.000000
5181,1520.000000,-240.000000
5182,1520.000000,-240.000000
5183,1480.000000,-240.000000
5184,1440.000000,-200.000000
5185,1440.000000,-200.000000
5186,1440.000000,-200.000000
5187,1400.000000,-200.000000
5188,1400.000000,-200.000000
5189,1360.000000,-200.000000
5190,1320.000000,-200.000000
5191,1320.000000,-200.000000
5192,1280.000000,-200.000000
5193,1280.000000,-160.000000
5194,1240.000000,-200.000000
5195,1240.000000,-200.000000
5196,1200.000000,-200.000000
5197,1200.000000,-200.000000
5198,1160.000000,-160.000000
5199,1160.000000,-160.000000
5200,1120.000000,-160.000000
5201,1120.000000,-160.000000
5202,1080.000000,-160.000000
5203,1040.000000,-160.000000
5204,1040.000000,-160.000000
5205,1040.000000,-160.000000
5206,1000.000000,-160.000000
5207,960.000000,-160.000000
5208,960.000000,-120.000000
5209,960.000000,-120.000000
5210,920.000000,-160.000000
5211,880.000000,-120.000000
5212,880.000000,-120.000000
5213,840.000000,-120.000000
5214,800.000000,-120.000000
5215,800.000000,-120.000000
5216,800.000000,-120.000000
5217,760.000000,-80.000000
5218,760.000000,-120.000000
5219,720.000000,-80.000000
5220,720.000000,-120.000000
5221,680.000000,-80.000000
5222,640.000000,-80.000000
5223,640.000000,-80.000000
5224,600.000000,-80.000000
5225,600.000000,-80.000000
5226,560.000000,-80.000000
5227,520.000000,-80.000000
5228,520.000000,-80.000000
5229,480.000000,-80.000000
5230,480.000000,-40.000000
5231,440.000000,-40.000000
5232,400.000000,-40.000000
5233,360.000000,-40.000000
5234,360.000000,-40.000000
5235,360.000000,-40.000000
5236,280.000000,0.000000
5237,280.000000,-40.000000
5238,280.000000,-40.000000
5239,240.000000,-40.000000
5240,240.000000,-40.000000
5241,200.000000,-40.000000
5242,160.000000,0.000000
5243,160.000000,-40.000000
5244,160.000000,0.000000
5245,120.000000,0.000000
5246,120.000000,0.000000
5247,40.000000,0.000000
5248,40.000000,0.000000
5249,40.000000,0.000000
5250,0.000000,0.000000
5251,-40.000000,0.000000
5252,-40.000000,0.000000
5253,-80.000000,40.000000
5254,-80.000000,0.000000
5255,-120.000000,40.000000
5256,-120.000000,40.000000
5257,-160.000000,80.000000
5258,-200.000000,40.000000
5259,-200.000000,40.000000
5260,-240.000000,40.000000
5261,-240.000000,40.000000
5262,-280.000000,40.000000
5263,-280.000000,80.000000
5264,-320.000000,80.000000
5265,-360.000000,80.000000
5266,-360.000000,80.000000
5267,-400.000000,80.000000
5268,-440.000000,80.000000
5269,-440.000000,80.000000
5270,-440.000000,80.000000
5271,-480.000000,80.000000
5272,-520.000000,80.000000
5273,-520.000000,80.000000
5274,-560.000000,120.000000
5275,-600.000000,80.000000
5276,-600.000000,120.000000
5277,-640.000000,120.000000
5278,-640.000000,80.000000
5279,-680.000000,120.000000
5280,-720.000000,160.000000
5281,-720.000000,120.000000
5282,-760.000000,120.000000
5283,-760.000000,120.000000
5284,-800.000000,120.000000
5285,-800.000000,160.000000
5286,-840.000000,160.000000
5287,-840.000000,120.000000
5288,-920.000000,120.000000
5289,-880.000000,120.000000
5290,-960.000000,160.000000
5291,-920.000000,160.000000
5292,-960.000000,160.000000
5293,-960.000000,160.000000
5294,-1000.000000,160.000000
5295,-1000.000000,200.000000
5296,-1040.000000,160.000000
5297,-1080.000000,200.000000
5298,-1080.000000,200.000000
5299,-1120.000000,200.000000
5300,-1120.000000,200.000000
5301,-1120.000000,200.000000
5302,-1200.000000,200.000000
5303,-1200.000000,200.000000
5304,-1200.000000,200.000000
5305,-1240.000000,200.000000
5306,-1240.000000,200.000000
5307,-1280.000000,200.000000
5308,-1280.000000,240.000000
5309,-1280.000000,240.000000
5310,-1360.000000,240.000000
5311,-1360.000000,240.000000
5312,-1400.000000,240.000000
5313,-1400.000000,240.000000
5314,-1440.000000,240.000000
5315,-1440.000000,240.000000
5316,-1480.000000,240.000000
5317,-1480.000000,240.000000
5318,-1520.000000,240.000000
5319,-1520.000000,240.000000
5320,-1520.000000,240.000000
5321,-1560.000000,240.000000
5322,-1560.000000,280.000000
5323,-1600.000000,240.000000
5324,-1600.000000,240.000000
5325,-1640.000000,280.000000
5326,-1640.000000,280.000000
5327,-1680.000000,280.000000
5328,-1720.000000,280.000000
5329,-1720.000000,280.000000
5330,-1720.000000,280.000000
5331,-1720.000000,280.000000
5332,-1800.000000,280.000000
5333,-1760.000000,280.000000
5334,-1800.000000,320.000000
5335,-1840.000000,280.000000
5336,-1840.000000,320.000000
5337,-1840.000000,320.000000
5338,-1880.000000,320.000000
5339,-1880.000000,320.000000
5340,-1920.000000,320.000000
5341,-1960.000000,320.000000
5342,-1960.000000,320.000000
5343,-1960.000000,320.000000
5344,-1960.000000,320.000000
5345,-2000.000000,320.000000
5346,-2040.000000,320.000000
5347,-2040.000000,320.000000
5348,-2040.000000,360.000000
5349,-2080.000000,320.000000
5350,-2080.000000,360.000000
5351,-2080.000000,320.000000
5352,-2080.000000,320.000000
5353,-2120.000000,320.000000
5354,-2120.000000,320.000000
5355,-2120.000000,320.000000
5356,-2160.000000,360.000000
5357,-2200.000000,360.000000
5358,-2200.000000,360.000000
5359,-2200.000000,360.000000
5360,-2240.000000,360.000000
5361,-2240.000000,360.000000
5362,-2280.000000,360.000000
5363,-2280.000000,400.000000
5364,-2320.000000,360.000000
5365,-2320.000000,360.000000
5366,-2360.000000,400.000000
5367,-2360.000000,360.000000
5368,-2360.000000,400.000000
5369,-2400.000000,400.000000
5370,-2440.000000,400.000000
5371,-2440.000000,400.000000
5372,-2440.000000,400.000000
5373,-2440.000000,400.000000
5374,-2480.000000,400.000000
5375,-2480.000000,400.000000
5376,-2480.000000,400.000000
5377,-2440.000000,400.000000
5378,-2520.000000,400.000000
5379,-2560.000000,400.000000
5380,-2520.000000,400.000000
5381,-2560.000000,440.000000
5382,-2560.000000,400.000000
5383,-2560.000000,400.000000
5384,-2600.000000,440.000000
5385,-2600.000000,400.000000
5386,-2640.000000,440.000000
5387,-2640.000000,440.000000
5388,-2640.000000,440.000000
5389,-2640.000000,440.000000
5390,-2680.000000,440.000000
5391,-2680.000000,440.000000
5392,-2680.000000,440.000000
5393,-2720.000000,440.000000
5394,-2680.000000,440.000000
5395,-2720.000000,440.000000
5396,-2760.000000,440.000000
5397,-2760.000000,440.000000
5398,-2760.000000,440.000000
5399,-2800.000000,440.000000
5400,-2800.000000,440.000000
5401,-2800.000000,440.000000
5402,-2800.000000,440.000000
5403,-2800.000000,440.000000
5404,-2840.000000,440.000000
5405,-2840.000000,480.000000
5406,-2840.000000,440.000000
5407,-2840.000000,480.000000
5408,-2840.000000,440.000000
5409,-2840.000000,480.000000
5410,-2880.000000,440.000000
5411,-2880.000000,480.000000
5412,-2880.000000,480.000000
5413,-2920.000000,440.000000
5414,-2880.000000,480.000000
5415,-2920.000000,480.000000
5416,-2920.000000,480.000000
5417,-2920.000000,480.000000
5418,-2920.000000,480.000000
5419,-2960.000000,480.000000
5420,-2960.000000,480.000000
5421,-2920.000000,480.000000
5422,-2960.000000,480.000000
5423,-2960.000000,480.000000
5424,-2960.000000,480.000000
5425,-3000.000000,440.000000
5426,-3000.000000,480.000000
5427,-3000.000000,480.000000
5428,-3000.000000,480.000000
5429,-3000.000000,480.000000
5430,-3040.000000,480.000000
5431,-3040.000000,480.000000
5432,-3000.000000,480.000000
5433,-3000.000000,480.000000
5434,-3040.000000,480.000000
5435,-3040.000000,480.000000
5436,-3040.000000,480.000000
5437,-3040.000000,520.000000
5438,-3040.000000,480.000000
5439,-3040.000000,480.000000
5440,-3080.000000,480.000000
5441,-3040.000000,480.000000
5442,-3080.000000,480.000000
5443,-3040.000000,480.000000
5444,-3040.000000,520.000000
5445,-3080.000000,480.000000
5446,-3080.000000,520.000000
5447,-3080.000000,480.000000
5448,-3080.000000,480.000000
5449,-3080.000000,480.000000
5450,-3080.000000,480.000000
5451,-3080.000000,480.000000
5452,-3080.000000,480.000000
5453,-3080.000000,480.000000
5454,-3080.000000,480.000000
5455,-3080.000000,520.000000
5456,-3080.000000,480.000000
5457,-3080.000000,480.000000
5458,-3080.000000,480.000000
5459,-3120.000000,480.000000
5460,-3080.000000,480.000000
5461,-3080.000000,480.000000
5462,-3080.000000,520.000000
5463,-3080.000000,480.000000
5464,-3080.000000,480.000000
5465,-3080.000000,480.000000
5466,-3080.000000,480.000000
5467,-3080.000000,480.000000
5468,-3080.000000,480.000000
5469,-3080.000000,480.000000
5470,-3080.000000,480.000000
5471,-3080.000000,480.000000
5472,-3040.000000,480.000000
5473,-3040.000000,520.000000
5474,-3080.000000,480.000000
5475,-3080.000000,480.000000
5476,-3080.000000,480.000000
5477,-3080.000000,480.000000
5478,-3080.000000,480.000000
5479,-3040.000000,480.000000
5480,-3040.000000,480.000000
5481,-3080.000000,480.000000
5482,-3080.000000,480.000000
5483,-3040.000000,480.000000
5484,-3000.000000,480.000000
5485,-3000.000000,480.000000
5486,-3000.000000,480.000000
5487,-3040.000000,480.000000
5488,-3000.000000,480.000000
5489,-3000.000000,440.000000
5490,-3000.000000,480.000000
5491,-3000.000000,480.000000
5492,-3000.000000,480.000000
5493,-3000.000000,480.000000
5494,-2960.000000,480.000000
5495,-3000.000000,480.000000
5496,-2960.000000,440.000000
5497,-2960.000000,480.000000
5498,-2920.000000,480.000000
5499,-2920.000000,480.000000
5500,-2960.000000,440.000000
5501,-2920.000000,480.000000
5502,-2920.000000,480.000000
5503,-2920.000000,440.000000
5504,-2920.000000,440.000000
5505,-2920.000000,480.000000
5506,-2880.000000,440.000000
5507,-2880.000000,440.000000
5508,-2880.000000,440.000000
5509,-2840.000000,440.000000
5510,-2840.000000,440.000000
5511,-2840.000000,480.000000
5512,-2840.000000,440.000000
5513,-2840.000000,440.000000
5514,-2840.000000,440.000000
5515,-2800.000000,440.000000
5516,-2840.000000,440.000000
5517,-2800.000000,440.000000
5518,-2800.000000,440.000000
5519,-2760.000000,440.000000
5520,-2760.000000,440.000000
5521,-2760.000000,440.000000
5522,-2760.000000,440.000000
5523,-2720.000000,440.000000
5524,-2720.000000,440.000000
5525,-2720.000000,400.000000
5526,-2720.000000,440.000000
5527,-2720.000000,440.000000
5528,-2680.000000,400.000000
5529,-2680.000000,440.000000
5530,-2640.000000,400.000000
5531,-2640.000000,440.000000
5532,-2640.000000,400.000000
5533,-2640.000000,400.000000
5534,-2600.000000,400.000000
5535,-2600.000000,400.000000
5536,-2600.000000,400.000000
5537,-2600.000000,400.000000
5538,-2560.000000,400.000000
5539,-2520.000000,360.000000
5540,-2520.000000,400.000000
5541,-2520.000000,400.000000
5542,-2520.000000,360.000000
5543,-2520.000000,400.000000
5544,-2440.000000,400.000000
5545,-2480.000000,360.000000
5546,-2440.000000,360.000000
5547,-2440.000000,400.000000
5548,-2440.000000,400.000000
5549,-2400.000000,360.000000
5550,-2360.000000,360.000000
5551,-2360.000000,360.000000
5552,-2360.000000,360.000000
5553,-2360.000000,400.000000
5554,-2320.000000,360.000000
5555,-2320.000000,360.000000
5556,-2280.000000,320.000000
5557,-2280.000000,360.000000
5558,-2240.000000,360.000000
5559,-2240.000000,360.000000
5560,-2240.000000,360.000000
5561,-2200.000000,360.000000
5562,-2200.000000,360.000000
5563,-2200.000000,320.000000
5564,-2160.000000,360.000000
5565,-2160.000000,320.000000
5566,-2160.000000,320.000000
5567,-2120.000000,320.000000
5568,-2120.000000,320.000000
5569,-2080.000000,320.000000
5570,-2080.000000,320.000000
5571,-2040.000000,320.000000
5572,-2040.000000,320.000000
5573,-2040.000000,320.000000
5574,-2000.000000,280.000000
5575,-2000.000000,320.000000
5576,-1960.000000,320.000000
5577,-1960.000000,320.000000
5578,-1960.000000,280.000000
5579,-1920.000000,320.000000
5580,-1880.000000,280.000000
5581,-1880.000000,280.000000
5582,-1880.000000,280.000000
5583,-1880.000000,280.000000
5584,-1840.000000,280.000000
5585,-1800.000000,280.000000
5586,-1800.000000,280.000000
5587,-1760.000000,280.000000
5588,-1760.000000,280.000000
5589,-1760.000000,280.000000
5590,-1720.000000,240.000000
5591,-1680.000000,280.000000
5592,-1680.000000,240.000000
5593,-1640.000000,240.000000
5594,-1640.000000,240.000000
5595,-1600.000000,240.000000
5596,-1600.000000,240.000000
5597,-1600.000000,240.000000
5598,-1560.000000,240.000000
5599,-1560.000000,240.000000
5600,-1520.000000,240.000000
5601,-1520.000000,240.000000
5602,-1480.000000,240.000000
5603,-1480.000000,240.000000
5604,-1440.000000,200.000000
5605,-1440.000000,200.000000
5606,-1400.000000,200.000000
5607,-1400.000000,200.000000
5608,-1360.000000,200.000000
5609,-1360.000000,200.000000
5610,-1320.000000,200.000000
5611,-1280.000000,200.000000
5612,-1280.000000,200.000000
5613,-1280.000000,200.000000
5614,-1240.000000,200.000000
5615,-1240.000000,200.000000
5616,-1200.000000,200.000000
5617,-1160.000000,200.000000
5618,-1160.000000,160.000000
5619,-1120.000000,200.000000
5620,-1120.000000,160.000000
5621,-1080.000000,160.000000
5622,-1040.000000,160.000000
5623,-1040.000000,160.000000
5624,-1040.000000,160.000000
5625,-1000.000000,160.000000
5626,-1000.000000,120.000000
5627,-960.000000,120.000000
5628,-960.000000,120.000000
5629,-920.000000,120.000000
5630,-880.000000,160.000000
5631,-880.000000,120.000000
5632,-880.000000,120.000000
5633,-840.000000,120.000000
5634,-800.000000,120.000000
5635,-800.000000,120.000000
5636,-760.000000,120.000000
5637,-760.000000,80.000000
5638,-720.000000,120.000000
5639,-680.000000,80.000000
5640,-680.000000,120.000000
5641,-640.000000,120.000000
5642,-640.000000,80.000000
5643,-600.000000,80.000000
5644,-600.000000,120.000000
5645,-560.000000,80.000000
5646,-520.000000,80.000000
5647,-520.000000,80.000000
5648,-480.000000,80.000000
5649,-440.000000,40.000000
5650,-440.000000,40.000000
5651,-440.000000,40.000000
5652,-400.000000,40.000000
5653,-400.000000,40.000000
5654,-360.000000,40.000000
5655,-360.000000,40.000000
5656,-320.000000,40.000000
5657,-320.000000,40.000000
5658,-320.000000,40.000000
5659,-240.000000,40.000000
5660,-240.000000,40.000000
5661,-200.000000,0.000000
5662,-200.000000,40.000000
5663,-160.000000,0.000000
5664,-120.000000,0.000000
5665,-120.000000,0.000000
5666,-80.000000,0.000000
5667,-80.000000,0.000000
5668,-40.000000,0.000000
5669,-40.000000,0.000000
5670,0.000000,-40.000000
5671,40.000000,0.000000
5672,40.000000,-40.000000
5673,80.000000,0.000000
5674,80.000000,-40.000000
5675,120.000000,-40.000000
5676,160.000000,-40.000000
5677,160.000000,-40.000000
5678,200.000000,-40.000000
5679,200.000000,-40.000000
5680,240.000000,-40.000000
5681,240.000000,-40.000000
5682,280.000000,-40.000000
5683,280.000000,-40.000000
5684,320.000000,-80.000000
5685,360.000000,-40.000000
5686,400.000000,-40.000000
5687,400.000000,-80.000000
5688,440.000000,-80.000000
5689,440.000000,-80.000000
5690,480.000000,-80.000000
5691,520.000000,-80.000000
5692,520.000000,-80.000000
5693,560.000000,-80.000000
5694,600.000000,-80.000000
5695,600.000000,-120.000000
5696,600.000000,-120.000000
5697,640.000000,-120.000000
5698,640.000000,-120.000000
5699,720.000000,-120.000000
5700,720.000000,-120.000000
5701,720.000000,-80.000000
5702,760.000000,-120.000000
5703,800.000000,-120.000000
5704,800.000000,-120.000000
5705,840.000000,-120.000000
5706,880.000000,-160.000000
5707,880.000000,-160.000000
5708,880.000000,-160.000000
5709,920.000000,-120.000000
5710,920.000000,-160.000000
5711,960.000000,-160.000000
5712,960.000000,-160.000000
5713,960.000000,-160.000000
5714,1040.000000,-160.000000
5715,1040.000000,-160.000000
5716,1080.000000,-200.000000
5717,1080.000000,-200.000000
5718,1080.000000,-200.000000
5719,1120.000000,-160.000000
5720,1160.000000,-200.000000
5721,1200.000000,-200.000000
5722,1160.000000,-200.000000
5723,1200.000000,-200.000000
5724,1240.000000,-200.000000
5725,1280.000000,-240.000000
5726,1280.000000,-200.000000
5727,1280.000000,-200.000000
5728,1320.000000,-240.000000
5729,1320.000000,-240.000000
5730,1360.000000,-240.000000
5731,1400.000000,-240.000000
5732,1400.000000,-240.000000
5733,1400.000000,-240.000000
5734,1400.000000,-240.000000
5735,1440.000000,-240.000000
5736,1480.000000,-240.000000
5737,1480.000000,-240.000000
5738,1520.000000,-240.000000
5739,1520.000000,-280.000000
5740,1560.000000,-240.000000
5741,1560.000000,-240.000000
5742,1600.000000,-280.000000
5743,1600.000000,-280.000000
5744,1640.000000,-280.000000
5745,1640.000000,-280.000000
5746,1680.000000,-280.000000
5747,1680.000000,-280.000000
5748,1680.000000,-280.000000
5749,1720.000000,-280.000000
5750,1760.000000,-280.000000
5751,1760.000000,-280.000000
5752,1800.000000,-280.000000
5753,1800.000000,-320.000000
5754,1840.000000,-320.000000
5755,1840.000000,-280.000000
5756,1840.000000,-320.000000
5757,1920.000000,-320.000000
5758,1880.000000,-320.000000
5759,1920.000000,-320.000000
5760,1920.000000,-320.000000
5761,1960.000000,-320.000000
5762,1960.000000,-320.000000
5763,2000.000000,-320.000000
5764,2000.000000,-320.000000
5765,2000.000000,-320.000000
5766,2040.000000,-320.000000
5767,2040.000000,-360.000000
5768,2040.000000,-320.000000
5769,2080.000000,-320.000000
5770,2120.000000,-360.000000
5771,2120.000000,-360.000000
5772,2120.000000,-360.000000
5773,2120.000000,-360.000000
5774,2160.000000,-360.000000
5775,2200.000000,-360.000000
5776,2200.000000,-360.000000
5777,2200.000000,-360.000000
5778,2240.000000,-360.000000
5779,2240.000000,-360.000000
5780,2280.000000,-360.000000
5781,2280.000000,-360.000000
5782,2320.000000,-360.000000
5783,2320.000000,-400.000000
5784,2360.000000,-400.000000
5785,2360.000000,-400.000000
5786,2360.000000,-360.000000
5787,2360.000000,-400.000000
5788,2400.000000,-400.000000
5789,2400.000000,-400.000000
5790,2440.000000,-400.000000
5791,2440.000000,-400.000000
5792,2480.000000,-400.000000
5793,2440.000000,-400.000000
5794,2480.000000,-400.000000
5795,2480.000000,-400.000000
5796,2520.000000,-360.000000
5797,2520.000000,-400.000000
5798,2520.000000,-400.000000
5799,2520.000000,-440.000000
5800,2560.000000,-440.000000
5801,2560.000000,-400.000000
5802,2560.000000,-440.000000
5803,2600.000000,-440.000000
5804,2600.000000,-400.000000
5805,2640.000000,-440.000000
5806,2600.000000,-440.000000
5807,2600.000000,-440.000000
5808,2640.000000,-440.000000
5809,2640.000000,-440.000000
5810,2680.000000,-440.000000
5811,2680.000000,-440.000000
5812,2720.000000,-440.000000
5813,2720.000000,-440.000000
5814,2720.000000,-440.000000
5815,2720.000000,-440.000000
5816,2720.000000,-440.000000
5817,2760.000000,-440.000000
5818,2760.000000,-440.000000
5819,2760.000000,-440.000000
5820,2760.000000,-480.000000
5821,2800.000000,-480.000000
5822,2800.000000,-440.000000
5823,2800.000000,-440.000000
5824,2800.000000,-440.000000
5825,2800.000000,-440.000000
5826,2840.000000,-480.000000
5827,2840.000000,-440.000000
5828,2840.000000,-480.000000
5829,2840.000000,-480.000000
5830,2880.000000,-440.000000
5831,2840.000000,-440.000000
5832,2880.000000,-440.000000
5833,2880.000000,-440.000000
5834,2880.000000,-480.000000
5835,2880.000000,-480.000000
5836,2920.000000,-440.000000
5837,2920.000000,-480.000000
5838,2920.000000,-480.000000
5839,2920.000000,-480.000000
5840,2920.000000,-480.000000
5841,2960.000000,-480.000000
5842,2960.000000,-480.000000
5843,2960.000000,-480.000000
5844,2960.000000,-480.000000
5845,2960.000000,-480.000000
5846,2960.000000,-480.000000
5847,2960.000000,-480.000000
5848,2960.000000,-480.000000
5849,2960.000000,-480.000000
5850,3000.000000,-480.000000
5851,2960.000000,-480.000000
5852,3000.000000,-480.000000
5853,3000.000000,-480.000000
5854,3000.000000,-480.000000
5855,3000.000000,-520.000000
5856,3000.000000,-480.000000
5857,3000.000000,-480.000000
5858,3000.000000,-480.000000
5859,3000.000000,-480.000000
5860,3040.000000,-480.000000
5861,3000.000000,-480.000000
5862,3040.000000,-480.000000
5863,3000.000000,-480.000000
5864,3040.000000,-480.000000
5865,3040.000000,-480.000000
5866,3040.000000,-480.000000
5867,3040.000000,-480.000000
5868,3040.000000,-520.000000
5869,3040.000000,-480.000000
5870,3080.000000,-480.000000
5871,3040.000000,-480.000000
5872,3040.000000,-480.000000
5873,3040.000000,-480.000000
5874,3040.000000,-480.000000
5875,3040.000000,-480.000000
5876,3040.000000,-480.000000
5877,3080.000000,-480.000000
5878,3040.000000,-480.000000
5879,3080.000000,-480.000000
5880,3040.000000,-480.000000
5881,3040.000000,-520.000000
5882,3040.000000,-480.000000
5883,3040.000000,-480.000000
5884,3040.000000,-480.000000
5885,3040.000000,-480.000000
5886,3040.000000,-480.000000
5887,3040.000000,-480.000000
5888,3000.000000,-480.000000
5889,3040.000000,-480.000000
5890,3040.000000,-520.000000
5891,3040.000000,-480.000000
5892,3000.000000,-480.000000
5893,3040.000000,-480.000000
5894,3040.000000,-480.000000
5895,3040.000000,-480.000000
5896,2960.000000,-480.000000
5897,3000.000000,-480.000000
5898,3000.000000,-480.000000
5899,3000.000000,-480.000000
5900,3000.000000,-480.000000
5901,3000.000000,-480.000000
5902,3000.000000,-480.000000
5903,3000.000000,-480.000000
5904,2960.000000,-480.000000
5905,2960.000000,-480.000000
5906,2960.000000,-480.000000
5907,2960.000000,-480.000000
5908,2960.000000,-480.000000
5909,2960.000000,-480.000000
5910,2960.000000,-480.000000
5911,2960.000000,-480.000000
5912,2960.000000,-480.000000
5913,2960.000000,-480.000000
5914,2920.000000,-440.000000
5915,2920.000000,-480.000000
5916,2920.000000,-480.000000
5917,2920.000000,-440.000000
5918,2880.000000,-480.000000
5919,2880.000000,-480.000000
5920,2880.000000,-440.000000
5921,2880.000000,-440.000000
5922,2840.000000,-440.000000
5923,2880.000000,-440.000000
5924,2880.000000,-440.000000
5925,2840.000000,-440.000000
5926,2880.000000,-440.000000
5927,2840.000000,-480.000000
5928,2840.000000,-440.000000
5929,2800.000000,-440.000000
5930,2800.000000,-440.000000
5931,2800.000000,-440.000000
5932,2800.000000,-440.000000
5933,2760.000000,-440.000000
5934,2760.000000,-440.000000
5935,2760.000000,-480.000000
5936,2760.000000,-440.000000
5937,2720.000000,-400.000000
5938,2720.000000,-400.000000
5939,2720.000000,-440.000000
5940,2720.000000,-400.000000
5941,2720.000000,-440.000000
5942,2680.000000,-440.000000
5943,2680.000000,-400.000000
5944,2680.000000,-400.000000
5945,2640.000000,-440.000000
5946,2640.000000,-440.000000
5947,2600.000000,-400.000000
5948,2600.000000,-440.000000
5949,2600.000000,-400.000000
5950,2600.000000,-400.000000
5951,2560.000000,-400.000000
5952,2560.000000,-400.000000
5953,2520.000000,-400.000000
5954,2560.000000,-400.000000
5955,2520.000000,-400.000000
5956,2520.000000,-400.000000
5957,2480.000000,-400.000000
5958,2480.000000,-400.000000
5959,2440.000000,-400.000000
5960,2440.000000,-400.000000
5961,2440.000000,-400.000000
5962,2440.000000,-400.000000
5963,2440.000000,-400.000000
5964,2440.000000,-400.000000
5965,2360.000000,-400.000000
5966,2360.000000,-360.000000
5967,2360.000000,-360.000000
5968,2360.000000,-360.000000
5969,2320.000000,-360.000000
5970,2320.000000,-360.000000
5971,2320.000000,-360.000000
5972,2280.000000,-360.000000
5973,2280.000000,-360.000000
5974,2240.000000,-360.000000
5975,2240.000000,-360.000000
5976,2240.000000,-360.000000
5977,2200.000000,-360.000000
5978,2200.000000,-360.000000
5979,2200.000000,-320.000000
5980,2160.000000,-320.000000
5981,2120.000000,-320.000000
5982,2120.000000,-320.000000
5983,2080.000000,-320.000000
5984,2080.000000,-320.000000
5985,2080.000000,-320.000000
5986,2040.000000,-320.000000
5987,2040.000000,-320.000000
5988,2000.000000,-320.000000
5989,1960.000000,-320.000000
5990,1960.000000,-280.000000
5991,1960.000000,-320.000000
5992,1960.000000,-280.000000
5993,1920.000000,-320.000000
5994,1920.000000,-280.000000
5995,1880.000000,-280.000000
5996,1880.000000,-280.000000
5997,1880.000000,-280.000000
5998,1840.000000,-280.000000
5999,1840.000000,-280.000000
6000,1800.000000,-280.000000
6001,1760.000000,-280.000000
6002,1760.000000,-280.000000
6003,1760.000000,-280.000000
6004,1720.000000,-280.000000
6005,1720.000000,-280.000000
6006,1680.000000,-240.000000
6007,1680.000000,-240.000000
6008,1680.000000,-240.000000
6009,1600.000000,-240.000000
6010,1600.000000,-280.000000
6011,1600.000000,-240.000000
6012,1560.000000,-280.000000
6013,1560.000000,-240.000000
6014,1520.000000,-240.000000
6015,1520.000000,-240.000000
6016,1480.000000,-240.000000
6017,1480.000000,-240.000000
6018,1440.000000,-200.000000
6019,1440.000000,-200.000000
6020,1400.000000,-240.000000
6021,1400.000000,-200.000000
6022,1320.000000,-200.000000
6023,1360.000000,-200.000000
6024,1360.000000,-200.000000
6025,1320.000000,-200.000000
6026,1280.000000,-200.000000
6027,1240.000000,-200.000000
6028,1240.000000,-200.000000
6029,1240.000000,-200.000000
6030,1200.000000,-160.000000
6031,1160.000000,-160.000000
6032,1160.000000,-200.000000
6033,1120.000000,-160.000000
6034,1080.000000,-160.000000
6035,1080.000000,-160.000000
6036,1080.000000,-160.000000
6037,1040.000000,-160.000000
6038,1000.000000,-120.000000
6039,1000.000000,-160.000000
6040,1000.000000,-120.000000
6041,960.000000,-160.000000
6042,960.000000,-120.000000
6043,920.000000,-120.000000
6044,920.000000,-120.000000
6045,880.000000,-120.000000
6046,880.000000,-120.000000
6047,840.000000,-120.000000
6048,800.000000,-120.000000
6049,800.000000,-120.000000
6050,760.000000,-120.000000
6051,720.000000,-80.000000
6052,720.000000,-120.000000
6053,720.000000,-80.000000
6054,680.000000,-120.000000
6055,640.000000,-80.000000
6056,640.000000,-40.000000
6057,640.000000,-80.000000
6058,600.000000,-80.000000
6059,560.000000,-80.000000
6060,560.000000,-80.000000
6061,520.000000,-80.000000
6062,520.000000,-80.000000
6063,480.000000,-40.000000
6064,440.000000,-80.000000
6065,400.000000,-40.000000
6066,400.000000,-40.000000
6067,360.000000,-40.000000
6068,360.000000,-40.000000
6069,280.000000,-40.000000
6070,320.000000,-40.000000
6071,280.000000,-40.000000
6072,240.000000,-40.000000
6073,240.000000,-40.000000
6074,200.000000,0.000000
6075,200.000000,-40.000000
6076,160.000000,0.000000
6077,160.000000,0.000000
6078,120.000000,-40.000000
6079,80.000000,0.000000
6080,80.000000,0.000000
6081,40.000000,0.000000
6082,40.000000,0.000000
6083,0.000000,0.000000
6084,-40.000000,40.000000
6085,-40.000000,40.000000
6086,-80.000000,40.000000
6087,-80.000000,40.000000
6088,-80.000000,40.000000
6089,-120.000000,40.000000
6090,-160.000000,0.000000
6091,-200.000000,40.000000
6092,-200.000000,40.000000
6093,-240.000000,40.000000
6094,-240.000000,40.000000
6095,-240.000000,40.000000
6096,-280.000000,80.000000
6097,-320.000000,80.000000
6098,-320.000000,80.000000
6099,-360.000000,40.000000
6100,-400.000000,80.000000
6101,-400.000000,120.000000
6102,-440.000000,80.000000
6103,-440.000000,80.000000
6104,-480.000000,80.000000
6105,-480.000000,120.000000
6106,-520.000000,80.000000
6107,-560.000000,80.000000
6108,-560.000000,120.000000
6109,-600.000000,120.000000
6110,-640.000000,120.000000
6111,-640.000000,120.000000
6112,-640.000000,120.000000
6113,-680.000000,120.000000
6114,-720.000000,120.000000
6115,-720.000000,120.000000
6116,-760.000000,120.000000
6117,-800.000000,120.000000
6118,-800.000000,160.000000
6119,-800.000000,120.000000
6120,-840.000000,160.000000
6121,-880.000000,160.000000
6122,-880.000000,160.000000
6123,-920.000000,160.000000
6124,-920.000000,160.000000
6125,-960.000000,160.000000
6126,-960.000000,160.000000
6127,-1000.000000,160.000000
6128,-1040.000000,160.000000
6129,-1040.000000,160.000000
6130,-1080.000000,200.000000
6131,-1080.000000,200.000000
6132,-1080.000000,200.000000
6133,-1120.000000,200.000000
6134,-1120.000000,200.000000
6135,-1160.000000,200.000000
6136,-1200.000000,200.000000
6137,-1200.000000,200.000000
6138,-1200.000000,200.000000
6139,-1240.000000,200.000000
6140,-1280.000000,200.000000
6141,-1280.000000,240.000000
6142,-1320.000000,200.000000
6143,-1320.000000,240.000000
6144,-1360.000000,240.000000
6145,-1360.000000,200.000000
6146,-1400.000000,240.000000
6147,-1400.000000,240.000000
6148,-1440.000000,240.000000
6149,-1440.000000,240.000000
6150,-1480.000000,240.000000
6151,-1440.000000,240.000000
6152,-1520.000000,280.000000
6153,-1520.000000,280.000000
6154,-1560.000000,240.000000
6155,-1560.000000,280.000000
6156,-1600.000000,280.000000
6157,-1600.000000,240.000000
6158,-1640.000000,280.000000
6159,-1640.000000,280.000000
6160,-1680.000000,280.000000
6161,-1680.000000,280.000000
6162,-1680.000000,280.000000
6163,-1760.000000,280.000000
6164,-1760.000000,280.000000
6165,-1760.000000,280.000000
6166,-1760.000000,280.000000
6167,-1800.000000,320.000000
6168,-1840.000000,320.000000
6169,-1840.000000,280.000000
6170,-1880.000000,320.000000
6171,-1880.000000,320.000000
6172,-1880.000000,320.000000
6173,-1920.000000,320.000000
6174,-1920.000000,320.000000
6175,-1960.000000,320.000000
6176,-1960.000000,320.000000
6177,-2000.000000,320.000000
6178,-2000.000000,360.000000
6179,-2000.000000,320.000000
6180,-2040.000000,360.000000
6181,-2040.000000,360.000000
6182,-2040.000000,320.000000
6183,-2120.000000,320.000000
6184,-2120.000000,360.000000
6185,-2120.000000,320.000000
6186,-2160.000000,360.000000
6187,-2120.000000,360.000000
6188,-2160.000000,360.000000
6189,-2200.000000,360.000000
6190,-2200.000000,360.000000
6191,-2200.000000,360.000000
6192,-2200.000000,360.000000
6193,-2200.000000,360.000000
6194,-2240.000000,360.000000
6195,-2240.000000,360.000000
6196,-2240.000000,400.000000
6197,-2280.000000,360.000000
6198,-2280.000000,360.000000
6199,-2320.000000,360.000000
6200,-2360.000000,400.000000
6201,-2360.000000,400.000000
6202,-2360.000000,400.000000
6203,-2360.000000,400.000000
6204,-2400.000000,400.000000
6205,-2440.000000,400.000000
6206,-2480.000000,400.000000
6207,-2440.000000,400.000000
6208,-2480.000000,440.000000
6209,-2480.000000,400.000000
6210,-2480.000000,400.000000
6211,-2520.000000,400.000000
6212,-2520.000000,440.000000
6213,-2520.000000,400.000000
6214,-2520.000000,400.000000
6215,-2560.000000,400.000000
6216,-2560.000000,440.000000
6217,-2600.000000,400.000000
6218,-2600.000000,400.000000
6219,-2640.000000,440.000000
6220,-2640.000000,440.000000
6221,-2640.000000,440.000000
6222,-2680.000000,440.000000
6223,-2680.000000,400.000000
6224,-2680.000000,440.000000
6225,-2680.000000,440.000000
6226,-2680.000000,440.000000
6227,-2720.000000,440.000000
6228,-2760.000000,480.000000
6229,-2720.000000,440.000000
6230,-2760.000000,440.000000
6231,-2760.000000,440.000000
6232,-2760.000000,440.000000
6233,-2760.000000,440.000000
6234,-2760.000000,440.000000
6235,-2800.000000,480.000000
6236,-2800.000000,440.000000
6237,-2800.000000,440.000000
6238,-2840.000000,440.000000
6239,-2840.000000,440.000000
6240,-2800.000000,480.000000
6241,-2840.000000,440.000000
6242,-2880.000000,480.000000
6243,-2880.000000,440.000000
6244,-2880.000000,480.000000
6245,-2880.000000,480.000000
6246,-2880.000000,480.000000
6247,-2880.000000,480.000000
6248,-2920.000000,480.000000
6249,-2920.000000,440.000000
6250,-2920.000000,480.000000
6251,-2920.000000,480.000000
6252,-2920.000000,480.000000
6253,-2920.000000,480.000000
6254,-2960.000000,480.000000
6255,-2960.000000,440.000000
6256,-2960.000000,480.000000
6257,-3000.000000,480.000000
6258,-2960.000000,480.000000
6259,-3000.000000,480.000000
6260,-3000.000000,480.000000
6261,-3000.000000,480.000000
6262,-3000.000000,480.000000
6263,-3000.000000,480.000000
6264,-3000.000000,480.000000
6265,-3040.000000,480.000000
6266,-3000.000000,480.000000
6267,-3040.000000,480.000000
6268,-3000.000000,480.000000
6269,-3000.000000,480.000000
6270,-3040.000000,480.000000
6271,-3080.000000,480.000000
6272,-3080.000000,480.000000
6273,-3040.000000,480.000000
6274,-3040.000000,480.000000
6275,-3040.000000,520.000000
6276,-3040.000000,480.000000
6277,-3040.000000,480.000000
6278,-3040.000000,480.000000
6279,-3040.000000,480.000000
6280,-3120.000000,480.000000
6281,-3080.000000,480.000000
6282,-3080.000000,520.000000
6283,-3080.000000,520.000000
6284,-3080.000000,480.000000
6285,-3080.000000,480.000000
6286,-3120.000000,480.000000
6287,-3120.000000,520.000000
6288,-3080.000000,480.000000
6289,-3080.000000,480.000000
6290,-3080.000000,480.000000
6291,-3080.000000,480.000000
6292,-3080.000000,480.000000
6293,-3120.000000,480.000000
6294,-3120.000000,480.000000
6295,-3080.000000,480.000000
6296,-3080.000000,480.000000
6297,-3080.000000,480.000000
6298,-3080.000000,520.000000
6299,-3080.000000,480.000000
6300,-3080.000000,480.000000
6301,-3080.000000,480.000000
6302,-3080.000000,480.000000
6303,-3080.000000,440.000000
6304,-3080.000000,480.000000
6305,-3080.000000,480.000000
6306,-3080.000000,480.000000
6307,-3080.000000,520.000000
6308,-3080.000000,480.000000
6309,-3080.000000,480.000000
6310,-3040.000000,480.000000
6311,-3040.000000,480.000000
6312,-3080.000000,480.000000
6313,-3080.000000,440.000000
6314,-3040.000000,480.000000
6315,-3040.000000,480.000000
6316,-3040.000000,480.000000
6317,-3040.000000,480.000000
6318,-3040.000000,480.000000
6319,-3040.000000,480.000000
6320,-3000.000000,480.000000
6321,-3000.000000,480.000000
6322,-3000.000000,480.000000
6323,-3000.000000,480.000000
6324,-3000.000000,480.000000
6325,-3000.000000,480.000000
6326,-3000.000000,480.000000
6327,-3000.000000,480.000000
6328,-3000.000000,480.000000
6329,-2960.000000,440.000000
6330,-2960.000000,480.000000
6331,-2960.000000,480.000000
6332,-2960.000000,480.000000
6333,-2960.000000,480.000000
6334,-2960.000000,480.000000
6335,-2920.000000,440.000000
6336,-2920.000000,440.000000
6337,-2920.000000,480.000000
6338,-2920.000000,440.000000
6339,-2880.000000,440.000000
6340,-2880.000000,440.000000
6341,-2880.000000,440.000000
6342,-2880.000000,440.000000
6343,-2880.000000,440.000000
6344,-2880.000000,440.000000
6345,-2840.000000,480.000000
6346,-2840.000000,440.000000
6347,-2840.000000,440.000000
6348,-2800.000000,440.000000
6349,-2840.000000,440.000000
6350,-2800.000000,440.000000
6351,-2800.000000,440.000000
6352,-2800.000000,440.000000
6353,-2800.000000,440.000000
6354,-2760.000000,440.000000
6355,-2760.000000,440.000000
6356,-2720.000000,440.000000
6357,-2720.000000,440.000000
6358,-2720.000000,440.000000
6359,-2680.000000,440.000000
6360,-2720.000000,440.000000
6361,-2680.000000,440.000000
6362,-2680.000000,440.000000
6363,-2680.000000,400.000000
6364,-2640.000000,440.000000
6365,-2640.000000,400.000000
6366,-2640.000000,400.000000
6367,-2640.000000,400.000000
6368,-2600.000000,400.000000
6369,-2600.000000,400.000000
6370,-2560.000000,400.000000
6371,-2560.000000,400.000000
6372,-2560.000000,400.000000
6373,-2520.000000,400.000000
6374,-2520.000000,360.000000
6375,-2520.000000,400.000000
6376,-2520.000000,400.000000
6377,-2480.000000,400.000000
6378,-2480.000000,400.000000
6379,-2440.000000,360.000000
6380,-2440.000000,400.000000
6381,-2400.000000,360.000000
6382,-2440.000000,360.000000
6383,-2440.000000,360.000000
6384,-2360.000000,360.000000
6385,-2360.000000,360.000000
6386,-2320.000000,360.000000
6387,-2320.000000,360.000000
6388,-2320.000000,360.000000
6389,-2280.000000,360.000000
6390,-2280.000000,360.000000
6391,-2240.000000,360.000000
6392,-2280.000000,360.000000
6393,-2240.000000,360.000000
6394,-2240.000000,360.000000
6395,-2200.000000,320.000000
6396,-2200.000000,320.000000
6397,-2160.000000,360.000000
6398,-2160.000000,320.000000
6399,-2160.000000,360.000000
6400,-2120.000000,320.000000
6401,-2120.000000,320.000000
6402,-2080.000000,320.000000
6403,-2040.000000,320.000000
6404,-2040.000000,320.000000
6405,-2040.000000,320.000000
6406,-2040.000000,320.000000
6407,-2000.000000,320.000000
6408,-2000.000000,320.000000
6409,-1960.000000,280.000000
6410,-1960.000000,280.000000
6411,-1960.000000,280.000000
6412,-1920.000000,280.000000
6413,-1920.000000,280.000000
6414,-1880.000000,280.000000
6415,-1880.000000,280.000000
6416,-1880.000000,280.000000
6417,-1840.000000,280.000000
6418,-1800.000000,280.000000
6419,-1800.000000,280.000000
6420,-1760.000000,280.000000
6421,-1760.000000,280.000000
6422,-1720.000000,240.000000
6423,-1720.000000,240.000000
6424,-1680.000000,280.000000
6425,-1680.000000,280.000000
6426,-1640.000000,240.000000
6427,-1640.000000,240.000000
6428,-1640.000000,240.000000
6429,-1600.000000,240.000000
6430,-1600.000000,240.000000
6431,-1560.000000,240.000000
6432,-1520.000000,240.000000
6433,-1520.000000,240.000000
6434,-1520.000000,240.000000
6435,-1520.000000,240.000000
6436,-1480.000000,240.000000
6437,-1440.000000,200.000000
6438,-1440.000000,200.000000
6439,-1400.000000,200.000000
6440,-1400.000000,200.000000
6441,-1400.000000,200.000000
6442,-1360.000000,200.000000
6443,-1320.000000,160.000000
6444,-1320.000000,160.000000
6445,-1280.000000,200.000000
6446,-1280.000000,200.000000
6447,-1240.000000,200.000000
6448,-1240.000000,200.000000
6449,-1200.000000,200.000000
6450,-1160.000000,160.000000
6451,-1160.000000,160.000000
6452,-1120.000000,160.000000
6453,-1120.000000,200.000000
6454,-1080.000000,160.000000
6455,-1080.000000,160.000000
6456,-1080.000000,160.000000
6457,-1040.000000,160.000000
6458,-1000.000000,120.000000
6459,-1000.000000,160.000000
6460,-960.000000,120.000000
6461,-960.000000,120.000000
6462,-920.000000,120.000000
6463,-920.000000,160.000000
6464,-880.000000,120.000000
6465,-840.000000,120.000000
6466,-840.000000,120.000000
6467,-840.000000,120.000000
6468,-800.000000,120.000000
6469,-800.000000,120.000000
6470,-720.000000,80.000000
6471,-720.000000,120.000000
6472,-720.000000,120.000000
6473,-680.000000,80.000000
6474,-680.000000,80.000000
6475,-640.000000,80.000000
6476,-600.000000,80.000000
6477,-600.000000,80.000000
6478,-560.000000,80.000000
6479,-560.000000,40.000000
6480,-520.000000,80.000000
6481,-480.000000,40.000000
6482,-480.000000,80.000000
6483,-440.000000,80.000000
6484,-440.000000,80.000000
6485,-400.000000,80.000000
6486,-360.000000,40.000000
6487,-360.000000,40.000000
6488,-360.000000,40.000000
6489,-320.000000,40.000000
6490,-320.000000,40.000000
6491,-320.000000,40.000000
6492,-240.000000,0.000000
6493,-200.000000,0.000000
6494,-200.000000,40.000000
6495,-160.000000,40.000000
6496,-160.000000,0.000000
6497,-120.000000,0.000000
6498,-120.000000,0.000000
6499,-80.000000,0.000000
6500,-80.000000,0.000000
6501,-40.000000,0.000000
6502,0.000000,-40.000000
6503,0.000000,0.000000
6504,0.000000,-40.000000
6505,80.000000,0.000000
6506,80.000000,0.000000
6507,80.000000,-40.000000
6508,120.000000,-40.000000
6509,120.000000,-40.000000
6510,160.000000,-40.000000
6511,200.000000,-40.000000
6512,200.000000,-40.000000
6513,200.000000,-40.000000
6514,240.000000,-40.000000
6515,280.000000,-40.000000
6516,280.000000,-80.000000
6517,320.000000,-80.000000
6518,360.000000,-80.000000
6519,360.000000,-80.000000
6520,400.000000,-80.000000
6521,400.000000,-80.000000
6522,440.000000,-80.000000
6523,480.000000,-80.000000
6524,520.000000,-80.000000
6525,520.000000,-80.000000
6526,520.000000,-80.000000
6527,560.000000,-80.000000
6528,600.000000,-80.000000
6529,640.000000,-80.000000
6530,640.000000,-120.000000
6531,680.000000,-120.000000
6532,680.000000,-120.000000
6533,680.000000,-120.000000
6534,760.000000,-120.000000
6535,760.000000,-120.000000
6536,760.000000,-160.000000
6537,800.000000,-120.000000
6538,800.000000,-160.000000
6539,840.000000,-120.000000
6540,840.000000,-160.000000
6541,840.000000,-160.000000
6542,920.000000,-120.000000
6543,920.000000,-160.000000
6544,920.000000,-160.000000
6545,960.000000,-160.000000
6546,960.000000,-160.000000
6547,1000.000000,-200.000000
6548,1040.000000,-160.000000
6549,1040.000000,-160.000000
6550,1080.000000,-160.000000
6551,1120.000000,-200.000000
6552,1080.000000,-160.000000
6553,1160.000000,-200.000000
6554,1160.000000,-200.000000
6555,1200.000000,-200.000000
6556,1200.000000,-200.000000
6557,1240.000000,-240.000000
6558,1240.000000,-200.000000
6559,1240.000000,-200.000000
6560,1280.000000,-200.000000
6561,1320.000000,-240.000000
6562,1320.000000,-240.000000
6563,1320.000000,-240.000000
6564,1360.000000,-240.000000
6565,1360.000000,-240.000000
6566,1400.000000,-240.000000
6567,1440.000000,-240.000000
6568,1440.000000,-280.000000
6569,1440.000000,-240.000000
6570,1480.000000,-240.000000
6571,1520.000000,-240.000000
6572,1520.000000,-240.000000
6573,1520.000000,-280.000000
6574,1560.000000,-280.000000
6575,1600.000000,-280.000000
6576,1600.000000,-280.000000
6577,1640.000000,-280.000000
6578,1640.000000,-280.000000
6579,1680.000000,-280.000000
6580,1680.000000,-240.000000
6581,1720.000000,-280.000000
6582,1720.000000,-280.000000
6583,1760.000000,-280.000000
6584,1760.000000,-280.000000
6585,1800.000000,-320.000000
6586,1800.000000,-280.000000
6587,1800.000000,-280.000000
6588,1840.000000,-280.000000
6589,1840.000000,-320.000000
6590,1880.000000,-320.000000
6591,1880.000000,-320.000000
6592,1920.000000,-320.000000
6593,1960.000000,-320.000000
6594,1960.000000,-320.000000
6595,1960.000000,-320.000000
6596,2000.000000,-360.000000
6597,1960.000000,-320.000000
6598,2000.000000,-320.000000
6599,2040.000000,-320.000000
6600,2040.000000,-320.000000
6601,2080.000000,-320.000000
6602,2080.000000,-360.000000
6603,2080.000000,-360.000000
6604,2120.000000,-360.000000
6605,2120.000000,-360.000000
6606,2120.000000,-360.000000
6607,2160.000000,-360.000000
6608,2160.000000,-360.000000
6609,2200.000000,-360.000000
6610,2200.000000,-360.000000
6611,2240.000000,-360.000000
6612,2240.000000,-360.000000
6613,2240.000000,-360.000000
6614,2280.000000,-400.000000
6615,2280.000000,-360.000000
6616,2320.000000,-360.000000
6617,2320.000000,-400.000000
6618,2320.000000,-400.000000
6619,2360.000000,-400.000000
6620,2360.000000,-400.000000
6621,2360.000000,-400.000000
6622,2400.000000,-400.000000
6623,2400.000000,-400.000000
6624,2440.000000,-400.000000
6625,2440.000000,-400.000000
6626,2440.000000,-400.000000
6627,2480.000000,-400.000000
6628,2480.000000,-400.000000
6629,2480.000000,-400.000000
6630,2520.000000,-400.000000
6631,2520.000000,-440.000000
6632,2520.000000,-400.000000
6633,2520.000000,-400.000000
6634,2560.000000,-400.000000
6635,2560.000000,-440.000000
6636,2600.000000,-440.000000
6637,2600.000000,-440.000000
6638,2600.000000,-440.000000
6639,2600.000000,-440.000000
6640,2640.000000,-440.000000
6641,2640.000000,-440.000000
6642,2640.000000,-440.000000
6643,2640.000000,-440.000000
6644,2680.000000,-440.000000
6645,2720.000000,-440.000000
6646,2680.000000,-440.000000
6647,2720.000000,-440.000000
6648,2720.000000,-440.000000
6649,2720.000000,-440.000000
6650,2760.000000,-440.000000
6651,2760.000000,-440.000000
6652,2760.000000,-440.000000
6653,2760.000000,-440.000000
6654,2760.000000,-440.000000
6655,2760.000000,-480.000000
6656,2800.000000,-440.000000
6657,2800.000000,-440.000000
6658,2840.000000,-480.000000
6659,2840.000000,-440.000000
6660,2800.000000,-440.000000
6661,2880.000000,-440.000000
6662,2880.000000,-480.000000
6663,2880.000000,-480.000000
6664,2840.000000,-480.000000
6665,2880.000000,-480.000000
6666,2880.000000,-440.000000
6667,2920.000000,-440.000000
6668,2920.000000,-480.000000
6669,2920.000000,-480.000000
6670,2920.000000,-480.000000
6671,2880.000000,-480.000000
6672,2960.000000,-440.000000
6673,2920.000000,-440.000000
6674,2920.000000,-480.000000
6675,2960.000000,-480.000000
6676,2920.000000,-480.000000
6677,2960.000000,-480.000000
6678,2960.000000,-480.000000
6679,2960.000000,-480.000000
6680,2960.000000,-480.000000
6681,2960.000000,-480.000000
6682,2960.000000,-480.000000
6683,3000.000000,-480.000000
6684,2960.000000,-480.000000
6685,2960.000000,-480.000000
6686,2960.000000,-480.000000
6687,2960.000000,-480.000000
6688,3000.000000,-440.000000
6689,3040.000000,-480.000000
6690,3000.000000,-480.000000
6691,3000.000000,-480.000000
6692,3000.000000,-480.000000
6693,3000.000000,-480.000000
6694,3040.000000,-480.000000
6695,3040.000000,-480.000000
6696,3000.000000,-480.000000
6697,3040.000000,-520.000000
6698,3040.000000,-480.000000
6699,3040.000000,-480.000000
6700,3040.000000,-480.000000
6701,3000.000000,-480.000000
6702,3040.000000,-480.000000
6703,3000.000000,-480.000000
6704,3040.000000,-480.000000
6705,3040.000000,-480.000000
6706,3040.000000,-480.000000
6707,3040.000000,-480.000000
6708,3040.000000,-480.000000
6709,3040.000000,-520.000000
6710,3040.000000,-480.000000
6711,3040.000000,-480.000000
6712,3080.000000,-480.000000
6713,3040.000000,-480.000000
6714,3040.000000,-480.000000
6715,3040.000000,-480.000000
6716,3040.000000,-480.000000
6717,3040.000000,-480.000000
6718,3000.000000,-480.000000
6719,3040.000000,-480.000000
6720,3040.000000,-480.000000
6721,3040.000000,-520.000000
6722,3080.000000,-440.000000
6723,3040.000000,-480.000000
6724,3040.000000,-480.000000
6725,3000.000000,-480.000000
6726,3000.000000,-480.000000
6727,3000.000000,-480.000000
6728,3000.000000,-480.000000
6729,3040.000000,-480.000000
6730,3000.000000,-480.000000
6731,3000.000000,-480.000000
6732,2960.000000,-480.000000
6733,3000.000000,-480.000000
6734,3000.000000,-480.000000
6735,3000.000000,-480.000000
6736,2960.000000,-480.000000
6737,2960.000000,-480.000000
6738,2960.000000,-480.000000
6739,2960.000000,-440.000000
6740,2960.000000,-480.000000
6741,2960.000000,-480.000000
6742,2920.000000,-480.000000
6743,2960.000000,-480.000000
6744,2960.000000,-440.000000
6745,2920.000000,-480.000000
6746,2920.000000,-480.000000
6747,2920.000000,-440.000000
6748,2920.000000,-480.000000
6749,2920.000000,-480.000000
6750,2880.000000,-440.000000
6751,2920.000000,-480.000000
6752,2920.000000,-480.000000
6753,2880.000000,-480.000000
6754,2880.000000,-480.000000
6755,2880.000000,-480.000000
6756,2880.000000,-440.000000
6757,2840.000000,-440.000000
6758,2840.000000,-480.000000
6759,2840.000000,-440.000000
6760,2840.000000,-440.000000
6761,2800.000000,-440.000000
6762,2800.000000,-440.000000
6763,2800.000000,-440.000000
6764,2800.000000,-440.000000
6765,2760.000000,-440.000000
6766,2760.000000,-440.000000
6767,2760.000000,-440.000000
6768,2760.000000,-440.000000
6769,2720.000000,-440.000000
6770,2720.000000,-400.000000
6771,2760.000000,-400.000000
6772,2720.000000,-440.000000
6773,2680.000000,-400.000000
6774,2680.000000,-400.000000
6775,2640.000000,-440.000000
6776,2680.000000,-440.000000
6777,2680.000000,-400.000000
6778,2680.000000,-400.000000
6779,2640.000000,-440.000000
6780,2640.000000,-440.000000
6781,2600.000000,-440.000000
6782,2600.000000,-400.000000
6783,2600.000000,-400.000000
6784,2600.000000,-400.000000
6785,2560.000000,-400.000000
6786,2560.000000,-400.000000
6787,2560.000000,-440.000000
6788,2520.000000,-400.000000
6789,2480.000000,-400.000000
6790,2520.000000,-400.000000
6791,2480.000000,-400.000000
6792,2440.000000,-400.000000
6793,2440.000000,-400.000000
6794,2440.000000,-400.000000
6795,2440.000000,-400.000000
6796,2400.000000,-400.000000
6797,2400.000000,-360.000000
6798,2400.000000,-360.000000
6799,2360.000000,-400.000000
6800,2360.000000,-400.000000
6801,2320.000000,-360.000000
6802,2320.000000,-360.000000
6803,2320.000000,-360.000000
6804,2280.000000,-360.000000
6805,2280.000000,-360.000000
6806,2280.000000,-360.000000
6807,2240.000000,-320.000000
6808,2240.000000,-320.000000
6809,2240.000000,-360.000000
6810,2200.000000,-360.000000
6811,2200.000000,-320.000000
6812,2160.000000,-320.000000
6813,2160.000000,-320.000000
6814,2160.000000,-360.000000
6815,2120.000000,-320.000000
6816,2080.000000,-320.000000
6817,2080.000000,-320.000000
6818,2080.000000,-320.000000
6819,2040.000000,-320.000000
6820,2040.000000,-320.000000
6821,2000.000000,-320.000000
6822,2040.000000,-320.000000
6823,2000.000000,-320.000000
6824,1960.000000,-280.000000
6825,1960.000000,-320.000000
6826,1920.000000,-280.000000
6827,1920.000000,-280.000000
6828,1920.000000,-280.000000
6829,1880.000000,-280.000000
6830,1840.000000,-280.000000
6831,1840.000000,-280.000000
6832,1800.000000,-280.000000
6833,1800.000000,-320.000000
6834,1800.000000,-320.000000
6835,1760.000000,-280.000000
6836,1760.000000,-280.000000
6837,1720.000000,-280.000000
6838,1720.000000,-240.000000
6839,1680.000000,-240.000000
6840,1680.000000,-240.000000
6841,1640.000000,-280.000000
6842,1640.000000,-240.000000
6843,1600.000000,-240.000000
6844,1600.000000,-240.000000
6845,1600.000000,-240.000000
6846,1520.000000,-240.000000
6847,1520.000000,-280.000000
6848,1520.000000,-200.000000
6849,1480.000000,-200.000000
6850,1480.000000,-240.000000
6851,1440.000000,-240.000000
6852,1440.000000,-200.000000
6853,1400.000000,-200.000000
6854,1360.000000,-200.000000
6855,1360.000000,-200.000000
6856,1360.000000,-200.000000
6857,1320.000000,-200.000000
6858,1320.000000,-200.000000
6859,1280.000000,-200.000000
6860,1280.000000,-200.000000
6861,1240.000000,-160.000000
6862,1200.000000,-160.000000
6863,1200.000000,-160.000000
6864,1200.000000,-200.000000
6865,1160.000000,-160.000000
6866,1120.000000,-160.000000
6867,1120.000000,-160.000000
6868,1080.000000,-160.000000
6869,1080.000000,-160.000000
6870,1080.000000,-160.000000
6871,1040.000000,-160.000000
6872,1000.000000,-160.000000
6873,1000.000000,-160.000000
6874,960.000000,-160.000000
6875,960.000000,-120.000000
6876,920.000000,-120.000000
6877,920.000000,-120.000000
6878,880.000000,-120.000000
6879,840.000000,-120.000000
6880,840.000000,-120.000000
6881,840.000000,-120.000000
6882,800.000000,-120.000000
6883,760.000000,-120.000000
6884,760.000000,-80.000000
6885,720.000000,-120.000000
6886,720.000000,-80.000000
6887,720.000000,-120.000000
6888,680.000000,-80.000000
6889,640.000000,-120.000000
6890,600.000000,-120.000000
6891,600.000000,-80.000000
6892,560.000000,-80.000000
6893,560.000000,-80.000000
6894,520.000000,-80.000000
6895,480.000000,-80.000000
6896,480.000000,-40.000000
6897,440.000000,-40.000000
6898,440.000000,-40.000000
6899,400.000000,-80.000000
6900,360.000000,-40.000000
6901,360.000000,-40.000000
6902,320.000000,-40.000000
6903,320.000000,-40.000000
6904,280.000000,-40.000000
6905,240.000000,0.000000
6906,240.000000,-40.000000
6907,240.000000,-40.000000
6908,200.000000,0.000000
6909,160.000000,0.000000
6910,120.000000,-40.000000
6911,120.000000,0.000000
6912,120.000000,-40.000000
6913,80.000000,0.000000
6914,80.000000,0.000000
6915,40.000000,0.000000
6916,40.000000,0.000000
6917,0.000000,0.000000
6918,-40.000000,40.000000
6919,-80.000000,40.000000
6920,-80.000000,0.000000
6921,-120.000000,40.000000
6922,-120.000000,40.000000
6923,-160.000000,40.000000
6924,-160.000000,40.000000
6925,-200.000000,40.000000
6926,-240.000000,40.000000
6927,-240.000000,40.000000
6928,-280.000000,40.000000
6929,-240.000000,40.000000
6930,-280.000000,40.000000
6931,-320.000000,80.000000
6932,-360.000000,80.000000
6933,-360.000000,80.000000
6934,-400.000000,80.000000
6935,-440.000000,80.000000
6936,-440.000000,80.000000
6937,-480.000000,80.000000
6938,-480.000000,80.000000
6939,-520.000000,80.000000
6940,-520.000000,80.000000
6941,-560.000000,120.000000
6942,-600.000000,80.000000
6943,-640.000000,120.000000
6944,-640.000000,120.000000
6945,-640.000000,120.000000
6946,-680.000000,120.000000
6947,-720.000000,120.000000
6948,-720.000000,120.000000
6949,-720.000000,120.000000
6950,-760.000000,120.000000
6951,-800.000000,120.000000
6952,-800.000000,120.000000
6953,-840.000000,160.000000
6954,-840.000000,160.000000
6955,-880.000000,120.000000
6956,-880.000000,160.000000
6957,-920.000000,160.000000
6958,-960.000000,160.000000
6959,-960.000000,160.000000
6960,-1000.000000,160.000000
6961,-1000.000000,160.000000
6962,-1040.000000,200.000000
6963,-1040.000000,160.000000
6964,-1080.000000,200.000000
6965,-1080.000000,160.000000
6966,-1120.000000,160.000000
6967,-1120.000000,160.000000
6968,-1160.000000,200.000000
6969,-1200.000000,200.000000
6970,-1240.000000,200.000000
6971,-1200.000000,160.000000
6972,-1240.000000,200.000000
6973,-1240.000000,240.000000
6974,-1280.000000,240.000000
6975,-1320.000000,200.000000
6976,-1320.000000,240.000000
6977,-1360.000000,240.000000
6978,-1360.000000,200.000000
6979,-1400.000000,240.000000
6980,-1440.000000,240.000000
6981,-1440.000000,240.000000
6982,-1440.000000,240.000000
6983,-1480.000000,240.000000
6984,-1480.000000,240.000000
6985,-1520.000000,240.000000
6986,-1520.000000,280.000000
6987,-1520.000000,280.000000
6988,-1560.000000,280.000000
6989,-1600.000000,240.000000
6990,-1600.000000,280.000000
6991,-1640.000000,280.000000
6992,-1640.000000,280.000000
6993,-1680.000000,280.000000
6994,-1680.000000,280.000000
6995,-1720.000000,280.000000
6996,-1720.000000,280.000000
6997,-1720.000000,280.000000
6998,-1760.000000,280.000000
6999,-1760.000000,280.000000
7000,-1800.000000,320.000000
7001,-1800.000000,280.000000
7002,-1840.000000,280.000000
7003,-1840.000000,280.000000
7004,-1880.000000,320.000000
7005,-1880.000000,280.000000
7006,-1920.000000,320.000000
7007,-1920.000000,320.000000
7008,-1960.000000,320.000000
7009,-1960.000000,320.000000
7010,-1960.000000,320.000000
7011,-2000.000000,360.000000
7012,-2040.000000,320.000000
7013,-2040.000000,320.000000
7014,-2040.000000,320.000000
7015,-2080.000000,320.000000
7016,-2080.000000,320.000000
7017,-2080.000000,360.000000
7018,-2120.000000,360.000000
7019,-2120.000000,320.000000
7020,-2120.000000,360.000000
7021,-2120.000000,360.000000
7022,-2160.000000,360.000000
7023,-2160.000000,360.000000
7024,-2200.000000,360.000000
7025,-2240.000000,360.000000
7026,-2240.000000,360.000000
7027,-2200.000000,360.000000
7028,-2240.000000,360.000000
7029,-2280.000000,360.000000
7030,-2320.000000,400.000000
7031,-2320.000000,400.000000
7032,-2320.000000,400.000000
7033,-2360.000000,400.000000
7034,-2360.000000,360.000000
7035,-2360.000000,400.000000
7036,-2360.000000,400.000000
7037,-2400.000000,400.000000
7038,-2440.000000,400.000000
7039,-2400.000000,400.000000
7040,-2440.000000,400.000000
7041,-2440.000000,400.000000
7042,-2480.000000,400.000000
7043,-2520.000000,400.000000
7044,-2520.000000,400.000000
7045,-2520.000000,440.000000
7046,-2520.000000,400.000000
7047,-2560.000000,400.000000
7048,-2560.000000,400.000000
7049,-2600.000000,400.000000
7050,-2600.000000,400.000000
7051,-2600.000000,400.000000
7052,-2600.000000,440.000000
7053,-2640.000000,440.000000
7054,-2640.000000,440.000000
7055,-2640.000000,440.000000
7056,-2680.000000,440.000000
7057,-2640.000000,440.000000
7058,-2720.000000,440.000000
7059,-2680.000000,440.000000
7060,-2720.000000,440.000000
7061,-2720.000000,440.000000
7062,-2720.000000,440.000000
7063,-2720.000000,440.000000
7064,-2760.000000,440.000000
7065,-2760.000000,440.000000
7066,-2760.000000,440.000000
7067,-2760.000000,440.000000
7068,-2800.000000,440.000000
7069,-2840.000000,440.000000
7070,-2840.000000,440.000000
7071,-2840.000000,480.000000
7072,-2840.000000,480.000000
7073,-2840.000000,440.000000
7074,-2840.000000,440.000000
7075,-2840.000000,440.000000
7076,-2840.000000,480.000000
7077,-2880.000000,480.000000
7078,-2880.000000,480.000000
7079,-2920.000000,440.000000
7080,-2880.000000,480.000000
7081,-2920.000000,440.000000
7082,-2920.000000,440.000000
7083,-2920.000000,480.000000
7084,-2920.000000,480.000000
7085,-2920.000000,480.000000
7086,-2920.000000,480.000000
7087,-2920.000000,480.000000
7088,-2920.000000,480.000000
7089,-2960.000000,480.000000
7090,-2960.000000,480.000000
7091,-2960.000000,480.000000
7092,-2960.000000,480.000000
7093,-3000.000000,480.000000
7094,-3000.000000,480.000000
7095,-2960.000000,480.000000
7096,-3000.000000,480.000000
7097,-3000.000000,480.000000
7098,-3000.000000,480.000000
7099,-3040.000000,480.000000
7100,-3000.000000,480.000000
7101,-3040.000000,480.000000
7102,-3040.000000,480.000000
7103,-3040.000000,480.000000
7104,-3040.000000,480.000000
7105,-3040.000000,480.000000
7106,-3040.000000,480.000000
7107,-3040.000000,480.000000
7108,-3040.000000,480.000000
7109,-3040.000000,480.000000
7110,-3040.000000,480.000000
7111,-3040.000000,480.000000
7112,-3080.000000,480.000000
7113,-3080.000000,480.000000
7114,-3080.000000,480.000000
7115,-3080.000000,480.000000
7116,-3080.000000,480.000000
7117,-3120.000000,480.000000
7118,-3080.000000,480.000000
7119,-3080.000000,480.000000
7120,-3080.000000,480.000000
7121,-3080.000000,480.000000
7122,-3080.000000,480.000000
7123,-3080.000000,480.000000
7124,-3080.000000,480.000000
7125,-3080.000000,480.000000
7126,-3080.000000,480.000000
7127,-3120.000000,480.000000
7128,-3080.000000,480.000000
7129,-3080.000000,480.000000
7130,-3080.000000,480.000000
7131,-3080.000000,480.000000
7132,-3080.000000,520.000000
7133,-3040.000000,480.000000
7134,-3080.000000,480.000000
7135,-3080.000000,520.000000
7136,-3120.000000,480.000000
7137,-3080.000000,480.000000
7138,-3080.000000,480.000000
7139,-3080.000000,480.000000
7140,-3080.000000,480.000000
7141,-3080.000000,480.000000
7142,-3080.000000,480.000000
7143,-3040.000000,480.000000
7144,-3080.000000,480.000000
7145,-3040.000000,480.000000
7146,-3040.000000,480.000000
7147,-3040.000000,480.000000
7148,-3080.000000,520.000000
7149,-3040.000000,480.000000
7150,-3040.000000,480.000000
7151,-3000.000000,480.000000
7152,-3040.000000,480.000000
7153,-3040.000000,480.000000
7154,-3000.000000,480.000000
7155,-3000.000000,480.000000
7156,-3000.000000,480.000000
7157,-3000.000000,480.000000
7158,-3000.000000,480.000000
7159,-3000.000000,480.000000
7160,-2960.000000,480.000000
7161,-2960.000000,480.000000
7162,-2960.000000,480.000000
7163,-3000.000000,480.000000
7164,-2920.000000,480.000000
7165,-2960.000000,480.000000
7166,-2920.000000,480.000000
7167,-2920.000000,480.000000
7168,-2920.000000,440.000000
7169,-2920.000000,480.000000
7170,-2920.000000,480.000000
7171,-2920.000000,480.000000
7172,-2920.000000,440.000000
7173,-2880.000000,440.000000
7174,-2880.000000,440.000000
7175,-2880.000000,480.000000
7176,-2880.000000,440.000000
7177,-2840.000000,480.000000
7178,-2840.000000,480.000000
7179,-2840.000000,440.000000
7180,-2840.000000,440.000000
7181,-2840.000000,440.000000
7182,-2840.000000,440.000000
7183,-2800.000000,440.000000
7184,-2800.000000,440.000000
7185,-2800.000000,440.000000
7186,-2800.000000,440.000000
7187,-2760.000000,440.000000
7188,-2760.000000,440.000000
7189,-2760.000000,440.000000
7190,-2720.000000,440.000000
7191,-2720.000000,400.000000
7192,-2720.000000,400.000000
7193,-2680.000000,400.000000
7194,-2680.000000,440.000000
7195,-2680.000000,440.000000
7196,-2680.000000,440.000000
7197,-2680.000000,400.000000
7198,-2640.000000,440.000000
7199,-2640.000000,440.000000
7200,-2640.000000,400.000000
7201,-2640.000000,400.000000
7202,-2560.000000,400.000000
7203,-2600.000000,360.000000
7204,-2560.000000,400.000000
7205,-2560.000000,400.000000
7206,-2520.000000,400.000000
7207,-2520.000000,440.000000
7208,-2520.000000,400.000000
7209,-2520.000000,360.000000
7210,-2480.000000,360.000000
7211,-2480.000000,400.000000
7212,-2440.000000,400.000000
7213,-2440.000000,400.000000
7214,-2440.000000,400.000000
7215,-2400.000000,360.000000
7216,-2400.000000,360.000000
7217,-2360.000000,360.000000
7218,-2360.000000,360.000000
7219,-2360.000000,360.000000
7220,-2320.000000,360.000000
7221,-2320.000000,360.000000
7222,-2320.000000,360.000000
7223,-2320.000000,360.000000
7224,-2280.000000,400.000000
7225,-2280.000000,360.000000
7226,-2240.000000,360.000000
7227,-2240.000000,360.000000
7228,-2200.000000,360.000000
7229,-2200.000000,320.000000
7230,-2200.000000,320.000000
7231,-2160.000000,320.000000
7232,-2160.000000,360.000000
7233,-2120.000000,360.000000
7234,-2160.000000,320.000000
7235,-2120.000000,320.000000
7236,-2120.000000,320.000000
7237,-2080.000000,320.000000
7238,-2040.000000,320.000000
7239,-2040.000000,320.000000
7240,-2040.000000,320.000000
7241,-2000.000000,320.000000
7242,-1960.000000,320.000000
7243,-1960.000000,280.000000
7244,-1960.000000,280.000000
7245,-1960.000000,280.000000
7246,-1920.000000,280.000000
7247,-1920.000000,280.000000
7248,-1880.000000,280.000000
7249,-1880.000000,280.000000
7250,-1840.000000,280.000000
7251,-1800.000000,320.000000
7252,-1800.000000,280.000000
7253,-1800.000000,280.000000
7254,-1760.000000,240.000000
7255,-1760.000000,280.000000
7256,-1720.000000,280.000000
7257,-1720.000000,240.000000
7258,-1680.000000,240.000000
7259,-1680.000000,240.000000
7260,-1640.000000,240.000000
7261,-1600.000000,240.000000
7262,-1600.000000,240.000000
7263,-1600.000000,240.000000
7264,-1560.000000,240.000000
7265,-1560.000000,240.000000
7266,-1560.000000,240.000000
7267,-1520.000000,240.000000
7268,-1520.000000,200.000000
7269,-1480.000000,240.000000
7270,-1440.000000,200.000000
7271,-1440.000000,240.000000
7272,-1440.000000,200.000000
7273,-1400.000000,200.000000
7274,-1400.000000,200.000000
7275,-1360.000000,200.000000
7276,-1320.000000,200.000000
7277,-1320.000000,200.000000
7278,-1320.000000,200.000000
7279,-1280.000000,200.000000
7280,-1240.000000,200.000000
7281,-1240.000000,160.000000
7282,-1200.000000,200.000000
7283,-1160.000000,160.000000
7284,-1160.000000,160.000000
7285,-1160.000000,160.000000
7286,-1160.000000,160.000000
7287,-1120.000000,160.000000
7288,-1080.000000,160.000000
7289,-1080.000000,120.000000
7290,-1040.000000,160.000000
7291,-1000.000000,160.000000
7292,-1000.000000,160.000000
7293,-1000.000000,160.000000
7294,-960.000000,120.000000
7295,-960.000000,160.000000
7296,-920.000000,120.000000
7297,-880.000000,120.000000
7298,-880.000000,120.000000
7299,-880.000000,120.000000
7300,-800.000000,120.000000
7301,-800.000000,120.000000
7302,-760.000000,120.000000
7303,-720.000000,120.000000
7304,-760.000000,120.000000
7305,-720.000000,80.000000
7306,-720.000000,120.000000
7307,-680.000000,80.000000
7308,-640.000000,120.000000
7309,-640.000000,80.000000
7310,-600.000000,80.000000
7311,-600.000000,80.000000
7312,-560.000000,80.000000
7313,-520.000000,80.000000
7314,-480.000000,80.000000
7315,-480.000000,80.000000
7316,-480.000000,40.000000
7317,-440.000000,40.000000
7318,-400.000000,80.000000
7319,-400.000000,80.000000
7320,-360.000000,40.000000
7321,-360.000000,40.000000
7322,-320.000000,40.000000
7323,-320.000000,40.000000
7324,-320.000000,0.000000
7325,-320.000000,40.000000
7326,-240.000000,0.000000
7327,-240.000000,40.000000
7328,-200.000000,0.000000
7329,-160.000000,40.000000
7330,-120.000000,40.000000
7331,-80.000000,0.000000
7332,-120.000000,0.000000
7333,-40.000000,40.000000
7334,-40.000000,0.000000
7335,-40.000000,-40.000000
7336,0.000000,0.000000
7337,0.000000,0.000000
7338,40.000000,0.000000
7339,80.000000,-40.000000
7340,80.000000,0.000000
7341,120.000000,-40.000000
7342,120.000000,-40.000000
7343,160.000000,-40.000000
7344,160.000000,-40.000000
7345,160.000000,-40.000000
7346,240.000000,-80.000000
7347,240.000000,-40.000000
7348,280.000000,-40.000000
7349,280.000000,-40.000000
7350,320.000000,-40.000000
7351,360.000000,-80.000000
7352,360.000000,-80.000000
7353,400.000000,-80.000000
7354,400.000000,-80.000000
7355,440.000000,-80.000000
7356,440.000000,-80.000000
7357,520.000000,-80.000000
7358,520.000000,-80.000000
7359,560.000000,-80.000000
7360,560.000000,-120.000000
7361,560.000000,-80.000000
7362,600.000000,-120.000000
7363,640.000000,-120.000000
7364,640.000000,-120.000000
7365,680.000000,-120.000000
7366,720.000000,-120.000000
7367,720.000000,-120.000000
7368,760.000000,-120.000000
7369,760.000000,-120.000000
7370,800.000000,-120.000000
7371,800.000000,-120.000000
7372,840.000000,-160.000000
7373,840.000000,-160.000000
7374,880.000000,-120.000000
7375,880.000000,-160.000000
7376,920.000000,-160.000000
7377,920.000000,-160.000000
7378,960.000000,-200.000000
7379,1000.000000,-160.000000
7380,1000.000000,-160.000000
7381,1000.000000,-160.000000
7382,1040.000000,-160.000000
7383,1080.000000,-200.000000
7384,1080.000000,-200.000000
7385,1080.000000,-160.000000
7386,1120.000000,-200.000000
7387,1160.000000,-200.000000
7388,1160.000000,-200.000000
7389,1200.000000,-200.000000
7390,1200.000000,-200.000000
7391,1240.000000,-200.000000
7392,1280.000000,-160.000000
7393,1280.000000,-200.000000
7394,1280.000000,-200.000000
7395,1320.000000,-200.000000
7396,1360.000000,-240.000000
7397,1360.000000,-240.000000
7398,1400.000000,-240.000000
7399,1360.000000,-240.000000
7400,1440.000000,-240.000000
7401,1440.000000,-240.000000
7402,1480.000000,-240.000000
7403,1480.000000,-240.000000
7404,1520.000000,-240.000000
7405,1520.000000,-280.000000
7406,1520.000000,-240.000000
7407,1560.000000,-240.000000
7408,1560.000000,-240.000000
7409,1600.000000,-240.000000
7410,1600.000000,-280.000000
7411,1640.000000,-320.000000
7412,1640.000000,-280.000000
7413,1720.000000,-280.000000
7414,1720.000000,-280.000000
7415,1720.000000,-280.000000
7416,1720.000000,-280.000000
7417,1760.000000,-280.000000
7418,1800.000000,-280.000000
7419,1800.000000,-280.000000
7420,1800.000000,-280.000000
7421,1800.000000,-320.000000
7422,1840.000000,-320.000000
7423,1880.000000,-320.000000
7424,1880.000000,-320.000000
7425,1920.000000,-320.000000
7426,1920.000000,-320.000000
7427,1960.000000,-320.000000
7428,1960.000000,-320.000000
7429,1960.000000,-320.000000
7430,2000.000000,-320.000000
7431,2040.000000,-320.000000
7432,2000.000000,-320.000000
7433,2040.000000,-360.000000
7434,2080.000000,-360.000000
7435,2080.000000,-320.000000
7436,2120.000000,-320.000000
7437,2120.000000,-360.000000
7438,2120.000000,-360.000000
7439,2160.000000,-360.000000
7440,2160.000000,-360.000000
7441,2200.000000,-360.000000
7442,2200.000000,-360.000000
7443,2200.000000,-360.000000
7444,2240.000000,-360.000000
7445,2240.000000,-360.000000
7446,2240.000000,-360.000000
7447,2280.000000,-360.000000
7448,2280.000000,-360.000000
7449,2280.000000,-360.000000
7450,2320.000000,-360.000000
7451,2360.000000,-360.000000
7452,2360.000000,-360.000000
7453,2360.000000,-400.000000
7454,2400.000000,-400.000000
7455,2400.000000,-400.000000
7456,2400.000000,-400.000000
7457,2400.000000,-400.000000
7458,2440.000000,-400.000000
7459,2400.000000,-400.000000
7460,2480.000000,-400.000000
7461,2480.000000,-400.000000
7462,2520.000000,-400.000000
7463,2480.000000,-400.000000
7464,2520.000000,-400.000000
7465,2520.000000,-400.000000
7466,2520.000000,-400.000000
7467,2560.000000,-400.000000
7468,2560.000000,-400.000000
7469,2600.000000,-400.000000
7470,2600.000000,-400.000000
7471,2600.000000,-440.000000
7472,2600.000000,-440.000000
7473,2640.000000,-440.000000
7474,2640.000000,-400.000000
7475,2680.000000,-440.000000
7476,2640.000000,-440.000000
7477,2680.000000,-440.000000
7478,2720.000000,-440.000000
7479,2720.000000,-440.000000
7480,2720.000000,-440.000000
7481,2760.000000,-440.000000
7482,2720.000000,-440.000000
7483,2760.000000,-440.000000
7484,2760.000000,-440.000000
7485,2760.000000,-440.000000
7486,2760.000000,-440.000000
7487,2800.000000,-440.000000
7488,2760.000000,-440.000000
7489,2800.000000,-440.000000
7490,2840.000000,-480.000000
7491,2800.000000,-480.000000
7492,2840.000000,-440.000000
7493,2840.000000,-480.000000
7494,2840.000000,-440.000000
7495,2840.000000,-480.000000
7496,2880.000000,-440.000000
7497,2880.000000,-440.000000
7498,2840.000000,-440.000000
7499,2880.000000,-440.000000
7500,2880.000000,-480.000000
7501,2920.000000,-480.000000
7502,2920.000000,-440.000000
7503,2920.000000,-480.000000
7504,2920.000000,-480.000000
7505,2920.000000,-480.000000
7506,2960.000000,-480.000000
7507,2920.000000,-480.000000
7508,2920.000000,-480.000000
7509,2920.000000,-480.000000
7510,2960.000000,-480.000000
7511,3000.000000,-480.000000
7512,2960.000000,-480.000000
7513,2960.000000,-480.000000
7514,3000.000000,-480.000000
7515,2960.000000,-480.000000
7516,2960.000000,-480.000000
7517,3000.000000,-480.000000
7518,3000.000000,-480.000000
7519,3000.000000,-480.000000
7520,2960.000000,-480.000000
7521,3000.000000,-480.000000
7522,3000.000000,-480.000000
7523,3000.000000,-480.000000
7524,3000.000000,-480.000000
7525,3040.000000,-480.000000
7526,3040.000000,-480.000000
7527,3000.000000,-480.000000
7528,3040.000000,-480.000000
7529,3040.000000,-480.000000
7530,3000.000000,-480.000000
7531,3040.000000,-480.000000
7532,3040.000000,-480.000000
7533,3000.000000,-480.000000
7534,3080.000000,-480.000000
7535,3040.000000,-480.000000
7536,3080.000000,-480.000000
7537,3040.000000,-520.000000
7538,3040.000000,-480.000000
7539,3040.000000,-520.000000
7540,3080.000000,-480.000000
7541,3040.000000,-480.000000
7542,3000.000000,-480.000000
7543,3040.000000,-480.000000
7544,3040.000000,-480.000000
7545,3040.000000,-480.000000
7546,3040.000000,-480.000000
7547,3080.000000,-480.000000
7548,3040.000000,-480.000000
7549,3040.000000,-520.000000
7550,3080.000000,-480.000000
7551,3040.000000,-480.000000
7552,3040.000000,-480.000000
7553,3040.000000,-480.000000
7554,3040.000000,-480.000000
7555,3000.000000,-480.000000
7556,3040.000000,-480.000000
7557,3040.000000,-480.000000
7558,3040.000000,-480.000000
7559,3040.000000,-480.000000
7560,3040.000000,-480.000000
7561,3040.000000,-480.000000
7562,3040.000000,-480.000000
7563,3000.000000,-480.000000
7564,3000.000000,-480.000000
7565,3000.000000,-480.000000
7566,3000.000000,-480.000000
7567,3000.000000,-480.000000
7568,3000.000000,-480.000000
7569,2960.000000,-480.000000
7570,3000.000000,-480.000000
7571,2960.000000,-480.000000
7572,2960.000000,-480.000000
7573,2960.000000,-480.000000
7574,3000.000000,-480.000000
7575,2960.000000,-480.000000
7576,2960.000000,-440.000000
7577,2920.000000,-480.000000
7578,2920.000000,-480.000000
7579,2920.000000,-480.000000
7580,2920.000000,-480.000000
7581,2920.000000,-480.000000
7582,2920.000000,-440.000000
7583,2880.000000,-440.000000
7584,2920.000000,-440.000000
7585,2880.000000,-480.000000
7586,2880.000000,-440.000000
7587,2880.000000,-480.000000
7588,2880.000000,-480.000000
7589,2880.000000,-480.000000
7590,2840.000000,-440.000000
7591,2880.000000,-440.000000
7592,2840.000000,-440.000000
7593,2840.000000,-440.000000
7594,2840.000000,-440.000000
7595,2800.000000,-480.000000
7596,2800.000000,-440.000000
7597,2800.000000,-440.000000
7598,2760.000000,-440.000000
7599,2800.000000,-440.000000
7600,2760.000000,-440.000000
7601,2760.000000,-400.000000
7602,2760.000000,-440.000000
7603,2720.000000,-440.000000
7604,2760.000000,-440.000000
7605,2720.000000,-440.000000
7606,2720.000000,-440.000000
7607,2680.000000,-400.000000
7608,2680.000000,-400.000000
7609,2680.000000,-440.000000
7610,2680.000000,-400.000000
7611,2680.000000,-440.000000
7612,2640.000000,-400.000000
7613,2640.000000,-440.000000
7614,2600.000000,-400.000000
7615,2600.000000,-400.000000
7616,2600.000000,-400.000000
7617,2600.000000,-400.000000
7618,2560.000000,-400.000000
7619,2560.000000,-400.000000
7620,2520.000000,-400.000000
7621,2520.000000,-400.000000
7622,2520.000000,-400.000000
7623,2480.000000,-400.000000
7624,2480.000000,-360.000000
7625,2480.000000,-400.000000
7626,2480.000000,-400.000000
7627,2440.000000,-360.000000
7628,2440.000000,-360.000000
7629,2440.000000,-360.000000
7630,2400.000000,-400.000000
7631,2360.000000,-360.000000
7632,2360.000000,-360.000000
7633,2400.000000,-400.000000
7634,2360.000000,-360.000000
7635,2320.000000,-360.000000
7636,2320.000000,-360.000000
7637,2280.000000,-360.000000
7638,2240.000000,-360.000000
7639,2240.000000,-360.000000
7640,2280.000000,-320.000000
7641,2240.000000,-360.000000
7642,2240.000000,-320.000000
7643,2200.000000,-320.000000
7644,2200.000000,-360.000000
7645,2200.000000,-360.000000
7646,2160.000000,-360.000000
7647,2120.000000,-320.000000
7648,2120.000000,-320.000000
7649,2120.000000,-320.000000
7650,2080.000000,-360.000000
7651,2080.000000,-320.000000
7652,2080.000000,-320.000000
7653,2040.000000,-320.000000
7654,2040.000000,-320.000000
7655,2000.000000,-320.000000
7656,2000.000000,-320.000000
7657,1960.000000,-320.000000
7658,1960.000000,-320.000000
7659,1960.000000,-320.000000
7660,1920.000000,-280.000000
7661,1920.000000,-280.000000
7662,1920.000000,-280.000000
7663,1880.000000,-280.000000
7664,1840.000000,-280.000000
7665,1840.000000,-280.000000
7666,1800.000000,-280.000000
7667,1800.000000,-280.000000
7668,1760.000000,-280.000000
7669,1760.000000,-240.000000
7670,1760.000000,-280.000000
7671,1720.000000,-280.000000
7672,1720.000000,-240.000000
7673,1720.000000,-240.000000
7674,1680.000000,-240.000000
7675,1640.000000,-240.000000
7676,1600.000000,-240.000000
7677,1560.000000,-240.000000
7678,1600.000000,-240.000000
7679,1560.000000,-240.000000
7680,1520.000000,-200.000000
7681,1520.000000,-240.000000
7682,1480.000000,-240.000000
7683,1480.000000,-240.000000
7684,1480.000000,-240.000000
7685,1440.000000,-240.000000
7686,1400.000000,-200.000000
7687,1400.000000,-200.000000
7688,1400.000000,-240.000000
7689,1360.000000,-200.000000
7690,1320.000000,-200.000000
7691,1320.000000,-200.000000
7692,1320.000000,-200.000000
7693,1280.000000,-200.000000
7694,1280.000000,-160.000000
7695,1240.000000,-160.000000
7696,1240.000000,-160.000000
7697,1200.000000,-160.000000
7698,1160.000000,-160.000000
7699,1160.000000,-200.000000
7700,1120.000000,-160.000000
7701,1120.000000,-160.000000
7702,1080.000000,-160.000000
7703,1080.000000,-160.000000
7704,1040.000000,-160.000000
7705,1040.000000,-120.000000
7706,1000.000000,-160.000000
7707,1000.000000,-120.000000
7708,920.000000,-120.000000
7709,920.000000,-120.000000
7710,920.000000,-120.000000
7711,880.000000,-120.000000
7712,840.000000,-120.000000
7713,840.000000,-160.000000
7714,840.000000,-120.000000
7715,840.000000,-120.000000
7716,760.000000,-80.000000
7717,760.000000,-120.000000
7718,760.000000,-120.000000
7719,720.000000,-120.000000
7720,720.000000,-80.000000
7721,680.000000,-120.000000
7722,680.000000,-80.000000
7723,600.000000,-80.000000
7724,600.000000,-80.000000
7725,560.000000,-80.000000
7726,560.000000,-80.000000
7727,560.000000,-40.000000
7728,560.000000,-80.000000
7729,520.000000,-80.000000
7730,480.000000,-40.000000
7731,440.000000,-40.000000
7732,400.000000,-80.000000
7733,400.000000,-40.000000
7734,360.000000,-40.000000
7735,360.000000,-40.000000
7736,320.000000,-40.000000
7737,280.000000,-40.000000
7738,280.000000,-40.000000
7739,240.000000,-40.000000
7740,200.000000,-40.000000
7741,200.000000,0.000000
7742,160.000000,-40.000000
7743,160.000000,-40.000000
7744,120.000000,0.000000
7745,120.000000,0.000000
7746,80.000000,0.000000
7747,80.000000,0.000000
7748,80.000000,0.000000
7749,40.000000,40.000000
7750,0.000000,0.000000
7751,0.000000,40.000000
7752,-40.000000,40.000000
7753,-40.000000,40.000000
7754,-120.000000,0.000000
7755,-120.000000,40.000000
7756,-120.000000,0.000000
7757,-160.000000,40.000000
7758,-160.000000,40.000000
7759,-200.000000,40.000000
7760,-240.000000,40.000000
7761,-240.000000,40.000000
7762,-240.000000,40.000000
7763,-280.000000,80.000000
7764,-320.000000,40.000000
7765,-360.000000,80.000000
7766,-360.000000,80.000000
7767,-400.000000,40.000000
7768,-440.000000,80.000000
7769,-440.000000,80.000000
7770,-440.000000,80.000000
7771,-480.000000,80.000000
7772,-480.000000,80.000000
7773,-520.000000,80.000000
7774,-560.000000,80.000000
7775,-560.000000,80.000000
7776,-600.000000,120.000000
7777,-640.000000,120.000000
7778,-640.000000,120.000000
7779,-640.000000,120.000000
7780,-680.000000,120.000000
7781,-720.000000,120.000000
7782,-720.000000,120.000000
7783,-760.000000,120.000000
7784,-800.000000,160.000000
7785,-800.000000,160.000000
7786,-800.000000,120.000000
7787,-840.000000,160.000000
7788,-880.000000,160.000000
7789,-920.000000,160.000000
7790,-920.000000,160.000000
7791,-960.000000,160.000000
7792,-960.000000,160.000000
7793,-960.000000,160.000000
7794,-1000.000000,160.000000
7795,-1000.000000,200.000000
7796,-1040.000000,160.000000
7797,-1040.000000,160.000000
7798,-1080.000000,160.000000
7799,-1120.000000,160.000000
7800,-1120.000000,200.000000
7801,-1160.000000,200.000000
7802,-1200.000000,200.000000
7803,-1200.000000,200.000000
7804,-1200.000000,200.000000
7805,-1200.000000,200.000000
7806,-1280.000000,200.000000
7807,-1280.000000,240.000000
7808,-1280.000000,200.000000
7809,-1320.000000,200.000000
7810,-1320.000000,240.000000
7811,-1360.000000,240.000000
7812,-1400.000000,200.000000
7813,-1400.000000,240.000000
7814,-1440.000000,240.000000
7815,-1440.000000,240.000000
7816,-1480.000000,240.000000
7817,-1480.000000,240.000000
7818,-1480.000000,240.000000
7819,-1520.000000,240.000000
7820,-1560.000000,240.000000
7821,-1560.000000,280.000000
7822,-1600.000000,280.000000
7823,-1600.000000,240.000000
7824,-1600.000000,240.000000
7825,-1640.000000,280.000000
7826,-1640.000000,240.000000
7827,-1640.000000,280.000000
7828,-1680.000000,280.000000
7829,-1720.000000,280.000000
7830,-1720.000000,280.000000
7831,-1760.000000,280.000000
7832,-1760.000000,280.000000
7833,-1760.000000,320.000000
7834,-1800.000000,320.000000
7835,-1840.000000,280.000000
7836,-1840.000000,320.000000
7837,-1840.000000,320.000000
7838,-1840.000000,320.000000
7839,-1880.000000,320.000000
7840,-1920.000000,320.000000
7841,-1920.000000,320.000000
7842,-1920.000000,320.000000
7843,-1960.000000,320.000000
7844,-2000.000000,320.000000
7845,-2000.000000,320.000000
7846,-2000.000000,320.000000
7847,-2040.000000,320.000000
7848,-2040.000000,360.000000
7849,-2040.000000,320.000000
7850,-2080.000000,360.000000
7851,-2080.000000,320.000000
7852,-2080.000000,360.000000
7853,-2120.000000,360.000000
7854,-2160.000000,360.000000
7855,-2200.000000,360.000000
7856,-2160.000000,320.000000
7857,-2200.000000,360.000000
7858,-2200.000000,360.000000
7859,-2200.000000,360.000000
7860,-2240.000000,360.000000
7861,-2240.000000,360.000000
7862,-2280.000000,400.000000
7863,-2280.000000,400.000000
7864,-2280.000000,400.000000
7865,-2320.000000,360.000000
7866,-2320.000000,400.000000
7867,-2360.000000,400.000000
7868,-2360.000000,400.000000
7869,-2360.000000,360.000000
7870,-2400.000000,400.000000
7871,-2440.000000,400.000000
7872,-2440.000000,400.000000
7873,-2440.000000,400.000000
7874,-2480.000000,400.000000
7875,-2480.000000,400.000000
7876,-2480.000000,400.000000
7877,-2480.000000,400.000000
7878,-2480.000000,400.000000
7879,-2560.000000,400.000000
7880,-2520.000000,400.000000
7881,-2600.000000,440.000000
7882,-2560.000000,400.000000
7883,-2560.000000,400.000000
7884,-2600.000000,440.000000
7885,-2600.000000,400.000000
7886,-2600.000000,440.000000
7887,-2640.000000,440.000000
7888,-2640.000000,440.000000
7889,-2640.000000,440.000000
7890,-2640.000000,440.000000
7891,-2680.000000,400.000000
7892,-2720.000000,440.000000
7893,-2720.000000,440.000000
7894,-2720.000000,440.000000
7895,-2720.000000,440.000000
7896,-2720.000000,440.000000
7897,-2720.000000,440.000000
7898,-2760.000000,440.000000
7899,-2760.000000,440.000000
7900,-2800.000000,440.000000
7901,-2800.000000,440.000000
7902,-2760.000000,440.000000
7903,-2800.000000,440.000000
7904,-2840.000000,440.000000
7905,-2840.000000,480.000000
7906,-2840.000000,440.000000
7907,-2840.000000,440.000000
7908,-2840.000000,440.000000
7909,-2880.000000,480.000000
7910,-2880.000000,440.000000
7911,-2880.000000,480.000000
7912,-2880.000000,480.000000
7913,-2880.000000,440.000000
7914,-2880.000000,480.000000
7915,-2920.000000,480.000000
7916,-2920.000000,480.000000
7917,-2920.000000,480.000000
7918,-2920.000000,440.000000
7919,-2920.000000,480.000000
7920,-2920.000000,480.000000
7921,-2920.000000,480.000000
7922,-2960.000000,480.000000
7923,-2960.000000,480.000000
7924,-2960.000000,480.000000
7925,-2960.000000,480.000000
7926,-2960.000000,480.000000
7927,-3000.000000,480.000000
7928,-3000.000000,480.000000
7929,-3000.000000,480.000000
7930,-2960.000000,480.000000
7931,-3000.000000,480.000000
7932,-3000.000000,480.000000
7933,-3000.000000,480.000000
7934,-3040.000000,480.000000
7935,-3000.000000,520.000000
7936,-3040.000000,480.000000
7937,-3080.000000,480.000000
7938,-3040.000000,520.000000
7939,-3040.000000,480.000000
7940,-3040.000000,480.000000
7941,-3080.000000,480.000000
7942,-3080.000000,480.000000
7943,-3080.000000,480.000000
7944,-3040.000000,480.000000
7945,-3080.000000,520.000000
7946,-3040.000000,480.000000
7947,-3080.000000,480.000000
7948,-3080.000000,480.000000
7949,-3080.000000,480.000000
7950,-3080.000000,480.000000
7951,-3080.000000,480.000000
7952,-3080.000000,480.000000
7953,-3120.000000,480.000000
7954,-3120.000000,520.000000
7955,-3080.000000,480.000000
7956,-3080.000000,480.000000
7957,-3080.000000,480.000000
7958,-3080.000000,480.000000
7959,-3080.000000,480.000000
7960,-3080.000000,480.000000
7961,-3080.000000,520.000000
7962,-3080.000000,480.000000
7963,-3080.000000,480.000000
7964,-3080.000000,480.000000
7965,-3080.000000,480.000000
7966,-3120.000000,480.000000
7967,-3080.000000,480.000000
7968,-3080.000000,480.000000
7969,-3080.000000,480.000000
7970,-3040.000000,480.000000
7971,-3040.000000,520.000000
7972,-3120.000000,480.000000
7973,-3080.000000,480.000000
7974,-3040.000000,480.000000
7975,-3080.000000,480.000000
7976,-3040.000000,480.000000
7977,-3080.000000,480.000000
7978,-3080.000000,480.000000
7979,-3080.000000,480.000000
7980,-3040.000000,440.000000
7981,-3040.000000,480.000000
7982,-3040.000000,480.000000
7983,-3040.000000,480.000000
7984,-3000.000000,480.000000
7985,-3000.000000,480.000000
7986,-3040.000000,480.000000
7987,-3000.000000,480.000000
7988,-3000.000000,480.000000
7989,-3000.000000,440.000000
7990,-3000.000000,480.000000
7991,-3000.000000,480.000000
7992,-3000.000000,480.000000
7993,-3000.000000,440.000000
7994,-3000.000000,480.000000
7995,-3000.000000,480.000000
7996,-2960.000000,440.000000
7997,-2960.000000,440.000000
7998,-2960.000000,440.000000
7999,-2920.000000,480.000000
8000,-2920.000000,440.000000
8001,-2920.000000,440.000000
8002,-2920.000000,440.000000
8003,-2920.000000,440.000000
8004,-2920.000000,440.000000
8005,-2920.000000,440.000000
8006,-2880.000000,480.000000
8007,-2880.000000,440.000000
8008,-2880.000000,440.000000
8009,-2880.000000,440.000000
8010,-2840.000000,440.000000
8011,-2840.000000,480.000000
8012,-2840.000000,440.000000
8013,-2840.000000,440.000000
8014,-2840.000000,440.000000
8015,-2800.000000,440.000000
8016,-2800.000000,440.000000
8017,-2800.000000,440.000000
8018,-2800.000000,440.000000
8019,-2760.000000,440.000000
8020,-2760.000000,440.000000
8021,-2760.000000,440.000000
8022,-2760.000000,440.000000
8023,-2720.000000,440.000000
8024,-2720.000000,440.000000
8025,-2720.000000,440.000000
8026,-2720.000000,400.000000
8027,-2680.000000,440.000000
8028,-2680.000000,440.000000
8029,-2680.000000,440.000000
8030,-2640.000000,400.000000
8031,-2640.000000,400.000000
8032,-2600.000000,440.000000
8033,-2640.000000,400.000000
8034,-2600.000000,400.000000
8035,-2600.000000,400.000000
8036,-2560.000000,400.000000
8037,-2560.000000,400.000000
8038,-2560.000000,400.000000
8039,-2560.000000,400.000000
8040,-2520.000000,400.000000
8041,-2520.000000,400.000000
8042,-2520.000000,400.000000
8043,-2480.000000,400.000000
8044,-2480.000000,400.000000
8045,-2480.000000,400.000000
8046,-2440.000000,360.000000
8047,-2440.000000,400.000000
8048,-2400.000000,360.000000
8049,-2360.000000,360.000000
8050,-2400.000000,360.000000
8051,-2400.000000,360.000000
8052,-2360.000000,360.000000
8053,-2360.000000,360.000000
8054,-2320.000000,360.000000
8055,-2280.000000,360.000000
8056,-2320.000000,360.000000
8057,-2280.000000,360.000000
8058,-2240.000000,360.000000
8059,-2240.000000,360.000000
8060,-2240.000000,360.000000
8061,-2240.000000,360.000000
8062,-2200.000000,360.000000
8063,-2200.000000,360.000000
8064,-2160.000000,360.000000
8065,-2160.000000,320.000000
8066,-2120.000000,320.000000
8067,-2120.000000,320.000000
8068,-2080.000000,320.000000
8069,-2080.000000,320.000000
8070,-2080.000000,320.000000
8071,-2040.000000,320.000000
8072,-2040.000000,320.000000
8073,-2040.000000,320.000000
8074,-2040.000000,320.000000
8075,-2000.000000,280.000000
8076,-1960.000000,320.000000
8077,-1960.000000,320.000000
8078,-1920.000000,280.000000
8079,-1920.000000,280.000000
8080,-1920.000000,280.000000
8081,-1880.000000,280.000000
8082,-1880.000000,280.000000
8083,-1840.000000,280.000000
8084,-1800.000000,280.000000
8085,-1840.000000,280.000000
8086,-1800.000000,280.000000
8087,-1760.000000,280.000000
8088,-1760.000000,240.000000
8089,-1720.000000,240.000000
8090,-1720.000000,280.000000
8091,-1720.000000,280.000000
8092,-1680.000000,240.000000
8093,-1640.000000,240.000000
8094,-1640.000000,240.000000
8095,-1640.000000,240.000000
8096,-1600.000000,240.000000
8097,-1560.000000,240.000000
8098,-1560.000000,240.000000
8099,-1600.000000,240.000000
8100,-1520.000000,240.000000
8101,-1520.000000,240.000000
8102,-1480.000000,200.000000
8103,-1480.000000,240.000000
8104,-1440.000000,200.000000
8105,-1440.000000,200.000000
8106,-1400.000000,200.000000
8107,-1360.000000,200.000000
8108,-1360.000000,240.000000
8109,-1360.000000,200.000000
8110,-1320.000000,160.000000
8111,-1320.000000,200.000000
8112,-1320.000000,200.000000
8113,-1240.000000,200.000000
8114,-1240.000000,160.000000
8115,-1200.000000,200.000000
8116,-1200.000000,160.000000
8117,-1200.000000,160.000000
8118,-1160.000000,200.000000
8119,-1120.000000,160.000000
8120,-1120.000000,160.000000
8121,-1080.000000,160.000000
8122,-1120.000000,160.000000
8123,-1080.000000,160.000000
8124,-1000.000000,160.000000
8125,-1000.000000,160.000000
8126,-960.000000,120.000000
8127,-960.000000,160.000000
8128,-920.000000,160.000000
8129,-920.000000,120.000000
8130,-920.000000,120.000000
8131,-880.000000,160.000000
8132,-880.000000,120.000000
8133,-840.000000,120.000000
8134,-840.000000,120.000000
8135,-800.000000,120.000000
8136,-800.000000,120.000000
8137,-760.000000,120.000000
8138,-720.000000,80.000000
8139,-720.000000,120.000000
8140,-680.000000,80.000000
8141,-640.000000,80.000000
8142,-640.000000,80.000000
8143,-600.000000,80.000000
8144,-560.000000,80.000000
8145,-560.000000,80.000000
8146,-560.000000,80.000000
8147,-480.000000,80.000000
8148,-480.000000,80.000000
8149,-480.000000,80.000000
8150,-440.000000,40.000000
8151,-440.000000,80.000000
8152,-400.000000,40.000000
8153,-360.000000,40.000000
8154,-320.000000,40.000000
8155,-360.000000,40.000000
8156,-320.000000,40.000000
8157,-320.000000,40.000000
8158,-320.000000,40.000000
8159,-280.000000,0.000000
8160,-240.000000,40.000000
8161,-200.000000,0.000000
8162,-160.000000,0.000000
8163,-160.000000,0.000000
8164,-120.000000,0.000000
8165,-120.000000,0.000000
8166,-80.000000,0.000000
8167,-40.000000,0.000000
8168,-40.000000,0.000000
8169,0.000000,-40.000000
8170,0.000000,0.000000
8171,40.000000,0.000000
8172,80.000000,-40.000000
8173,80.000000,-40.000000
8174,120.000000,-40.000000
8175,120.000000,0.000000
8176,160.000000,-40.000000
8177,200.000000,-40.000000
8178,160.000000,-40.000000
8179,200.000000,-40.000000
8180,240.000000,-40.000000
8181,280.000000,-40.000000
8182,280.000000,-40.000000
8183,320.000000,-40.000000
8184,320.000000,-80.000000
8185,360.000000,-80.000000
8186,400.000000,-80.000000
8187,400.000000,-80.000000
8188,440.000000,-80.000000
8189,480.000000,-80.000000
8190,480.000000,-80.000000
8191,520.000000,-80.000000
8192,520.000000,-80.000000
8193,560.000000,-120.000000
8194,600.000000,-80.000000
8195,600.000000,-120.000000
8196,600.000000,-120.000000
8197,640.000000,-120.000000
8198,640.000000,-120.000000
8199,680.000000,-120.000000
8200,720.000000,-120.000000
8201,760.000000,-120.000000
8202,760.000000,-120.000000
8203,760.000000,-120.000000
8204,800.000000,-120.000000
8205,840.000000,-120.000000
8206,840.000000,-160.000000
8207,880.000000,-120.000000
8208,880.000000,-160.000000
8209,920.000000,-120.000000
8210,920.000000,-120.000000
8211,960.000000,-160.000000
8212,960.000000,-160.000000
8213,960.000000,-160.000000
8214,1040.000000,-160.000000
8215,1040.000000,-160.000000
8216,1080.000000,-160.000000
8217,1080.000000,-160.000000
8218,1080.000000,-200.000000
8219,1120.000000,-160.000000
8220,1160.000000,-200.000000
8221,1160.000000,-200.000000
8222,1200.000000,-200.000000
8223,1240.000000,-200.000000
8224,1240.000000,-200.000000
8225,1240.000000,-200.000000
8226,1280.000000,-200.000000
8227,1320.000000,-240.000000
8228,1320.000000,-200.000000
8229,1320.000000,-200.000000
8230,1360.000000,-240.000000
8231,1400.000000,-240.000000
8232,1360.000000,-240.000000
8233,1440.000000,-240.000000
8234,1480.000000,-240.000000
8235,1440.000000,-240.000000
8236,1480.000000,-240.000000
8237,1480.000000,-240.000000
8238,1520.000000,-240.000000
8239,1520.000000,-280.000000
8240,1560.000000,-280.000000
8241,1560.000000,-280.000000
8242,1600.000000,-280.000000
8243,1640.000000,-280.000000
8244,1640.000000,-280.000000
8245,1640.000000,-280.000000
8246,1680.000000,-280.000000
8247,1680.000000,-280.000000
8248,1720.000000,-280.000000
8249,1720.000000,-280.000000
8250,1760.000000,-280.000000
8251,1800.000000,-320.000000
8252,1800.000000,-280.000000
8253,1800.000000,-320.000000
8254,1840.000000,-320.000000
8255,1840.000000,-280.000000
8256,1840.000000,-320.000000
8257,1880.000000,-320.000000
8258,1920.000000,-320.000000
8259,1920.000000,-320.000000
8260,1960.000000,-320.000000
8261,1960.000000,-320.000000
8262,1960.000000,-320.000000
8263,2000.000000,-320.000000
8264,2000.000000,-320.000000
8265,2000.000000,-320.000000
8266,2040.000000,-320.000000
8267,2040.000000,-320.000000
8268,2080.000000,-360.000000
8269,2120.000000,-360.000000
8270,2120.000000,-360.000000
8271,2120.000000,-360.000000
8272,2160.000000,-320.000000
8273,2160.000000,-360.000000
8274,2160.000000,-360.000000
8275,2160.000000,-360.000000
8276,2160.000000,-400.000000
8277,2200.000000,-360.000000
8278,2240.000000,-360.000000
8279,2280.000000,-360.000000
8280,2280.000000,-360.000000
8281,2280.000000,-400.000000
8282,2280.000000,-360.000000
8283,2320.000000,-360.000000
8284,2320.000000,-360.000000
8285,2360.000000,-400.000000
8286,2360.000000,-400.000000
8287,2360.000000,-400.000000
8288,2400.000000,-360.000000
8289,2400.000000,-400.000000
8290,2400.000000,-400.000000
8291,2440.000000,-400.000000
8292,2440.000000,-400.000000
8293,2440.000000,-400.000000
8294,2480.000000,-400.000000
8295,2520.000000,-400.000000
8296,2520.000000,-440.000000
8297,2520.000000,-400.000000
8298,2520.000000,-400.000000
8299,2560.000000,-400.000000
8300,2520.000000,-440.000000
8301,2560.000000,-400.000000
8302,2600.000000,-400.000000
8303,2600.000000,-400.000000
8304,2560.000000,-440.000000
8305,2640.000000,-440.000000
8306,2640.000000,-400.000000
8307,2640.000000,-440.000000
8308,2640.000000,-440.000000
8309,2640.000000,-440.000000
8310,2680.000000,-440.000000
8311,2720.000000,-440.000000
8312,2680.000000,-440.000000
8313,2720.000000,-440.000000
8314,2720.000000,-440.000000
8315,2760.000000,-440.000000
8316,2760.000000,-440.000000
8317,2720.000000,-440.000000
8318,2760.000000,-440.000000
8319,2760.000000,-440.000000
8320,2800.000000,-440.000000
8321,2800.000000,-480.000000
8322,2800.000000,-480.000000
8323,2800.000000,-440.000000
8324,2800.000000,-440.000000
8325,2800.000000,-440.000000
8326,2840.000000,-480.000000
8327,2840.000000,-480.000000
8328,2840.000000,-480.000000
8329,2840.000000,-440.000000
8330,2840.000000,-440.000000
8331,2880.000000,-480.000000
8332,2880.000000,-480.000000
8333,2880.000000,-480.000000
8334,2920.000000,-480.000000
8335,2920.000000,-480.000000
8336,2920.000000,-480.000000
8337,2880.000000,-440.000000
8338,2920.000000,-480.000000
8339,2920.000000,-480.000000
8340,2960.000000,-480.000000
8341,2960.000000,-480.000000
8342,2960.000000,-480.000000
8343,2920.000000,-480.000000
8344,2960.000000,-480.000000
8345,2960.000000,-480.000000
8346,2960.000000,-480.000000
8347,2960.000000,-480.000000
8348,2960.000000,-480.000000
8349,2960.000000,-480.000000
8350,3000.000000,-480.000000
8351,3000.000000,-480.000000
8352,3000.000000,-480.000000
8353,3000.000000,-480.000000
8354,3000.000000,-480.000000
8355,3000.000000,-480.000000
8356,3040.000000,-480.000000
8357,3000.000000,-480.000000
8358,3000.000000,-480.000000
8359,2960.000000,-480.000000
8360,3040.000000,-480.000000
8361,3040.000000,-480.000000
8362,3040.000000,-480.000000
8363,3000.000000,-480.000000
8364,3040.000000,-480.000000
8365,3040.000000,-480.000000
8366,3040.000000,-480.000000
8367,3040.000000,-480.000000
8368,3080.000000,-520.000000
8369,3040.000000,-480.000000
8370,3040.000000,-480.000000
8371,3040.000000,-480.000000
8372,3040.000000,-480.000000
8373,3040.000000,-480.000000
8374,3040.000000,-480.000000
8375,3040.000000,-480.000000
8376,3040.000000,-480.000000
8377,3040.000000,-480.000000
8378,3040.000000,-480.000000
8379,3080.000000,-480.000000
8380,3040.000000,-480.000000
8381,3040.000000,-480.000000
8382,3040.000000,-520.000000
8383,3040.000000,-480.000000
8384,3040.000000,-480.000000
8385,3040.000000,-480.000000
8386,3080.000000,-480.000000
8387,3040.000000,-480.000000
8388,3040.000000,-480.000000
8389,3040.000000,-480.000000
8390,3040.000000,-480.000000
8391,3080.000000,-480.000000
8392,3000.000000,-480.000000
8393,3040.000000,-480.000000
8394,3000.000000,-480.000000
8395,3000.000000,-480.000000
8396,3000.000000,-480.000000
8397,3000.000000,-480.000000
8398,3000.000000,-480.000000
8399,3000.000000,-480.000000
8400,3000.000000,-480.000000
8401,3000.000000,-480.000000
8402,3000.000000,-480.000000
8403,2960.000000,-480.000000
8404,2960.000000,-480.000000
8405,2960.000000,-480.000000
8406,2960.000000,-440.000000
8407,2960.000000,-480.000000
8408,2960.000000,-480.000000
8409,2960.000000,-480.000000
8410,2960.000000,-480.000000
8411,2920.000000,-440.000000
8412,2920.000000,-480.000000
8413,2920.000000,-480.000000
8414,2920.000000,-480.000000
8415,2920.000000,-480.000000
8416,2920.000000,-440.000000
8417,2920.000000,-440.000000
8418,2920.000000,-440.000000
8419,2920.000000,-440.000000
8420,2880.000000,-480.000000
8421,2840.000000,-440.000000
8422,2840.000000,-480.000000
8423,2880.000000,-440.000000
8424,2840.000000,-440.000000
8425,2880.000000,-480.000000
8426,2840.000000,-440.000000
8427,2840.000000,-440.000000
8428,2840.000000,-440.000000
8429,2800.000000,-440.000000
8430,2800.000000,-440.000000
8431,2800.000000,-440.000000
8432,2800.000000,-440.000000
8433,2760.000000,-440.000000
8434,2760.000000,-400.000000
8435,2760.000000,-440.000000
8436,2760.000000,-440.000000
8437,2720.000000,-440.000000
8438,2680.000000,-440.000000
8439,2720.000000,-440.000000
8440,2680.000000,-440.000000
8441,2680.000000,-440.000000
8442,2680.000000,-440.000000
8443,2680.000000,-440.000000
8444,2640.000000,-440.000000
8445,2640.000000,-400.000000
8446,2640.000000,-400.000000
8447,2600.000000,-400.000000
8448,2600.000000,-400.000000
8449,2600.000000,-440.000000
8450,2560.000000,-400.000000
8451,2600.000000,-400.000000
8452,2560.000000,-400.000000
8453,2560.000000,-400.000000
8454,2560.000000,-400.000000
8455,2520.000000,-400.000000
8456,2520.000000,-400.000000
8457,2480.000000,-400.000000
8458,2480.000000,-400.000000
8459,2440.000000,-400.000000
8460,2480.000000,-400.000000
8461,2440.000000,-360.000000
8462,2440.000000,-400.000000
8463,2400.000000,-360.000000
8464,2400.000000,-400.000000
8465,2400.000000,-360.000000
8466,2360.000000,-360.000000
8467,2360.000000,-360.000000
8468,2360.000000,-360.000000
8469,2320.000000,-400.000000
8470,2320.000000,-360.000000
8471,2280.000000,-360.000000
8472,2280.000000,-360.000000
8473,2240.000000,-360.000000
8474,2240.000000,-320.000000
8475,2240.000000,-360.000000
8476,2240.000000,-360.000000
8477,2200.000000,-360.000000
8478,2200.000000,-320.000000
8479,2160.000000,-320.000000
8480,2160.000000,-320.000000
8481,2120.000000,-320.000000
8482,2120.000000,-320.000000
8483,2080.000000,-320.000000
8484,2080.000000,-320.000000
8485,2080.000000,-320.000000
8486,2040.000000,-320.000000
8487,2040.000000,-320.000000
8488,2000.000000,-320.000000
8489,2000.000000,-320.000000
8490,1960.000000,-320.000000
8491,1960.000000,-320.000000
8492,1960.000000,-320.000000
8493,1920.000000,-320.000000
8494,1920.000000,-280.000000
8495,1920.000000,-280.000000
8496,1840.000000,-320.000000
8497,1840.000000,-280.000000
8498,1840.000000,-280.000000
8499,1840.000000,-280.000000
8500,1800.000000,-280.000000
8501,1800.000000,-280.000000
8502,1760.000000,-240.000000
8503,1720.000000,-280.000000
8504,1720.000000,-280.000000
8505,1720.000000,-240.000000
8506,1720.000000,-280.000000
8507,1680.000000,-240.000000
8508,1640.000000,-240.000000
8509,1640.000000,-240.000000
8510,1640.000000,-240.000000
8511,1600.000000,-280.000000
8512,1560.000000,-280.000000
8513,1560.000000,-240.000000
8514,1560.000000,-240.000000
8515,1520.000000,-240.000000
8516,1480.000000,-240.000000
8517,1440.000000,-240.000000
8518,1440.000000,-200.000000
8519,1440.000000,-240.000000
8520,1400.000000,-200.000000
8521,1400.000000,-200.000000
8522,1360.000000,-200.000000
8523,1360.000000,-200.000000
8524,1320.000000,-200.000000
8525,1280.000000,-200.000000
8526,1280.000000,-160.000000
8527,1280.000000,-160.000000
8528,1240.000000,-160.000000
8529,1240.000000,-160.000000
8530,1200.000000,-200.000000
8531,1200.000000,-200.000000
8532,1160.000000,-160.000000
8533,1160.000000,-160.000000
8534,1120.000000,-160.000000
8535,1120.000000,-160.000000
8536,1040.000000,-160.000000
8537,1040.000000,-160.000000
8538,1040.000000,-160.000000
8539,1000.000000,-160.000000
8540,960.000000,-120.000000
8541,960.000000,-160.000000
8542,920.000000,-160.000000
8543,920.000000,-160.000000
8544,880.000000,-120.000000
8545,880.000000,-120.000000
8546,840.000000,-120.000000
8547,840.000000,-120.000000
8548,840.000000,-120.000000
8549,800.000000,-120.000000
8550,800.000000,-120.000000
8551,760.000000,-80.000000
8552,720.000000,-80.000000
8553,720.000000,-80.000000
8554,680.000000,-80.000000
8555,680.000000,-80.000000
8556,640.000000,-80.000000
8557,600.000000,-40.000000
8558,600.000000,-80.000000
8559,560.000000,-80.000000
8560,560.000000,-80.000000
8561,520.000000,-80.000000
8562,480.000000,-80.000000
8563,480.000000,-80.000000
8564,440.000000,-40.000000
8565,440.000000,0.000000
8566,440.000000,-40.000000
8567,360.000000,0.000000
8568,320.000000,-80.000000
8569,320.000000,-40.000000
8570,280.000000,-40.000000
8571,280.000000,-40.000000
8572,240.000000,-40.000000
8573,240.000000,-40.000000
8574,200.000000,-40.000000
8575,160.000000,0.000000
8576,160.000000,-40.000000
8577,120.000000,-40.000000
8578,120.000000,0.000000
8579,120.000000,0.000000
8580,80.000000,0.000000
8581,40.000000,0.000000
8582,40.000000,0.000000
8583,0.000000,0.000000
8584,-40.000000,0.000000
8585,-40.000000,0.000000
8586,-80.000000,0.000000
8587,-120.000000,0.000000
8588,-80.000000,40.000000
8589,-120.000000,40.000000
8590,-160.000000,40.000000
8591,-160.000000,40.000000
8592,-200.000000,40.000000
8593,-240.000000,40.000000
8594,-240.000000,80.000000
8595,-280.000000,40.000000
8596,-280.000000,40.000000
8597,-320.000000,80.000000
8598,-360.000000,80.000000
8599,-360.000000,80.000000
8600,-360.000000,80.000000
8601,-400.000000,80.000000
8602,-400.000000,80.000000
8603,-480.000000,80.000000
8604,-480.000000,80.000000
8605,-480.000000,80.000000
8606,-520.000000,80.000000
8607,-560.000000,120.000000
8608,-560.000000,120.000000
8609,-600.000000,120.000000
8610,-640.000000,120.000000
8611,-640.000000,120.000000
8612,-640.000000,120.000000
8613,-680.000000,120.000000
8614,-680.000000,120.000000
8615,-720.000000,120.000000
8616,-720.000000,120.000000
8617,-800.000000,120.000000
8618,-800.000000,120.000000
8619,-840.000000,160.000000
8620,-840.000000,120.000000
8621,-880.000000,160.000000
8622,-880.000000,160.000000
8623,-920.000000,160.000000
8624,-920.000000,160.000000
8625,-960.000000,160.000000
8626,-1000.000000,200.000000
8627,-1000.000000,160.000000
8628,-1040.000000,160.000000
8629,-1040.000000,200.000000
8630,-1040.000000,160.000000
8631,-1080.000000,200.000000
8632,-1080.000000,160.000000
8633,-1160.000000,200.000000
8634,-1160.000000,200.000000
8635,-1160.000000,200.000000
8636,-1160.000000,200.000000
8637,-1200.000000,200.000000
8638,-1200.000000,200.000000
8639,-1240.000000,200.000000
8640,-1240.000000,200.000000
8641,-1280.000000,200.000000
8642,-1320.000000,200.000000
8643,-1320.000000,240.000000
8644,-1360.000000,240.000000
8645,-1360.000000,240.000000
8646,-1400.000000,240.000000
8647,-1400.000000,200.000000
8648,-1440.000000,240.000000
8649,-1440.000000,240.000000
8650,-1480.000000,240.000000
8651,-1480.000000,240.000000
8652,-1520.000000,280.000000
8653,-1560.000000,280.000000
8654,-1520.000000,280.000000
8655,-1560.000000,280.000000
8656,-1600.000000,240.000000
8657,-1600.000000,280.000000
8658,-1600.000000,240.000000
8659,-1640.000000,280.000000
8660,-1680.000000,280.000000
8661,-1680.000000,280.000000
8662,-1720.000000,280.000000
8663,-1720.000000,280.000000
8664,-1760.000000,320.000000
8665,-1760.000000,280.000000
8666,-1760.000000,280.000000
8667,-1800.000000,320.000000
8668,-1840.000000,280.000000
8669,-1840.000000,280.000000
8670,-1840.000000,320.000000
8671,-1880.000000,280.000000
8672,-1880.000000,320.000000
8673,-1880.000000,320.000000
8674,-1920.000000,280.000000
8675,-1960.000000,320.000000
8676,-1960.000000,320.000000
8677,-1960.000000,320.000000
8678,-2000.000000,320.000000
8679,-2000.000000,320.000000
8680,-2040.000000,320.000000
8681,-2040.000000,360.000000
8682,-2040.000000,320.000000
8683,-2080.000000,360.000000
8684,-2080.000000,320.000000
8685,-2120.000000,320.000000
8686,-2120.000000,320.000000
8687,-2160.000000,360.000000
8688,-2160.000000,360.000000
8689,-2200.000000,320.000000
8690,-2200.000000,360.000000
8691,-2200.000000,320.000000
8692,-2200.000000,360.000000
8693,-2240.000000,360.000000
8694,-2240.000000,360.000000
8695,-2280.000000,360.000000
8696,-2280.000000,360.000000
8697,-2320.000000,400.000000
8698,-2320.000000,360.000000
8699,-2320.000000,400.000000
8700,-2360.000000,360.000000
8701,-2400.000000,360.000000
8702,-2400.000000,400.000000
8703,-2400.000000,400.000000
8704,-2400.000000,400.000000
8705,-2440.000000,400.000000
8706,-2440.000000,400.000000
8707,-2440.000000,400.000000
8708,-2440.000000,400.000000
8709,-2480.000000,400.000000
8710,-2480.000000,400.000000
8711,-2520.000000,400.000000
8712,-2520.000000,400.000000
8713,-2560.000000,400.000000
8714,-2560.000000,400.000000
8715,-2560.000000,440.000000
8716,-2560.000000,440.000000
8717,-2600.000000,400.000000
8718,-2600.000000,440.000000
8719,-2640.000000,400.000000
8720,-2600.000000,400.000000
8721,-2640.000000,440.000000
8722,-2640.000000,440.000000
8723,-2680.000000,440.000000
8724,-2680.000000,440.000000
8725,-2680.000000,440.000000
8726,-2680.000000,440.000000
8727,-2680.000000,440.000000
8728,-2720.000000,440.000000
8729,-2720.000000,440.000000
8730,-2720.000000,440.000000
8731,-2760.000000,440.000000
8732,-2800.000000,440.000000
8733,-2760.000000,440.000000
8734,-2800.000000,440.000000
8735,-2800.000000,480.000000
8736,-2800.000000,440.000000
8737,-2800.000000,480.000000
8738,-2800.000000,480.000000
8739,-2800.000000,440.000000
8740,-2840.000000,440.000000
8741,-2840.000000,440.000000
8742,-2840.000000,480.000000
8743,-2840.000000,480.000000
8744,-2880.000000,440.000000
8745,-2880.000000,440.000000
8746,-2880.000000,440.000000
8747,-2920.000000,480.000000
8748,-2880.000000,480.000000
8749,-2920.000000,480.000000
8750,-2920.000000,440.000000
8751,-2920.000000,480.000000
8752,-2960.000000,480.000000
8753,-2960.000000,440.000000
8754,-2960.000000,520.000000
8755,-2920.000000,480.000000
8756,-2960.000000,480.000000
8757,-2960.000000,480.000000
8758,-2960.000000,480.000000
8759,-3000.000000,480.000000
8760,-3000.000000,480.000000
8761,-2960.000000,480.000000
8762,-3000.000000,480.000000
8763,-3000.000000,480.000000
8764,-3000.000000,520.000000
8765,-3000.000000,480.000000
8766,-3040.000000,480.000000
8767,-3040.000000,480.000000
8768,-3040.000000,520.000000
8769,-3040.000000,480.000000
8770,-3000.000000,480.000000
8771,-3040.000000,480.000000
8772,-3040.000000,480.000000
8773,-3040.000000,480.000000
8774,-3040.000000,480.000000
8775,-3040.000000,480.000000
8776,-3040.000000,480.000000
8777,-3080.000000,480.000000
8778,-3080.000000,480.000000
8779,-3040.000000,480.000000
8780,-3080.000000,480.000000
8781,-3040.000000,480.000000
8782,-3080.000000,480.000000
8783,-3080.000000,520.000000
8784,-3080.000000,480.000000
8785,-3080.000000,480.000000
8786,-3080.000000,480.000000
8787,-3080.000000,520.000000
8788,-3080.000000,480.000000
8789,-3080.000000,480.000000
8790,-3080.000000,480.000000
8791,-3080.000000,480.000000
8792,-3080.000000,480.000000
8793,-3080.000000,480.000000
8794,-3080.000000,480.000000
8795,-3080.000000,520.000000
8796,-3080.000000,480.000000
8797,-3080.000000,480.000000
8798,-3080.000000,520.000000
8799,-3080.000000,480.000000
8800,-3080.000000,480.000000
8801,-3080.000000,480.000000
8802,-3080.000000,480.000000
8803,-3080.000000,480.000000
8804,-3080.000000,480.000000
8805,-3080.000000,520.000000
8806,-3080.000000,480.000000
8807,-3080.000000,480.000000
8808,-3080.000000,520.000000
8809,-3080.000000,480.000000
8810,-3080.000000,480.000000
8811,-3040.000000,480.000000
8812,-3040.000000,480.000000
8813,-3040.000000,480.000000
8814,-3040.000000,520.000000
8815,-3040.000000,480.000000
8816,-3040.000000,480.000000
8817,-3040.000000,480.000000
8818,-3040.000000,440.000000
8819,-3040.000000,480.000000
8820,-3000.000000,440.000000
8821,-3000.000000,480.000000
8822,-3000.000000,440.000000
8823,-3000.000000,440.000000
8824,-3000.000000,480.000000
8825,-3000.000000,480.000000
8826,-3000.000000,480.000000
8827,-3000.000000,480.000000
8828,-2960.000000,480.000000
8829,-2960.000000,480.000000
8830,-2960.000000,480.000000
8831,-2960.000000,440.000000
8832,-2960.000000,480.000000
8833,-2920.000000,480.000000
8834,-2920.000000,480.000000
8835,-2920.000000,480.000000
8836,-2880.000000,440.000000
8837,-2920.000000,480.000000
8838,-2920.000000,440.000000
8839,-2920.000000,440.000000
8840,-2880.000000,480.000000
8841,-2880.000000,440.000000
8842,-2880.000000,480.000000
8843,-2880.000000,440.000000
8844,-2840.000000,440.000000
8845,-2840.000000,480.000000
8846,-2840.000000,440.000000
8847,-2840.000000,440.000000
8848,-2840.000000,440.000000
8849,-2800.000000,440.000000
8850,-2800.000000,440.000000
8851,-2800.000000,440.000000
8852,-2800.000000,440.000000
8853,-2800.000000,440.000000
8854,-2760.000000,440.000000
8855,-2760.000000,440.000000
8856,-2760.000000,440.000000
8857,-2720.000000,440.000000
8858,-2720.000000,400.000000
8859,-2680.000000,440.000000
8860,-2680.000000,440.000000
8861,-2720.000000,440.000000
8862,-2680.000000,440.000000
8863,-2640.000000,400.000000
8864,-2640.000000,440.000000
8865,-2640.000000,400.000000
8866,-2600.000000,400.000000
8867,-2600.000000,400.000000
8868,-2600.000000,400.000000
8869,-2600.000000,440.000000
8870,-2560.000000,400.000000
8871,-2560.000000,400.000000
8872,-2560.000000,360.000000
8873,-2520.000000,400.000000
8874,-2520.000000,400.000000
8875,-2520.000000,400.000000
8876,-2480.000000,400.000000
8877,-2440.000000,400.000000
8878,-2480.000000,400.000000
8879,-2440.000000,400.000000
8880,-2400.000000,400.000000
8881,-2400.000000,360.000000
8882,-2400.000000,360.000000
8883,-2360.000000,360.000000
8884,-2400.000000,360.000000
8885,-2360.000000,360.000000
8886,-2360.000000,360.000000
8887,-2320.000000,360.000000
8888,-2320.000000,360.000000
8889,-2320.000000,360.000000
8890,-2280.000000,360.000000
8891,-2240.000000,360.000000
8892,-2240.000000,360.000000
8893,-2240.000000,360.000000
8894,-2200.000000,320.000000
8895,-2200.000000,360.000000
8896,-2200.000000,320.000000
8897,-2160.000000,360.000000
8898,-2160.000000,320.000000
8899,-2160.000000,320.000000
8900,-2120.000000,320.000000
8901,-2120.000000,320.000000
8902,-2080.000000,320.000000
8903,-2080.000000,320.000000
8904,-2040.000000,320.000000
8905,-2040.000000,320.000000
8906,-2040.000000,320.000000
8907,-2000.000000,320.000000
8908,-2000.000000,320.000000
8909,-2000.000000,320.000000
8910,-1960.000000,280.000000
8911,-1920.000000,320.000000
8912,-1920.000000,320.000000
8913,-1920.000000,280.000000
8914,-1920.000000,320.000000
8915,-1880.000000,280.000000
8916,-1880.000000,280.000000
8917,-1800.000000,280.000000
8918,-1800.000000,280.000000
8919,-1800.000000,280.000000
8920,-1800.000000,280.000000
8921,-1760.000000,280.000000
8922,-1760.000000,280.000000
8923,-1760.000000,280.000000
8924,-1680.000000,280.000000
8925,-1680.000000,280.000000
8926,-1640.000000,240.000000
8927,-1640.000000,240.000000
8928,-1640.000000,240.000000
8929,-1600.000000,240.000000
8930,-1600.000000,240.000000
8931,-1560.000000,240.000000
8932,-1560.000000,240.000000
8933,-1560.000000,240.000000
8934,-1480.000000,240.000000
8935,-1480.000000,240.000000
8936,-1480.000000,240.000000
8937,-1480.000000,200.000000
8938,-1440.000000,200.000000
8939,-1440.000000,200.000000
8940,-1400.000000,200.000000
8941,-1360.000000,200.000000
8942,-1360.000000,200.000000
8943,-1320.000000,200.000000
8944,-1280.000000,200.000000
8945,-1280.000000,200.000000
8946,-1240.000000,200.000000
8947,-1240.000000,160.000000
8948,-1200.000000,160.000000
8949,-1200.000000,160.000000
8950,-1200.000000,160.000000
8951,-1160.000000,160.000000
8952,-1160.000000,160.000000
8953,-1160.000000,160.000000
8954,-1120.000000,160.000000
8955,-1080.000000,160.000000
8956,-1080.000000,160.000000
8957,-1040.000000,120.000000
8958,-1000.000000,120.000000
8959,-1000.000000,160.000000
8960,-1000.000000,120.000000
8961,-960.000000,120.000000
8962,-920.000000,160.000000
8963,-880.000000,120.000000
8964,-880.000000,120.000000
8965,-880.000000,120.000000
8966,-840.000000,120.000000
8967,-800.000000,120.000000
8968,-760.000000,120.000000
8969,-800.000000,80.000000
8970,-760.000000,80.000000
8971,-720.000000,120.000000
8972,-720.000000,120.000000
8973,-680.000000,120.000000
8974,-680.000000,80.000000
8975,-640.000000,120.000000
8976,-640.000000,80.000000
8977,-600.000000,80.000000
8978,-560.000000,80.000000
8979,-560.000000,80.000000
8980,-520.000000,80.000000
8981,-480.000000,80.000000
8982,-480.000000,40.000000
8983,-440.000000,40.000000
8984,-400.000000,40.000000
8985,-400.000000,40.000000
8986,-400.000000,40.000000
8987,-360.000000,40.000000
8988,-360.000000,40.000000
8989,-320.000000,40.000000
8990,-320.000000,40.000000
8991,-320.000000,40.000000
8992,-240.000000,0.000000
8993,-240.000000,40.000000
8994,-240.000000,0.000000
8995,-200.000000,40.000000
8996,-160.000000,0.000000
8997,-120.000000,0.000000
8998,-120.000000,0.000000
8999,-80.000000,0.000000
9000,-80.000000,0.000000
9001,-40.000000,0.000000
9002,0.000000,0.000000
9003,0.000000,0.000000
9004,40.000000,-40.000000
9005,40.000000,-40.000000
9006,80.000000,-40.000000
9007,80.000000,-40.000000
9008,120.000000,-40.000000
9009,160.000000,-40.000000
9010,160.000000,-40.000000
9011,160.000000,-40.000000
9012,240.000000,-40.000000
9013,240.000000,-80.000000
9014,240.000000,-80.000000
9015,280.000000,-40.000000
9016,320.000000,-40.000000
9017,320.000000,-40.000000
9018,360.000000,-40.000000
9019,360.000000,-40.000000
9020,400.000000,-80.000000
9021,400.000000,-80.000000
9022,440.000000,-80.000000
9023,480.000000,-40.000000
9024,480.000000,-80.000000
9025,520.000000,-80.000000
9026,560.000000,-120.000000
9027,560.000000,-120.000000
9028,600.000000,-120.000000
9029,640.000000,-80.000000
9030,680.000000,-80.000000
9031,680.000000,-120.000000
9032,680.000000,-120.000000
9033,720.000000,-120.000000
9034,720.000000,-120.000000
9035,760.000000,-120.000000
9036,760.000000,-160.000000
9037,800.000000,-160.000000
9038,800.000000,-160.000000
9039,840.000000,-120.000000
9040,840.000000,-160.000000
9041,880.000000,-120.000000
9042,880.000000,-160.000000
9043,920.000000,-160.000000
9044,960.000000,-160.000000
9045,960.000000,-160.000000
9046,1000.000000,-160.000000
9047,1040.000000,-160.000000
9048,1040.000000,-160.000000
9049,1080.000000,-200.000000
9050,1080.000000,-160.000000
9051,1080.000000,-200.000000
9052,1120.000000,-160.000000
9053,1120.000000,-200.000000
9054,1160.000000,-200.000000
9055,1200.000000,-200.000000
9056,1200.000000,-160.000000
9057,1240.000000,-240.000000
9058,1240.000000,-200.000000
9059,1280.000000,-200.000000
9060,1280.000000,-240.000000
9061,1280.000000,-200.000000
9062,1320.000000,-200.000000
9063,1360.000000,-240.000000
9064,1360.000000,-240.000000
9065,1360.000000,-240.000000
9066,1440.000000,-240.000000
9067,1440.000000,-240.000000
9068,1440.000000,-240.000000
9069,1480.000000,-240.000000
9070,1480.000000,-240.000000
9071,1480.000000,-240.000000
9072,1520.000000,-240.000000
9073,1560.000000,-280.000000
9074,1560.000000,-280.000000
9075,1560.000000,-280.000000
9076,1600.000000,-280.000000
9077,1640.000000,-280.000000
9078,1640.000000,-280.000000
9079,1680.000000,-280.000000
9080,1680.000000,-280.000000
9081,1720.000000,-280.000000
9082,1720.000000,-320.000000
9083,1760.000000,-280.000000
9084,1760.000000,-320.000000
9085,1800.000000,-320.000000
9086,1800.000000,-320.000000
9087,1800.000000,-320.000000
9088,1840.000000,-320.000000
9089,1880.000000,-320.000000
9090,1880.000000,-320.000000
9091,1880.000000,-320.000000
9092,1880.000000,-320.000000
9093,1920.000000,-320.000000
9094,1960.000000,-320.000000
9095,1960.000000,-320.000000
9096,1960.000000,-320.000000
9097,2000.000000,-320.000000
9098,2040.000000,-320.000000
9099,2000.000000,-320.000000
9100,2040.000000,-320.000000
9101,2080.000000,-320.000000
9102,2080.000000,-320.000000
9103,2080.000000,-360.000000
9104,2120.000000,-360.000000
9105,2120.000000,-360.000000
9106,2120.000000,-320.000000
9107,2200.000000,-360.000000
9108,2160.000000,-360.000000
9109,2200.000000,-360.000000
9110,2240.000000,-360.000000
9111,2240.000000,-360.000000
9112,2240.000000,-360.000000
9113,2280.000000,-360.000000
9114,2280.000000,-400.000000
9115,2280.000000,-360.000000
9116,2280.000000,-400.000000
9117,2280.000000,-360.000000
9118,2320.000000,-400.000000
9119,2360.000000,-360.000000
9120,2360.000000,-400.000000
9121,2400.000000,-400.000000
9122,2400.000000,-400.000000
9123,2400.000000,-400.000000
9124,2440.000000,-400.000000
9125,2400.000000,-400.000000
9126,2440.000000,-400.000000
9127,2440.000000,-400.000000
9128,2480.000000,-400.000000
9129,2480.000000,-400.000000
9130,2520.000000,-400.000000
9131,2520.000000,-400.000000
9132,2560.000000,-400.000000
9133,2560.000000,-400.000000
9134,2560.000000,-400.000000
9135,2600.000000,-440.000000
9136,2600.000000,-440.000000
9137,2600.000000,-440.000000
9138,2600.000000,-440.000000
9139,2600.000000,-440.000000
9140,2640.000000,-440.000000
9141,2640.000000,-400.000000
9142,2680.000000,-440.000000
9143,2680.000000,-400.000000
9144,2680.000000,-400.000000
9145,2720.000000,-400.000000
9146,2720.000000,-440.000000
9147,2720.000000,-440.000000
9148,2720.000000,-440.000000
9149,2760.000000,-440.000000
9150,2760.000000,-440.000000
9151,2760.000000,-440.000000
9152,2760.000000,-440.000000
9153,2760.000000,-400.000000
9154,2800.000000,-440.000000
9155,2800.000000,-440.000000
9156,2800.000000,-440.000000
9157,2840.000000,-440.000000
9158,2840.000000,-480.000000
9159,2840.000000,-440.000000
9160,2800.000000,-440.000000
9161,2880.000000,-480.000000
9162,2840.000000,-480.000000
9163,2880.000000,-440.000000
9164,2880.000000,-440.000000
9165,2880.000000,-480.000000
9166,2880.000000,-480.000000
9167,2920.000000,-480.000000
9168,2920.000000,-480.000000
9169,2880.000000,-480.000000
9170,2920.000000,-480.000000
9171,2920.000000,-480.000000
9172,2920.000000,-440.000000
9173,2920.000000,-480.000000
9174,2920.000000,-480.000000
9175,2960.000000,-480.000000
9176,2920.000000,-480.000000
9177,2960.000000,-440.000000
9178,2960.000000,-440.000000
9179,2960.000000,-480.000000
9180,2960.000000,-520.000000
9181,2960.000000,-480.000000
9182,3000.000000,-480.000000
9183,3000.000000,-480.000000
9184,3000.000000,-480.000000
9185,2960.000000,-480.000000
9186,3000.000000,-480.000000
9187,3000.000000,-480.000000
9188,3000.000000,-480.000000
9189,3000.000000,-480.000000
9190,3040.000000,-480.000000
9191,3000.000000,-480.000000
9192,3000.000000,-480.000000
9193,3040.000000,-480.000000
9194,3040.000000,-480.000000
9195,3040.000000,-480.000000
9196,3000.000000,-480.000000
9197,3040.000000,-480.000000
9198,3080.000000,-480.000000
9199,3040.000000,-480.000000
9200,3040.000000,-480.000000
9201,3040.000000,-480.000000
9202,3040.000000,-480.000000
9203,3040.000000,-480.000000
9204,3040.000000,-480.000000
9205,3040.000000,-520.000000
9206,3040.000000,-480.000000
9207,3040.000000,-480.000000
9208,3040.000000,-480.000000
9209,3040.000000,-480.000000
9210,3040.000000,-480.000000
9211,3080.000000,-480.000000
9212,3040.000000,-480.000000
9213,3040.000000,-480.000000
9214,3040.000000,-480.000000
9215,3040.000000,-480.000000
9216,3040.000000,-480.000000
9217,3080.000000,-480.000000
9218,3040.000000,-480.000000
9219,3040.000000,-480.000000
9220,3040.000000,-480.000000
9221,3040.000000,-480.000000
9222,3040.000000,-480.000000
9223,3040.000000,-480.000000
9224,3000.000000,-480.000000
9225,3040.000000,-480.000000
9226,3040.000000,-480.000000
9227,3000.000000,-480.000000
9228,3000.000000,-480.000000
9229,3000.000000,-480.000000
9230,3000.000000,-480.000000
9231,3000.000000,-480.000000
9232,2960.000000,-480.000000
9233,3000.000000,-480.000000
9234,3040.000000,-480.000000
9235,3000.000000,-480.000000
9236,3000.000000,-480.000000
9237,3000.000000,-480.000000
9238,3000.000000,-480.000000
9239,3000.000000,-480.000000
9240,2960.000000,-480.000000
9241,2960.000000,-480.000000
9242,2960.000000,-480.000000
9243,2960.000000,-480.000000
9244,2960.000000,-480.000000
9245,2920.000000,-480.000000
9246,2960.000000,-480.000000
9247,2920.000000,-480.000000
9248,2920.000000,-480.000000
9249,2920.000000,-480.000000
9250,2920.000000,-480.000000
9251,2880.000000,-480.000000
9252,2880.000000,-440.000000
9253,2880.000000,-440.000000
9254,2880.000000,-440.000000
9255,2880.000000,-440.000000
9256,2880.000000,-440.000000
9257,2840.000000,-480.000000
9258,2840.000000,-480.000000
9259,2840.000000,-440.000000
9260,2840.000000,-440.000000
9261,2800.000000,-440.000000
9262,2840.000000,-480.000000
9263,2800.000000,-440.000000
9264,2800.000000,-440.000000
9265,2800.000000,-440.000000
9266,2760.000000,-440.000000
9267,2760.000000,-440.000000
9268,2760.000000,-440.000000
9269,2760.000000,-440.000000
9270,2720.000000,-440.000000
9271,2720.000000,-400.000000
9272,2720.000000,-440.000000
9273,2680.000000,-440.000000
9274,2720.000000,-400.000000
9275,2680.000000,-400.000000
9276,2680.000000,-440.000000
9277,2680.000000,-440.000000
9278,2640.000000,-440.000000
9279,2640.000000,-440.000000
9280,2640.000000,-400.000000
9281,2600.000000,-400.000000
9282,2600.000000,-400.000000
9283,2560.000000,-400.000000
9284,2600.000000,-400.000000
9285,2560.000000,-400.000000
9286,2560.000000,-400.000000
9287,2560.000000,-400.000000
9288,2520.000000,-400.000000
9289,2520.000000,-400.000000
9290,2520.000000,-400.000000
9291,2480.000000,-400.000000
9292,2480.000000,-400.000000
9293,2480.000000,-400.000000
9294,2440.000000,-400.000000
9295,2400.000000,-360.000000
9296,2400.000000,-400.000000
9297,2400.000000,-400.000000
9298,2360.000000,-400.000000
9299,2400.000000,-360.000000
9300,2360.000000,-360.000000
9301,2360.000000,-360.000000
9302,2320.000000,-360.000000
9303,2320.000000,-360.000000
9304,2280.000000,-320.000000
9305,2280.000000,-360.000000
9306,2240.000000,-360.000000
9307,2240.000000,-360.000000
9308,2240.000000,-360.000000
9309,2200.000000,-360.000000
9310,2200.000000,-320.000000
9311,2200.000000,-320.000000
9312,2160.000000,-320.000000
9313,2160.000000,-320.000000
9314,2120.000000,-320.000000
9315,2080.000000,-360.000000
9316,2120.000000,-320.000000
9317,2080.000000,-360.000000
9318,2080.000000,-320.000000
9319,2080.000000,-320.000000
9320,2040.000000,-320.000000
9321,2000.000000,-320.000000
9322,2040.000000,-320.000000
9323,1960.000000,-320.000000
9324,1960.000000,-320.000000
9325,1960.000000,-320.000000
9326,1920.000000,-280.000000
9327,1920.000000,-320.000000
9328,1920.000000,-280.000000
9329,1880.000000,-280.000000
9330,1840.000000,-280.000000
9331,1840.000000,-280.000000
9332,1840.000000,-280.000000
9333,1800.000000,-280.000000
9334,1800.000000,-280.000000
9335,1760.000000,-280.000000
9336,1760.000000,-280.000000
9337,1720.000000,-280.000000
9338,1720.000000,-280.000000
9339,1720.000000,-280.000000
9340,1680.000000,-240.000000
9341,1640.000000,-280.000000
9342,1640.000000,-240.000000
9343,1600.000000,-240.000000
9344,1560.000000,-240.000000
9345,1560.000000,-240.000000
9346,1560.000000,-240.000000
9347,1520.000000,-240.000000
9348,1520.000000,-240.000000
9349,1480.000000,-240.000000
9350,1480.000000,-240.000000
9351,1440.000000,-200.000000
9352,1440.000000,-240.000000
9353,1400.000000,-240.000000
9354,1400.000000,-200.000000
9355,1360.000000,-200.000000
9356,1360.000000,-200.000000
9357,1360.000000,-200.000000
9358,1320.000000,-200.000000
9359,1280.000000,-200.000000
9360,1280.000000,-200.000000
9361,1240.000000,-200.000000
9362,1240.000000,-200.000000
9363,1200.000000,-160.000000
9364,1200.000000,-160.000000
9365,1160.000000,-200.000000
9366,1120.000000,-200.000000
9367,1120.000000,-160.000000
9368,1080.000000,-160.000000
9369,1080.000000,-160.000000
9370,1040.000000,-160.000000
9371,1040.000000,-120.000000
9372,1040.000000,-160.000000
9373,960.000000,-160.000000
9374,960.000000,-160.000000
9375,960.000000,-160.000000
9376,920.000000,-120.000000
9377,880.000000,-120.000000
9378,880.000000,-120.000000
9379,880.000000,-120.000000
9380,840.000000,-120.000000
9381,840.000000,-120.000000
9382,800.000000,-120.000000
9383,760.000000,-120.000000
9384,760.000000,-120.000000
9385,720.000000,-80.000000
9386,720.000000,-80.000000
9387,720.000000,-80.000000
9388,680.000000,-80.000000
9389,640.000000,-80.000000
9390,600.000000,-80.000000
9391,640.000000,-80.000000
9392,560.000000,-80.000000
9393,560.000000,-80.000000
9394,520.000000,-80.000000
9395,520.000000,-80.000000
9396,480.000000,-80.000000
9397,440.000000,-80.000000
9398,400.000000,-40.000000
9399,400.000000,-40.000000
9400,400.000000,-40.000000
9401,360.000000,-40.000000
9402,320.000000,-40.000000
9403,320.000000,-40.000000
9404,280.000000,0.000000
9405,240.000000,-40.000000
9406,240.000000,-40.000000
9407,200.000000,-40.000000
9408,200.000000,0.000000
9409,160.000000,-40.000000
9410,200.000000,-40.000000
9411,120.000000,0.000000
9412,120.000000,-40.000000
9413,80.000000,0.000000
9414,40.000000,0.000000
9415,40.000000,0.000000
9416,0.000000,0.000000
9417,0.000000,40.000000
9418,-40.000000,40.000000
9419,-80.000000,0.000000
9420,-80.000000,0.000000
9421,-80.000000,40.000000
9422,-120.000000,40.000000
9423,-160.000000,40.000000
9424,-160.000000,40.000000
9425,-200.000000,40.000000
9426,-240.000000,40.000000
9427,-240.000000,40.000000
9428,-240.000000,40.000000
9429,-280.000000,40.000000
9430,-240.000000,40.000000
9431,-320.000000,80.000000
9432,-360.000000,80.000000
9433,-360.000000,80.000000
9434,-400.000000,80.000000
9435,-440.000000,80.000000
9436,-440.000000,80.000000
9437,-480.000000,80.000000
9438,-480.000000,80.000000
9439,-520.000000,120.000000
9440,-560.000000,80.000000
9441,-560.000000,80.000000
9442,-600.000000,120.000000
9443,-600.000000,120.000000
9444,-640.000000,120.000000
9445,-640.000000,120.000000
9446,-680.000000,120.000000
9447,-720.000000,120.000000
9448,-720.000000,120.000000
9449,-760.000000,120.000000
9450,-760.000000,120.000000
9451,-800.000000,120.000000
9452,-800.000000,160.000000
9453,-840.000000,160.000000
9454,-840.000000,160.000000
9455,-880.000000,160.000000
9456,-880.000000,160.000000
9457,-920.000000,160.000000
9458,-960.000000,160.000000
9459,-960.000000,160.000000
9460,-1000.000000,160.000000
9461,-1000.000000,160.000000
9462,-1040.000000,160.000000
9463,-1040.000000,200.000000
9464,-1080.000000,200.000000
9465,-1080.000000,200.000000
9466,-1120.000000,200.000000
9467,-1120.000000,200.000000
9468,-1160.000000,200.000000
9469,-1200.000000,200.000000
9470,-1200.000000,200.000000
9471,-1200.000000,200.000000
9472,-1240.000000,240.000000
9473,-1240.000000,200.000000
9474,-1280.000000,200.000000
9475,-1320.000000,200.000000
9476,-1320.000000,200.000000
9477,-1320.000000,240.000000
9478,-1360.000000,240.000000
9479,-1400.000000,240.000000
9480,-1440.000000,240.000000
9481,-1400.000000,240.000000
9482,-1440.000000,240.000000
9483,-1480.000000,240.000000
9484,-1480.000000,240.000000
9485,-1520.000000,280.000000
9486,-1520.000000,240.000000
9487,-1560.000000,240.000000
9488,-1560.000000,280.000000
9489,-1600.000000,240.000000
9490,-1600.000000,240.000000
9491,-1600.000000,240.000000
9492,-1640.000000,280.000000
9493,-1640.000000,280.000000
9494,-1680.000000,280.000000
9495,-1680.000000,320.000000
9496,-1760.000000,280.000000
9497,-1760.000000,280.000000
9498,-1760.000000,280.000000
9499,-1800.000000,280.000000
9500,-1800.000000,280.000000
9501,-1800.000000,280.000000
9502,-1840.000000,320.000000
9503,-1840.000000,320.000000
9504,-1880.000000,320.000000
9505,-1840.000000,280.000000
9506,-1920.000000,320.000000
9507,-1920.000000,320.000000
9508,-1920.000000,320.000000
9509,-1960.000000,320.000000
9510,-2000.000000,360.000000
9511,-2000.000000,320.000000
9512,-2000.000000,320.000000
9513,-2040.000000,320.000000
9514,-2040.000000,320.000000
9515,-2040.000000,360.000000
9516,-2080.000000,320.000000
9517,-2080.000000,360.000000
9518,-2080.000000,360.000000
9519,-2120.000000,360.000000
9520,-2080.000000,360.000000
9521,-2160.000000,360.000000
9522,-2200.000000,360.000000
9523,-2200.000000,320.000000
9524,-2200.000000,320.000000
9525,-2200.000000,320.000000
9526,-2240.000000,360.000000
9527,-2240.000000,360.000000
9528,-2280.000000,360.000000
9529,-2280.000000,400.000000
9530,-2280.000000,360.000000
9531,-2280.000000,360.000000
9532,-2320.000000,360.000000
9533,-2360.000000,400.000000
9534,-2320.000000,400.000000
9535,-2360.000000,400.000000
9536,-2400.000000,360.000000
9537,-2400.000000,400.000000
9538,-2440.000000,360.000000
9539,-2440.000000,400.000000
9540,-2440.000000,400.000000
9541,-2440.000000,400.000000
9542,-2480.000000,400.000000
9543,-2480.000000,400.000000
9544,-2520.000000,400.000000
9545,-2520.000000,400.000000
9546,-2520.000000,400.000000
9547,-2520.000000,400.000000
9548,-2560.000000,440.000000
9549,-2560.000000,400.000000
9550,-2560.000000,400.000000
9551,-2600.000000,400.000000
9552,-2640.000000,440.000000
9553,-2600.000000,440.000000
9554,-2640.000000,440.000000
9555,-2640.000000,440.000000
9556,-2640.000000,440.000000
9557,-2680.000000,440.000000
9558,-2720.000000,440.000000
9559,-2720.000000,440.000000
9560,-2720.000000,440.000000
9561,-2720.000000,440.000000
9562,-2720.000000,440.000000
9563,-2720.000000,480.000000
9564,-2760.000000,440.000000
9565,-2800.000000,440.000000
9566,-2760.000000,440.000000
9567,-2800.000000,440.000000
9568,-2800.000000,440.000000
9569,-2760.000000,440.000000
9570,-2800.000000,440.000000
9571,-2800.000000,480.000000
9572,-2840.000000,440.000000
9573,-2840.000000,480.000000
9574,-2840.000000,440.000000
9575,-2840.000000,440.000000
9576,-2880.000000,440.000000
9577,-2880.000000,440.000000
9578,-2880.000000,480.000000
9579,-2880.000000,440.000000
9580,-2880.000000,480.000000
9581,-2880.000000,480.000000
9582,-2880.000000,480.000000
9583,-2920.000000,480.000000
9584,-2920.000000,480.000000
9585,-2920.000000,480.000000
9586,-2920.000000,480.000000
9587,-2960.000000,480.000000
9588,-2960.000000,480.000000
9589,-2960.000000,480.000000
9590,-2960.000000,480.000000
9591,-2960.000000,480.000000
9592,-2960.000000,480.000000
9593,-3000.000000,480.000000
9594,-3000.000000,480.000000
9595,-3000.000000,480.000000
9596,-3040.000000,480.000000
9597,-3040.000000,480.000000
9598,-3000.000000,480.000000
9599,-3000.000000,480.000000
9600,-3040.000000,480.000000
9601,-3040.000000,520.000000
9602,-3000.000000,480.000000
9603,-3040.000000,480.000000
9604,-3040.000000,480.000000
9605,-3040.000000,480.000000
9606,-3080.000000,480.000000
9607,-3080.000000,520.000000
9608,-3040.000000,480.000000
9609,-3080.000000,480.000000
9610,-3040.000000,480.000000
9611,-3040.000000,480.000000
9612,-3080.000000,480.000000
9613,-3080.000000,520.000000
9614,-3080.000000,520.000000
9615,-3080.000000,480.000000
9616,-3040.000000,480.000000
9617,-3080.000000,480.000000
9618,-3080.000000,480.000000
9619,-3080.000000,520.000000
9620,-3080.000000,520.000000
9621,-3080.000000,520.000000
9622,-3080.000000,480.000000
9623,-3080.000000,480.000000
9624,-3080.000000,480.000000
9625,-3080.000000,520.000000
9626,-3080.000000,480.000000
9627,-3120.000000,480.000000
9628,-3080.000000,480.000000
9629,-3080.000000,480.000000
9630,-3080.000000,480.000000
9631,-3080.000000,480.000000
9632,-3080.000000,480.000000
9633,-3120.000000,480.000000
9634,-3080.000000,480.000000
9635,-3080.000000,480.000000
9636,-3080.000000,480.000000
9637,-3080.000000,480.000000
9638,-3080.000000,480.000000
9639,-3080.000000,480.000000
9640,-3080.000000,480.000000
9641,-3080.000000,480.000000
9642,-3080.000000,480.000000
9643,-3040.000000,480.000000
9644,-3040.000000,480.000000
9645,-3040.000000,480.000000
9646,-3040.000000,480.000000
9647,-3040.000000,480.000000
9648,-3080.000000,480.000000
9649,-3040.000000,480.000000
9650,-3040.000000,480.000000
9651,-3040.000000,480.000000
9652,-3000.000000,480.000000
9653,-3040.000000,480.000000
9654,-3000.000000,480.000000
9655,-3000.000000,480.000000
9656,-3000.000000,480.000000
9657,-3000.000000,480.000000
9658,-3000.000000,480.000000
9659,-3000.000000,440.000000
9660,-2960.000000,440.000000
9661,-2960.000000,480.000000
9662,-2960.000000,480.000000
9663,-3000.000000,480.000000
9664,-2920.000000,480.000000
9665,-2960.000000,480.000000
9666,-2960.000000,480.000000
9667,-2920.000000,440.000000
9668,-2920.000000,440.000000
9669,-2920.000000,480.000000
9670,-2920.000000,440.000000
9671,-2920.000000,440.000000
9672,-2920.000000,440.000000
9673,-2880.000000,440.000000
9674,-2880.000000,480.000000
9675,-2880.000000,440.000000
9676,-2880.000000,440.000000
9677,-2840.000000,440.000000
9678,-2840.000000,440.000000
9679,-2840.000000,440.000000
9680,-2840.000000,440.000000
9681,-2800.000000,440.000000
9682,-2800.000000,440.000000
9683,-2800.000000,440.000000
9684,-2800.000000,440.000000
9685,-2800.000000,440.000000
9686,-2760.000000,440.000000
9687,-2720.000000,440.000000
9688,-2760.000000,440.000000
9689,-2760.000000,440.000000
9690,-2760.000000,440.000000
9691,-2720.000000,440.000000
9692,-2720.000000,440.000000
9693,-2680.000000,400.000000
9694,-2680.000000,440.000000
9695,-2680.000000,400.000000
9696,-2680.000000,440.000000
9697,-2640.000000,400.000000
9698,-2640.000000,440.000000
9699,-2640.000000,400.000000
9700,-2640.000000,400.000000
9701,-2640.000000,400.000000
9702,-2560.000000,400.000000
9703,-2560.000000,400.000000
9704,-2560.000000,440.000000
9705,-2560.000000,400.000000
9706,-2520.000000,400.000000
9707,-2520.000000,400.000000
9708,-2480.000000,400.000000
9709,-2480.000000,400.000000
9710,-2480.000000,360.000000
9711,-2440.000000,360.000000
9712,-2480.000000,360.000000
9713,-2480.000000,360.000000
9714,-2440.000000,360.000000
9715,-2400.000000,360.000000
9716,-2400.000000,360.000000
9717,-2400.000000,360.000000
9718,-2360.000000,360.000000
9719,-2360.000000,360.000000
9720,-2320.000000,360.000000
9721,-2320.000000,360.000000
9722,-2320.000000,360.000000
9723,-2280.000000,360.000000
9724,-2280.000000,360.000000
9725,-2280.000000,360.000000
9726,-2280.000000,360.000000
9727,-2200.000000,360.000000
9728,-2200.000000,320.000000
9729,-2200.000000,320.000000
9730,-2200.000000,320.000000
9731,-2160.000000,360.000000
9732,-2160.000000,360.000000
9733,-2120.000000,320.000000
9734,-2120.000000,320.000000
9735,-2120.000000,320.000000
9736,-2080.000000,320.000000
9737,-2040.000000,280.000000
9738,-2040.000000,320.000000
9739,-2040.000000,320.000000
9740,-2040.000000,320.000000
9741,-2000.000000,320.000000
9742,-1960.000000,320.000000
9743,-2000.000000,280.000000
9744,-1960.000000,280.000000
9745,-1920.000000,280.000000
9746,-1920.000000,320.000000
9747,-1920.000000,280.000000
9748,-1880.000000,280.000000
9749,-1840.000000,280.000000
9750,-1840.000000,280.000000
9751,-1800.000000,280.000000
9752,-1800.000000,280.000000
9753,-1760.000000,280.000000
9754,-1760.000000,280.000000
9755,-1760.000000,280.000000
9756,-1720.000000,240.000000
9757,-1720.000000,280.000000
9758,-1680.000000,240.000000
9759,-1640.000000,240.000000
9760,-1680.000000,240.000000
9761,-1640.000000,240.000000
9762,-1600.000000,240.000000
9763,-1640.000000,240.000000
9764,-1560.000000,240.000000
9765,-1560.000000,240.000000
9766,-1560.000000,240.000000
9767,-1520.000000,240.000000
9768,-1520.000000,240.000000
9769,-1480.000000,200.000000
9770,-1480.000000,240.000000
9771,-1440.000000,200.000000
9772,-1400.000000,200.000000
9773,-1400.000000,240.000000
9774,-1400.000000,240.000000
9775,-1360.000000,200.000000
9776,-1320.000000,200.000000
9777,-1320.000000,200.000000
9778,-1280.000000,200.000000
9779,-1280.000000,200.000000
9780,-1240.000000,160.000000
9781,-1240.000000,200.000000
9782,-1240.000000,200.000000
9783,-1200.000000,160.000000
9784,-1160.000000,160.000000
9785,-1160.000000,160.000000
9786,-1120.000000,200.000000
9787,-1120.000000,160.000000
9788,-1080.000000,160.000000
9789,-1080.000000,160.000000
9790,-1080.000000,160.000000
9791,-1040.000000,160.000000
9792,-1000.000000,160.000000
9793,-1000.000000,120.000000
9794,-960.000000,120.000000
9795,-920.000000,160.000000
9796,-920.000000,120.000000
9797,-880.000000,120.000000
9798,-840.000000,120.000000
9799,-840.000000,80.000000
9800,-840.000000,120.000000
9801,-800.000000,120.000000
9802,-760.000000,120.000000
9803,-760.000000,120.000000
9804,-760.000000,120.000000
9805,-720.000000,120.000000
9806,-680.000000,80.000000
9807,-680.000000,80.000000
9808,-640.000000,80.000000
9809,-640.000000,80.000000
9810,-600.000000,80.000000
9811,-560.000000,80.000000
9812,-560.000000,80.000000
9813,-520.000000,80.000000
9814,-480.000000,80.000000
9815,-480.000000,80.000000
9816,-480.000000,40.000000
9817,-440.000000,40.000000
9818,-440.000000,80.000000
9819,-400.000000,80.000000
9820,-360.000000,40.000000
9821,-360.000000,40.000000
9822,-360.000000,40.000000
9823,-320.000000,40.000000
9824,-320.000000,40.000000
9825,-280.000000,40.000000
9826,-240.000000,40.000000
9827,-240.000000,0.000000
9828,-200.000000,40.000000
9829,-160.000000,40.000000
9830,-160.000000,0.000000
9831,-120.000000,0.000000
9832,-120.000000,0.000000
9833,-40.000000,0.000000
9834,-40.000000,-40.000000
9835,-40.000000,0.000000
9836,0.000000,0.000000
9837,40.000000,0.000000
9838,40.000000,0.000000
9839,80.000000,0.000000
9840,80.000000,-40.000000
9841,80.000000,-40.000000
9842,120.000000,-40.000000
9843,160.000000,-40.000000
9844,200.000000,-40.000000
9845,200.000000,-40.000000
9846,200.000000,-40.000000
9847,240.000000,-40.000000
9848,280.000000,-40.000000
9849,280.000000,-40.000000
9850,320.000000,-80.000000
9851,320.000000,-40.000000
9852,360.000000,-40.000000
9853,400.000000,-80.000000
9854,400.000000,-80.000000
9855,440.000000,-80.000000
9856,440.000000,-80.000000
9857,480.000000,-80.000000
9858,480.000000,-80.000000
9859,560.000000,-80.000000
9860,560.000000,-80.000000
9861,560.000000,-120.000000
9862,640.000000,-120.000000
9863,640.000000,-120.000000
9864,640.000000,-120.000000
9865,680.000000,-120.000000
9866,680.000000,-120.000000
9867,720.000000,-120.000000
9868,760.000000,-120.000000
9869,760.000000,-120.000000
9870,800.000000,-120.000000
9871,800.000000,-160.000000
9872,840.000000,-120.000000
9873,840.000000,-160.000000
9874,880.000000,-120.000000
9875,880.000000,-160.000000
9876,920.000000,-160.000000
9877,920.000000,-160.000000
9878,960.000000,-160.000000
9879,960.000000,-160.000000
9880,1000.000000,-200.000000
9881,1040.000000,-160.000000
9882,1040.000000,-160.000000
9883,1040.000000,-200.000000
9884,1080.000000,-200.000000
9885,1080.000000,-160.000000
9886,1120.000000,-200.000000
9887,1120.000000,-200.000000
9888,1160.000000,-200.000000
9889,1200.000000,-160.000000
9890,1200.000000,-240.000000
9891,1240.000000,-200.000000
9892,1240.000000,-200.000000
9893,1280.000000,-200.000000
9894,1280.000000,-240.000000
9895,1320.000000,-240.000000
9896,1320.000000,-240.000000
9897,1360.000000,-240.000000
9898,1360.000000,-240.000000
9899,1400.000000,-240.000000
9900,1440.000000,-240.000000
9901,1440.000000,-240.000000
9902,1440.000000,-240.000000
9903,1480.000000,-240.000000
9904,1480.000000,-280.000000
9905,1480.000000,-280.000000
9906,1520.000000,-240.000000
9907,1560.000000,-280.000000
9908,1560.000000,-280.000000
9909,1600.000000,-280.000000
9910,1600.000000,-280.000000
9911,1640.000000,-240.000000
9912,1680.000000,-280.000000
9913,1680.000000,-280.000000
9914,1720.000000,-280.000000
9915,1720.000000,-280.000000
9916,1720.000000,-280.000000
9917,1760.000000,-280.000000
9918,1800.000000,-320.000000
9919,1800.000000,-320.000000
9920,1800.000000,-280.000000
9921,1840.000000,-320.000000
9922,1840.000000,-320.000000
9923,1880.000000,-320.000000
9924,1920.000000,-320.000000
9925,1920.000000,-320.000000
9926,1920.000000,-280.000000
9927,1920.000000,-320.000000
9928,1960.000000,-320.000000
9929,2000.000000,-320.000000
9930,2000.000000,-320.000000
9931,2000.000000,-320.000000
9932,2040.000000,-320.000000
9933,2040.000000,-320.000000
9934,2040.000000,-360.000000
9935,2080.000000,-320.000000
9936,2080.000000,-320.000000
9937,2120.000000,-360.000000
9938,2120.000000,-360.000000
9939,2120.000000,-360.000000
9940,2160.000000,-360.000000
9941,2160.000000,-320.000000
9942,2200.000000,-360.000000
9943,2200.000000,-360.000000
9944,2200.000000,-360.000000
9945,2240.000000,-360.000000
9946,2240.000000,-360.000000
9947,2280.000000,-360.000000
9948,2280.000000,-400.000000
9949,2280.000000,-400.000000
9950,2280.000000,-400.000000
9951,2320.000000,-360.000000
9952,2360.000000,-360.000000
9953,2360.000000,-400.000000
9954,2400.000000,-400.000000
9955,2400.000000,-400.000000
9956,2400.000000,-400.000000
9957,2440.000000,-400.000000
9958,2440.000000,-400.000000
9959,2440.000000,-400.000000
9960,2480.000000,-400.000000
9961,2480.000000,-400.000000
9962,2440.000000,-400.000000
9963,2480.000000,-400.000000
9964,2520.000000,-400.000000
9965,2520.000000,-400.000000
9966,2560.000000,-400.000000
9967,2600.000000,-400.000000
9968,2560.000000,-440.000000
9969,2560.000000,-400.000000
9970,2600.000000,-400.000000
9971,2600.000000,-400.000000
9972,2640.000000,-400.000000
9973,2600.000000,-440.000000
9974,2640.000000,-440.000000
9975,2640.000000,-400.000000
9976,2680.000000,-440.000000
9977,2680.000000,-400.000000
9978,2680.000000,-440.000000
9979,2680.000000,-440.000000
9980,2720.000000,-440.000000
9981,2720.000000,-440.000000
9982,2720.000000,-440.000000
9983,2720.000000,-440.000000
9984,2760.000000,-440.000000
9985,2760.000000,-440.000000
9986,2760.000000,-440.000000
9987,2760.000000,-440.000000
9988,2800.000000,-440.000000
9989,2800.000000,-440.000000
9990,2800.000000,-480.000000
9991,2800.000000,-440.000000
9992,2840.000000,-440.000000
9993,2840.000000,-480.000000
9994,2800.000000,-440.000000
9995,2840.000000,-440.000000
9996,2880.000000,-440.000000
9997,2880.000000,-440.000000
9998,2880.000000,-440.000000
9999,2920.000000,-480.000000
10000,2880.000000,-480.000000
