Channel              :,CH1,CH2
Frequency            :,1.000kHz,1.000kHz
Period               :,1.000ms,1.000ms
PK-PK                :,5.880V,1.040V
Probe attenuation    :,1X,1X
Voltage per ADC value:,2.500000mV,2.500000mV
Time interval        :,0.40000uS,0.40000uS

index,CH1_Voltage(mV),CH2_Voltage(mV)
1,-1520.000000,480.000000
2,-1520.000000,480.000000
3,-1560.000000,480.000000
4,-1520.000000,480.000000
5,-1520.000000,480.000000
6,-1520.000000,520.000000
7,-1520.000000,480.000000
8,-1520.000000,480.000000
9,-1520.000000,480.000000
10,-1520.000000,480.000000
11,-1520.000000,480.000000
12,-1520.000000,480.000000
13,-1520.000000,480.000000
14,-1480.000000,480.000000
15,-1480.000000,480.000000
16,-1480.000000,480.000000
17,-1480.000000,480.000000
18,-1520.000000,480.000000
19,-1480.000000,480.000000
20,-1560.000000,480.000000
21,-1560.000000,-480.000000
22,-1600.000000,-480.000000
23,-1600.000000,-520.000000
24,-1600.000000,-480.000000
25,-1600.000000,-520.000000
26,-1640.000000,-480.000000
27,-1600.000000,-480.000000
28,-1600.000000,-480.000000
29,-1520.000000,-520.000000
30,-1400.000000,-520.000000
31,-1200.000000,-480.000000
32,-1040.000000,-520.000000
33,-880.000000,-480.000000
34,-720.000000,-480.000000
35,-560.000000,-480.000000
36,-360.000000,-480.000000
37,-240.000000,-520.000000
38,-40.000000,-480.000000
39,120.000000,-480.000000
40,280.000000,-480.000000
41,440.000000,-520.000000
42,640.000000,-520.000000
43,800.000000,-480.000000
44,960.000000,-480.000000
45,1120.000000,-480.000000
46,1200.000000,-480.000000
47,1320.000000,-480.000000
48,1400.000000,-480.000000
49,1440.000000,-480.000000
50,1440.000000,-520.000000
51,1480.000000,-520.000000
52,1480.000000,-480.000000
53,1480.000000,-520.000000
54,1480.000000,-480.000000
55,1520.000000,-480.000000
56,1520.000000,-480.000000
57,1520.000000,-520.000000
58,1520.000000,-480.000000
59,1520.000000,-480.000000
60,1520.000000,-480.000000
61,1520.000000,-480.000000
62,1520.000000,-480.000000
63,1520.000000,-520.000000
64,1520.000000,-480.000000
65,1520.000000,-480.000000
66,1520.000000,-520.000000
67,1560.000000,-480.000000
68,1560.000000,-480.000000
69,1520.000000,-480.000000
70,1560.000000,-480.000000
71,1560.000000,-480.000000
72,1560.000000,-520.000000
73,1560.000000,-520.000000
74,1560.000000,-520.000000
75,1560.000000,-480.000000
76,1560.000000,-480.000000
77,1560.000000,-520.000000
78,1560.000000,-480.000000
79,1560.000000,-480.000000
80,1560.000000,-520.000000
81,1600.000000,-520.000000
82,1600.000000,-520.000000
83,1600.000000,-480.000000
84,1600.000000,-520.000000
85,1560.000000,-480.000000
86,1600.000000,-520.000000
87,1560.000000,-480.000000
88,1600.000000,-480.000000
89,1560.000000,-480.000000
90,1600.000000,-520.000000
91,1600.000000,-520.000000
92,1600.000000,-480.000000
93,1600.000000,-520.000000
94,1600.000000,-520.000000
95,1600.000000,-480.000000
96,1600.000000,-480.000000
97,1600.000000,-520.000000
98,1600.000000,-480.000000
99,1600.000000,-480.000000
100,1640.000000,-480.000000
101,1600.000000,-480.000000
102,1640.000000,-480.000000
103,1640.000000,-480.000000
104,1640.000000,-520.000000
105,1640.000000,-520.000000
106,1640.000000,-520.000000
107,1640.000000,-480.000000
108,1640.000000,-480.000000
109,1640.000000,-520.000000
110,1640.000000,-520.000000
111,1680.000000,-480.000000
112,1640.000000,-480.000000
113,1680.000000,-480.000000
114,1640.000000,-480.000000
115,1640.000000,-480.000000
116,1640.000000,-480.000000
117,1680.000000,-480.000000
118,1680.000000,-480.000000
119,1680.000000,-480.000000
120,1680.000000,-480.000000
121,1640.000000,-520.000000
122,1680.000000,-480.000000
123,1640.000000,-520.000000
124,1680.000000,-480.000000
125,1680.000000,-480.000000
126,1680.000000,-480.000000
127,1680.000000,-520.000000
128,1680.000000,-480.000000
129,1720.000000,-480.000000
130,1680.000000,-480.000000
131,1680.000000,-480.000000
132,1720.000000,-480.000000
133,1720.000000,-480.000000
134,1720.000000,-480.000000
135,1680.000000,-480.000000
136,1720.000000,-480.000000
137,1720.000000,-520.000000
138,1720.000000,-480.000000
139,1720.000000,-480.000000
140,1720.000000,-480.000000
141,1720.000000,-480.000000
142,1720.000000,-480.000000
143,1720.000000,-480.000000
144,1720.000000,-520.000000
145,1720.000000,-480.000000
146,1720.000000,-480.000000
147,1720.000000,-480.000000
148,1760.000000,-480.000000
149,1720.000000,-480.000000
150,1760.000000,-480.000000
151,1760.000000,-520.000000
152,1760.000000,-480.000000
153,1760.000000,-480.000000
154,1760.000000,-480.000000
155,1760.000000,-480.000000
156,1760.000000,-520.000000
157,1760.000000,-520.000000
158,1760.000000,-480.000000
159,1760.000000,-480.000000
160,1760.000000,-520.000000
161,1760.000000,-480.000000
162,1800.000000,-520.000000
163,1760.000000,-480.000000
164,1760.000000,-520.000000
165,1760.000000,-480.000000
166,1760.000000,-480.000000
167,1760.000000,-480.000000
168,1760.000000,-520.000000
169,1760.000000,-520.000000
170,1800.000000,-520.000000
171,1800.000000,-520.000000
172,1760.000000,-480.000000
173,1800.000000,-480.000000
174,1800.000000,-520.000000
175,1800.000000,-520.000000
176,1800.000000,-520.000000
177,1800.000000,-520.000000
178,1800.000000,-520.000000
179,1800.000000,-520.000000
180,1800.000000,-480.000000
181,1800.000000,-480.000000
182,1800.000000,-480.000000
183,1800.000000,-520.000000
184,1800.000000,-480.000000
185,1800.000000,-520.000000
186,1800.000000,-480.000000
187,1800.000000,-480.000000
188,1840.000000,-520.000000
189,1800.000000,-520.000000
190,1840.000000,-480.000000
191,1840.000000,-480.000000
192,1840.000000,-480.000000
193,1840.000000,-480.000000
194,1840.000000,-480.000000
195,1840.000000,-520.000000
196,1840.000000,-480.000000
197,1840.000000,-520.000000
198,1880.000000,-520.000000
199,1840.000000,-480.000000
200,1840.000000,-480.000000
201,1880.000000,-480.000000
202,1880.000000,-520.000000
203,1880.000000,-480.000000
204,1880.000000,-520.000000
205,1840.000000,-480.000000
206,1880.000000,-480.000000
207,1840.000000,-480.000000
208,1880.000000,-520.000000
209,1880.000000,-520.000000
210,1880.000000,-480.000000
211,1880.000000,-520.000000
212,1880.000000,-520.000000
213,1880.000000,-480.000000
214,1880.000000,-480.000000
215,1920.000000,-480.000000
216,1880.000000,-480.000000
217,1880.000000,-520.000000
218,1920.000000,-480.000000
219,1920.000000,-480.000000
220,1880.000000,-480.000000
221,1920.000000,-480.000000
222,1920.000000,-480.000000
223,1920.000000,-480.000000
224,1920.000000,-480.000000
225,1920.000000,-520.000000
226,1920.000000,-480.000000
227,1920.000000,-480.000000
228,1920.000000,-480.000000
229,1920.000000,-520.000000
230,1920.000000,-520.000000
231,1920.000000,-520.000000
232,1920.000000,-480.000000
233,1920.000000,-480.000000
234,1960.000000,-520.000000
235,1920.000000,-480.000000
236,1920.000000,-480.000000
237,1920.000000,-480.000000
238,1920.000000,-480.000000
239,1960.000000,-520.000000
240,1960.000000,-520.000000
241,1920.000000,-480.000000
242,1960.000000,-520.000000
243,1960.000000,-520.000000
244,1920.000000,-480.000000
245,1960.000000,-520.000000
246,1960.000000,-480.000000
247,1960.000000,-520.000000
248,2000.000000,-480.000000
249,1960.000000,-480.000000
250,1920.000000,-520.000000
251,1960.000000,-520.000000
252,1960.000000,-480.000000
253,1960.000000,-480.000000
254,2000.000000,-520.000000
255,1960.000000,-520.000000
256,2000.000000,-520.000000
257,2000.000000,-520.000000
258,2000.000000,-480.000000
259,2000.000000,-480.000000
260,2000.000000,-480.000000
261,2000.000000,-520.000000
262,2000.000000,-480.000000
263,1960.000000,-480.000000
264,2000.000000,-480.000000
265,2000.000000,-480.000000
266,2000.000000,-520.000000
267,2040.000000,-480.000000
268,2000.000000,-480.000000
269,2000.000000,-480.000000
270,2000.000000,-520.000000
271,2000.000000,-480.000000
272,2040.000000,-480.000000
273,2000.000000,-480.000000
274,2040.000000,-520.000000
275,2000.000000,-480.000000
276,2000.000000,-480.000000
277,2040.000000,-480.000000
278,2040.000000,-480.000000
279,2040.000000,-480.000000
280,2040.000000,-480.000000
281,2040.000000,-520.000000
282,2000.000000,-520.000000
283,2040.000000,-480.000000
284,2040.000000,-520.000000
285,2040.000000,-480.000000
286,2080.000000,-480.000000
287,2040.000000,-480.000000
288,2040.000000,-480.000000
289,2080.000000,-480.000000
290,2040.000000,-520.000000
291,2080.000000,-480.000000
292,2080.000000,-480.000000
293,2080.000000,-480.000000
294,2080.000000,-480.000000
295,2080.000000,-480.000000
296,2080.000000,-480.000000
297,2080.000000,-480.000000
298,2080.000000,-480.000000
299,2080.000000,-480.000000
300,2080.000000,-480.000000
301,2080.000000,-480.000000
302,2120.000000,-480.000000
303,2080.000000,-520.000000
304,2080.000000,-480.000000
305,2080.000000,-480.000000
306,2120.000000,-520.000000
307,2120.000000,-480.000000
308,2120.000000,-480.000000
309,2080.000000,-520.000000
310,2120.000000,-520.000000
311,2120.000000,-520.000000
312,2120.000000,-520.000000
313,2120.000000,-480.000000
314,2120.000000,-480.000000
315,2160.000000,-480.000000
316,2120.000000,-480.000000
317,2120.000000,-480.000000
318,2120.000000,-480.000000
319,2120.000000,-520.000000
320,2160.000000,-480.000000
321,2120.000000,-480.000000
322,2160.000000,-480.000000
323,2120.000000,-480.000000
324,2120.000000,-480.000000
325,2160.000000,-480.000000
326,2160.000000,-480.000000
327,2160.000000,-480.000000
328,2120.000000,-480.000000
329,2160.000000,-480.000000
330,2160.000000,-480.000000
331,2160.000000,-480.000000
332,2160.000000,-520.000000
333,2160.000000,-480.000000
334,2160.000000,-480.000000
335,2160.000000,-520.000000
336,2200.000000,-480.000000
337,2160.000000,-480.000000
338,2160.000000,-520.000000
339,2200.000000,-480.000000
340,2200.000000,-520.000000
341,2160.000000,-520.000000
342,2200.000000,-480.000000
343,2200.000000,-480.000000
344,2200.000000,-480.000000
345,2200.000000,-480.000000
346,2200.000000,-480.000000
347,2200.000000,-520.000000
348,2200.000000,-480.000000
349,2200.000000,-480.000000
350,2200.000000,-520.000000
351,2200.000000,-520.000000
352,2200.000000,-480.000000
353,2200.000000,-480.000000
354,2200.000000,-520.000000
355,2200.000000,-480.000000
356,2200.000000,-480.000000
357,2240.000000,-480.000000
358,2200.000000,-520.000000
359,2200.000000,-520.000000
360,2240.000000,-480.000000
361,2240.000000,-520.000000
362,2240.000000,-480.000000
363,2200.000000,-520.000000
364,2240.000000,-480.000000
365,2240.000000,-520.000000
366,2240.000000,-480.000000
367,2240.000000,-480.000000
368,2240.000000,-480.000000
369,2240.000000,-480.000000
370,2240.000000,-480.000000
371,2240.000000,-480.000000
372,2280.000000,-520.000000
373,2280.000000,-480.000000
374,2280.000000,-480.000000
375,2240.000000,-480.000000
376,2280.000000,-480.000000
377,2280.000000,-480.000000
378,2280.000000,-480.000000
379,2280.000000,-480.000000
380,2280.000000,-480.000000
381,2280.000000,-480.000000
382,2280.000000,-520.000000
383,2280.000000,-480.000000
384,2280.000000,-480.000000
385,2280.000000,-480.000000
386,2280.000000,-480.000000
387,2280.000000,-480.000000
388,2280.000000,-480.000000
389,2280.000000,-520.000000
390,2280.000000,-520.000000
391,2280.000000,-520.000000
392,2320.000000,-480.000000
393,2320.000000,-480.000000
394,2320.000000,-480.000000
395,2320.000000,-520.000000
396,2320.000000,-480.000000
397,2320.000000,-520.000000
398,2320.000000,-520.000000
399,2320.000000,-480.000000
400,2320.000000,-520.000000
401,2320.000000,-520.000000
402,2360.000000,-480.000000
403,2360.000000,-480.000000
404,2320.000000,-520.000000
405,2320.000000,-480.000000
406,2320.000000,-520.000000
407,2320.000000,-520.000000
408,2360.000000,-480.000000
409,2360.000000,-520.000000
410,2360.000000,-520.000000
411,2360.000000,-520.000000
412,2360.000000,-520.000000
413,2360.000000,-480.000000
414,2360.000000,-480.000000
415,2360.000000,-520.000000
416,2360.000000,-480.000000
417,2360.000000,-480.000000
418,2360.000000,-480.000000
419,2360.000000,-480.000000
420,2400.000000,-520.000000
421,2360.000000,-480.000000
422,2360.000000,-480.000000
423,2400.000000,-520.000000
424,2360.000000,-520.000000
425,2400.000000,-520.000000
426,2400.000000,-480.000000
427,2360.000000,-520.000000
428,2400.000000,-520.000000
429,2400.000000,-520.000000
430,2360.000000,-520.000000
431,2400.000000,-520.000000
432,2360.000000,-520.000000
433,2400.000000,-520.000000
434,2400.000000,-480.000000
435,2400.000000,-480.000000
436,2400.000000,-480.000000
437,2400.000000,-520.000000
438,2440.000000,-480.000000
439,2400.000000,-480.000000
440,2440.000000,-520.000000
441,2400.000000,-520.000000
442,2440.000000,-480.000000
443,2400.000000,-520.000000
444,2440.000000,-480.000000
445,2400.000000,-480.000000
446,2440.000000,-480.000000
447,2440.000000,-520.000000
448,2440.000000,-520.000000
449,2440.000000,-480.000000
450,2440.000000,-480.000000
451,2440.000000,-480.000000
452,2440.000000,-480.000000
453,2440.000000,-480.000000
454,2480.000000,-520.000000
455,2440.000000,-520.000000
456,2480.000000,-480.000000
457,2480.000000,-480.000000
458,2480.000000,-520.000000
459,2480.000000,-480.000000
460,2480.000000,-480.000000
461,2440.000000,-520.000000
462,2480.000000,-480.000000
463,2480.000000,-520.000000
464,2480.000000,-480.000000
465,2440.000000,-520.000000
466,2480.000000,-520.000000
467,2480.000000,-480.000000
468,2520.000000,-480.000000
469,2480.000000,-520.000000
470,2520.000000,-480.000000
471,2480.000000,-520.000000
472,2520.000000,-480.000000
473,2480.000000,-480.000000
474,2520.000000,-480.000000
475,2520.000000,-480.000000
476,2520.000000,-480.000000
477,2520.000000,-480.000000
478,2520.000000,-520.000000
479,2520.000000,-480.000000
480,2520.000000,-480.000000
481,2520.000000,-480.000000
482,2520.000000,-520.000000
483,2520.000000,-480.000000
484,2520.000000,-520.000000
485,2480.000000,-480.000000
486,2520.000000,-480.000000
487,2520.000000,-480.000000
488,2520.000000,-480.000000
489,2520.000000,-480.000000
490,2520.000000,-520.000000
491,2560.000000,-520.000000
492,2520.000000,-520.000000
493,2560.000000,-480.000000
494,2560.000000,-520.000000
495,2560.000000,-480.000000
496,2560.000000,-520.000000
497,2560.000000,-480.000000
498,2560.000000,-520.000000
499,2560.000000,-520.000000
500,2560.000000,-480.000000
501,2560.000000,-480.000000
502,2560.000000,-520.000000
503,2560.000000,-480.000000
504,2560.000000,-480.000000
505,2560.000000,-520.000000
506,2560.000000,-520.000000
507,2560.000000,-480.000000
508,2560.000000,-520.000000
509,2560.000000,-480.000000
510,2560.000000,-480.000000
511,2560.000000,-520.000000
512,2600.000000,-480.000000
513,2600.000000,-520.000000
514,2560.000000,-480.000000
515,2600.000000,-520.000000
516,2600.000000,-480.000000
517,2600.000000,-520.000000
518,2600.000000,-480.000000
519,2600.000000,-480.000000
520,2600.000000,-480.000000
521,2600.000000,-480.000000
522,2600.000000,-480.000000
523,2600.000000,-480.000000
524,2600.000000,-520.000000
525,2600.000000,-480.000000
526,2600.000000,-520.000000
527,2600.000000,-480.000000
528,2640.000000,-520.000000
529,2640.000000,-480.000000
530,2640.000000,-480.000000
531,2640.000000,-480.000000
532,2640.000000,-480.000000
533,2680.000000,-480.000000
534,2640.000000,-480.000000
535,2640.000000,-480.000000
536,2640.000000,-480.000000
537,2640.000000,-520.000000
538,2640.000000,-520.000000
539,2640.000000,-480.000000
540,2680.000000,-520.000000
541,2680.000000,-480.000000
542,2680.000000,-520.000000
543,2680.000000,-520.000000
544,2680.000000,-520.000000
545,2680.000000,-520.000000
546,2680.000000,-480.000000
547,2680.000000,-480.000000
548,2680.000000,-480.000000
549,2680.000000,-480.000000
550,2680.000000,-480.000000
551,2680.000000,-520.000000
552,2680.000000,-480.000000
553,2680.000000,-480.000000
554,2680.000000,-480.000000
555,2680.000000,-480.000000
556,2680.000000,-480.000000
557,2720.000000,-520.000000
558,2680.000000,-520.000000
559,2720.000000,-480.000000
560,2720.000000,-480.000000
561,2680.000000,-480.000000
562,2680.000000,-480.000000
563,2720.000000,-480.000000
564,2720.000000,-480.000000
565,2720.000000,-520.000000
566,2720.000000,-480.000000
567,2720.000000,-480.000000
568,2720.000000,-480.000000
569,2720.000000,-480.000000
570,2720.000000,-480.000000
571,2760.000000,-520.000000
572,2720.000000,-480.000000
573,2720.000000,-480.000000
574,2760.000000,-480.000000
575,2760.000000,-480.000000
576,2760.000000,-480.000000
577,2760.000000,-520.000000
578,2760.000000,-520.000000
579,2760.000000,-480.000000
580,2760.000000,-520.000000
581,2760.000000,-520.000000
582,2800.000000,-480.000000
583,2760.000000,-480.000000
584,2760.000000,-520.000000
585,2760.000000,-520.000000
586,2760.000000,-480.000000
587,2760.000000,-480.000000
588,2760.000000,-480.000000
589,2800.000000,-480.000000
590,2760.000000,-520.000000
591,2800.000000,-480.000000
592,2800.000000,-480.000000
593,2800.000000,-520.000000
594,2800.000000,-480.000000
595,2760.000000,-480.000000
596,2800.000000,-520.000000
597,2760.000000,-480.000000
598,2800.000000,-480.000000
599,2800.000000,-520.000000
600,2800.000000,-480.000000
601,2800.000000,-480.000000
602,2800.000000,-520.000000
603,2800.000000,-480.000000
604,2800.000000,-480.000000
605,2800.000000,-480.000000
606,2800.000000,-480.000000
607,2840.000000,-520.000000
608,2800.000000,-520.000000
609,2800.000000,-520.000000
610,2800.000000,-520.000000
611,2840.000000,-480.000000
612,2800.000000,-480.000000
613,2840.000000,-480.000000
614,2840.000000,-480.000000
615,2840.000000,-520.000000
616,2840.000000,-480.000000
617,2800.000000,-480.000000
618,2840.000000,-480.000000
619,2840.000000,-480.000000
620,2840.000000,-480.000000
621,2840.000000,-480.000000
622,2840.000000,-520.000000
623,2840.000000,-480.000000
624,2840.000000,-480.000000
625,2840.000000,-520.000000
626,2840.000000,-520.000000
627,2840.000000,-480.000000
628,2840.000000,-520.000000
629,2880.000000,-520.000000
630,2880.000000,-480.000000
631,2880.000000,-480.000000
632,2880.000000,-520.000000
633,2880.000000,-480.000000
634,2880.000000,-520.000000
635,2880.000000,-480.000000
636,2880.000000,-480.000000
637,2880.000000,-520.000000
638,2880.000000,-480.000000
639,2880.000000,-480.000000
640,2880.000000,-520.000000
641,2880.000000,-480.000000
642,2920.000000,-480.000000
643,2880.000000,-480.000000
644,2880.000000,-520.000000
645,2920.000000,-520.000000
646,2920.000000,-480.000000
647,2920.000000,-480.000000
648,2880.000000,-480.000000
649,2880.000000,-520.000000
650,2920.000000,-480.000000
651,2880.000000,-480.000000
652,2880.000000,-480.000000
653,2880.000000,-480.000000
654,2880.000000,-480.000000
655,2880.000000,-480.000000
656,2880.000000,-520.000000
657,2880.000000,-520.000000
658,2880.000000,-480.000000
659,2880.000000,-520.000000
660,2880.000000,-480.000000
661,2880.000000,-520.000000
662,2840.000000,-520.000000
663,2880.000000,-480.000000
664,2880.000000,-520.000000
665,2840.000000,-520.000000
666,2840.000000,-480.000000
667,2880.000000,-520.000000
668,2840.000000,-480.000000
669,2840.000000,-480.000000
670,2840.000000,-480.000000
671,2840.000000,-520.000000
672,2840.000000,-480.000000
673,2840.000000,-520.000000
674,2840.000000,-520.000000
675,2840.000000,-480.000000
676,2840.000000,-520.000000
677,2840.000000,-480.000000
678,2840.000000,-520.000000
679,2840.000000,-480.000000
680,2840.000000,-520.000000
681,2800.000000,-520.000000
682,2840.000000,-520.000000
683,2840.000000,-480.000000
684,2800.000000,-480.000000
685,2800.000000,-520.000000
686,2840.000000,-480.000000
687,2800.000000,-520.000000
688,2800.000000,-480.000000
689,2800.000000,-480.000000
690,2800.000000,-480.000000
691,2800.000000,-520.000000
692,2800.000000,-480.000000
693,2800.000000,-520.000000
694,2800.000000,-520.000000
695,2800.000000,-480.000000
696,2800.000000,-520.000000
697,2760.000000,-520.000000
698,2800.000000,-480.000000
699,2800.000000,-480.000000
700,2800.000000,-520.000000
701,2800.000000,-480.000000
702,2760.000000,-480.000000
703,2800.000000,-480.000000
704,2800.000000,-480.000000
705,2760.000000,-520.000000
706,2760.000000,-520.000000
707,2800.000000,-520.000000
708,2760.000000,-480.000000
709,2760.000000,-520.000000
710,2760.000000,-480.000000
711,2760.000000,-480.000000
712,2760.000000,-480.000000
713,2760.000000,-480.000000
714,2760.000000,-520.000000
715,2720.000000,-520.000000
716,2760.000000,-520.000000
717,2720.000000,-480.000000
718,2720.000000,-480.000000
719,2720.000000,-480.000000
720,2760.000000,-480.000000
721,2720.000000,-520.000000
722,2720.000000,-480.000000
723,2720.000000,-480.000000
724,2720.000000,-520.000000
725,2720.000000,-480.000000
726,2720.000000,-480.000000
727,2720.000000,-520.000000
728,2720.000000,-480.000000
729,2720.000000,-520.000000
730,2720.000000,-480.000000
731,2720.000000,-480.000000
732,2720.000000,-480.000000
733,2680.000000,-520.000000
734,2720.000000,-520.000000
735,2720.000000,-480.000000
736,2720.000000,-480.000000
737,2680.000000,-520.000000
738,2680.000000,-480.000000
739,2680.000000,-520.000000
740,2680.000000,-480.000000
741,2680.000000,-480.000000
742,2680.000000,-480.000000
743,2680.000000,-520.000000
744,2680.000000,-520.000000
745,2680.000000,-480.000000
746,2680.000000,-520.000000
747,2680.000000,-480.000000
748,2640.000000,-480.000000
749,2640.000000,-480.000000
750,2680.000000,-480.000000
751,2640.000000,-520.000000
752,2680.000000,-480.000000
753,2680.000000,-520.000000
754,2680.000000,-480.000000
755,2680.000000,-480.000000
756,2640.000000,-520.000000
757,2680.000000,-480.000000
758,2640.000000,-520.000000
759,2640.000000,-480.000000
760,2600.000000,-480.000000
761,2640.000000,-480.000000
762,2640.000000,-480.000000
763,2640.000000,-520.000000
764,2600.000000,-520.000000
765,2640.000000,-480.000000
766,2600.000000,-480.000000
767,2640.000000,-520.000000
768,2600.000000,-520.000000
769,2600.000000,-480.000000
770,2600.000000,-520.000000
771,2600.000000,-480.000000
772,2600.000000,-480.000000
773,2600.000000,-480.000000
774,2600.000000,-480.000000
775,2600.000000,-520.000000
776,2600.000000,-520.000000
777,2600.000000,-520.000000
778,2600.000000,-520.000000
779,2560.000000,-520.000000
780,2600.000000,-520.000000
781,2600.000000,-480.000000
782,2600.000000,-520.000000
783,2560.000000,-480.000000
784,2560.000000,-480.000000
785,2560.000000,-480.000000
786,2560.000000,-520.000000
787,2560.000000,-480.000000
788,2560.000000,-480.000000
789,2600.000000,-480.000000
790,2560.000000,-520.000000
791,2560.000000,-480.000000
792,2560.000000,-520.000000
793,2560.000000,-520.000000
794,2560.000000,-520.000000
795,2560.000000,-480.000000
796,2560.000000,-480.000000
797,2560.000000,-480.000000
798,2560.000000,-520.000000
799,2560.000000,-520.000000
800,2560.000000,-480.000000
801,2560.000000,-520.000000
802,2560.000000,-520.000000
803,2520.000000,-480.000000
804,2560.000000,-520.000000
805,2520.000000,-480.000000
806,2560.000000,-520.000000
807,2520.000000,-480.000000
808,2520.000000,-480.000000
809,2520.000000,-520.000000
810,2520.000000,-480.000000
811,2520.000000,-520.000000
812,2520.000000,-520.000000
813,2520.000000,-520.000000
814,2520.000000,-480.000000
815,2520.000000,-480.000000
816,2520.000000,-520.000000
817,2520.000000,-480.000000
818,2520.000000,-480.000000
819,2520.000000,-480.000000
820,2520.000000,-480.000000
821,2520.000000,-480.000000
822,2480.000000,-480.000000
823,2480.000000,-480.000000
824,2480.000000,-520.000000
825,2480.000000,-480.000000
826,2480.000000,-520.000000
827,2480.000000,-520.000000
828,2480.000000,-480.000000
829,2480.000000,-480.000000
830,2520.000000,-520.000000
831,2480.000000,-520.000000
832,2480.000000,-480.000000
833,2480.000000,-480.000000
834,2480.000000,-480.000000
835,2480.000000,-520.000000
836,2480.000000,-520.000000
837,2440.000000,-480.000000
838,2480.000000,-520.000000
839,2440.000000,-520.000000
840,2440.000000,-480.000000
841,2440.000000,-520.000000
842,2440.000000,-520.000000
843,2440.000000,-480.000000
844,2440.000000,-480.000000
845,2440.000000,-480.000000
846,2440.000000,-520.000000
847,2440.000000,-480.000000
848,2440.000000,-480.000000
849,2440.000000,-480.000000
850,2440.000000,-480.000000
851,2440.000000,-480.000000
852,2440.000000,-480.000000
853,2440.000000,-480.000000
854,2440.000000,-480.000000
855,2400.000000,-520.000000
856,2400.000000,-480.000000
857,2400.000000,-520.000000
858,2400.000000,-520.000000
859,2400.000000,-480.000000
860,2440.000000,-480.000000
861,2400.000000,-520.000000
862,2440.000000,-520.000000
863,2400.000000,-520.000000
864,2400.000000,-480.000000
865,2400.000000,-480.000000
866,2400.000000,-480.000000
867,2400.000000,-520.000000
868,2400.000000,-480.000000
869,2360.000000,-480.000000
870,2400.000000,-480.000000
871,2360.000000,-480.000000
872,2400.000000,-520.000000
873,2400.000000,-480.000000
874,2400.000000,-480.000000
875,2400.000000,-480.000000
876,2360.000000,-480.000000
877,2360.000000,-480.000000
878,2360.000000,-480.000000
879,2360.000000,-480.000000
880,2360.000000,-520.000000
881,2360.000000,-480.000000
882,2360.000000,-480.000000
883,2360.000000,-520.000000
884,2360.000000,-480.000000
885,2360.000000,-480.000000
886,2320.000000,-520.000000
887,2360.000000,-480.000000
888,2360.000000,-480.000000
889,2360.000000,-480.000000
890,2360.000000,-480.000000
891,2360.000000,-480.000000
892,2360.000000,-480.000000
893,2320.000000,-480.000000
894,2320.000000,-480.000000
895,2320.000000,-480.000000
896,2320.000000,-480.000000
897,2320.000000,-480.000000
898,2320.000000,-480.000000
899,2320.000000,-480.000000
900,2360.000000,-480.000000
901,2320.000000,-480.000000
902,2320.000000,-480.000000
903,2320.000000,-480.000000
904,2320.000000,-480.000000
905,2280.000000,-480.000000
906,2280.000000,-520.000000
907,2280.000000,-520.000000
908,2280.000000,-480.000000
909,2280.000000,-520.000000
910,2280.000000,-520.000000
911,2280.000000,-480.000000
912,2280.000000,-520.000000
913,2280.000000,-520.000000
914,2280.000000,-480.000000
915,2280.000000,-480.000000
916,2280.000000,-480.000000
917,2280.000000,-480.000000
918,2280.000000,-520.000000
919,2280.000000,-480.000000
920,2240.000000,-520.000000
921,2280.000000,-480.000000
922,2280.000000,-480.000000
923,2280.000000,-520.000000
924,2240.000000,-520.000000
925,2280.000000,-480.000000
926,2240.000000,-480.000000
927,2240.000000,-480.000000
928,2240.000000,-480.000000
929,2240.000000,-480.000000
930,2240.000000,-480.000000
931,2240.000000,-480.000000
932,2240.000000,-480.000000
933,2240.000000,-520.000000
934,2240.000000,-520.000000
935,2240.000000,-520.000000
936,2240.000000,-520.000000
937,2240.000000,-520.000000
938,2200.000000,-480.000000
939,2240.000000,-480.000000
940,2240.000000,-520.000000
941,2240.000000,-480.000000
942,2200.000000,-480.000000
943,2200.000000,-520.000000
944,2240.000000,-480.000000
945,2200.000000,-480.000000
946,2200.000000,-480.000000
947,2200.000000,-520.000000
948,2200.000000,-480.000000
949,2200.000000,-520.000000
950,2200.000000,-480.000000
951,2160.000000,-520.000000
952,2200.000000,-480.000000
953,2200.000000,-480.000000
954,2160.000000,-480.000000
955,2200.000000,-480.000000
956,2160.000000,-480.000000
957,2160.000000,-480.000000
958,2160.000000,-480.000000
959,2160.000000,-480.000000
960,2160.000000,-480.000000
961,2160.000000,-480.000000
962,2160.000000,-480.000000
963,2160.000000,-480.000000
964,2160.000000,-480.000000
965,2160.000000,-480.000000
966,2160.000000,-480.000000
967,2160.000000,-480.000000
968,2160.000000,-480.000000
969,2160.000000,-520.000000
970,2160.000000,-480.000000
971,2160.000000,-480.000000
972,2120.000000,-520.000000
973,2120.000000,-480.000000
974,2160.000000,-520.000000
975,2120.000000,-480.000000
976,2160.000000,-520.000000
977,2160.000000,-520.000000
978,2120.000000,-480.000000
979,2120.000000,-480.000000
980,2120.000000,-520.000000
981,2120.000000,-480.000000
982,2160.000000,-520.000000
983,2120.000000,-480.000000
984,2120.000000,-480.000000
985,2120.000000,-480.000000
986,2120.000000,-480.000000
987,2120.000000,-480.000000
988,2120.000000,-480.000000
989,2080.000000,-480.000000
990,2080.000000,-480.000000
991,2080.000000,-480.000000
992,2080.000000,-480.000000
993,2080.000000,-520.000000
994,2120.000000,-480.000000
995,2120.000000,-480.000000
996,2080.000000,-480.000000
997,2080.000000,-480.000000
998,2080.000000,-480.000000
999,2080.000000,-480.000000
1000,2080.000000,-520.000000
1001,2080.000000,-480.000000
1002,2080.000000,-520.000000
1003,2080.000000,-480.000000
1004,2080.000000,-520.000000
1005,2080.000000,-520.000000
1006,2080.000000,-480.000000
1007,2040.000000,-480.000000
1008,2040.000000,-480.000000
1009,2040.000000,-520.000000
1010,2040.000000,-480.000000
1011,2040.000000,-520.000000
1012,2040.000000,-480.000000
1013,2040.000000,-480.000000
1014,2040.000000,-480.000000
1015,2040.000000,-480.000000
1016,2040.000000,-520.000000
1017,2040.000000,-480.000000
1018,2040.000000,-520.000000
1019,2040.000000,-520.000000
1020,2040.000000,-480.000000
1021,2040.000000,-520.000000
1022,2000.000000,-480.000000
1023,2040.000000,-480.000000
1024,2000.000000,-480.000000
1025,2000.000000,-480.000000
1026,2040.000000,-520.000000
1027,2000.000000,-480.000000
1028,2000.000000,-480.000000
1029,2000.000000,-520.000000
1030,2000.000000,-520.000000
1031,2000.000000,-480.000000
1032,2000.000000,-520.000000
1033,2000.000000,-480.000000
1034,1960.000000,-480.000000
1035,2000.000000,-480.000000
1036,2000.000000,-480.000000
1037,2000.000000,-480.000000
1038,1960.000000,-520.000000
1039,2000.000000,-480.000000
1040,2000.000000,-520.000000
1041,2000.000000,-480.000000
1042,1960.000000,-480.000000
1043,1960.000000,-480.000000
1044,1960.000000,-480.000000
1045,1960.000000,-480.000000
1046,1960.000000,-520.000000
1047,1960.000000,-480.000000
1048,1960.000000,-480.000000
1049,1960.000000,-480.000000
1050,1960.000000,-520.000000
1051,1960.000000,-480.000000
1052,1960.000000,-520.000000
1053,1960.000000,-480.000000
1054,1920.000000,-480.000000
1055,1960.000000,-480.000000
1056,1920.000000,-480.000000
1057,1960.000000,-480.000000
1058,1960.000000,-480.000000
1059,1920.000000,-520.000000
1060,1960.000000,-480.000000
1061,1960.000000,-480.000000
1062,1920.000000,-480.000000
1063,1920.000000,-520.000000
1064,1920.000000,-480.000000
1065,1920.000000,-520.000000
1066,1920.000000,-480.000000
1067,1960.000000,-480.000000
1068,1920.000000,-520.000000
1069,1920.000000,-480.000000
1070,1920.000000,-480.000000
1071,1920.000000,-480.000000
1072,1920.000000,-480.000000
1073,1920.000000,-480.000000
1074,1920.000000,-480.000000
1075,1920.000000,-520.000000
1076,1880.000000,-520.000000
1077,1920.000000,-480.000000
1078,1920.000000,-520.000000
1079,1880.000000,-480.000000
1080,1880.000000,-520.000000
1081,1880.000000,-520.000000
1082,1880.000000,-520.000000
1083,1880.000000,-520.000000
1084,1880.000000,-480.000000
1085,1880.000000,-520.000000
1086,1880.000000,-520.000000
1087,1880.000000,-520.000000
1088,1880.000000,-480.000000
1089,1880.000000,-480.000000
1090,1880.000000,-480.000000
1091,1880.000000,-480.000000
1092,1880.000000,-520.000000
1093,1840.000000,-480.000000
1094,1880.000000,-480.000000
1095,1840.000000,-480.000000
1096,1840.000000,-480.000000
1097,1880.000000,-480.000000
1098,1880.000000,-520.000000
1099,1840.000000,-480.000000
1100,1840.000000,-480.000000
1101,1840.000000,-480.000000
1102,1840.000000,-520.000000
1103,1840.000000,-480.000000
1104,1840.000000,-480.000000
1105,1840.000000,-520.000000
1106,1840.000000,-480.000000
1107,1840.000000,-480.000000
1108,1800.000000,-520.000000
1109,1840.000000,-520.000000
1110,1840.000000,-480.000000
1111,1800.000000,-480.000000
1112,1800.000000,-520.000000
1113,1840.000000,-480.000000
1114,1840.000000,-480.000000
1115,1840.000000,-520.000000
1116,1800.000000,-480.000000
1117,1800.000000,-480.000000
1118,1800.000000,-480.000000
1119,1800.000000,-520.000000
1120,1800.000000,-480.000000
1121,1840.000000,-480.000000
1122,1800.000000,-520.000000
1123,1800.000000,-520.000000
1124,1800.000000,-480.000000
1125,1800.000000,-480.000000
1126,1760.000000,-480.000000
1127,1800.000000,-520.000000
1128,1800.000000,-480.000000
1129,1800.000000,-520.000000
1130,1800.000000,-520.000000
1131,1800.000000,-520.000000
1132,1800.000000,-480.000000
1133,1760.000000,-520.000000
1134,1760.000000,-480.000000
1135,1760.000000,-520.000000
1136,1760.000000,-480.000000
1137,1760.000000,-480.000000
1138,1800.000000,-520.000000
1139,1760.000000,-520.000000
1140,1720.000000,-480.000000
1141,1720.000000,-520.000000
1142,1760.000000,-480.000000
1143,1760.000000,-480.000000
1144,1760.000000,-520.000000
1145,1760.000000,-480.000000
1146,1760.000000,-520.000000
1147,1720.000000,-520.000000
1148,1720.000000,-480.000000
1149,1720.000000,-480.000000
1150,1720.000000,-480.000000
1151,1720.000000,-480.000000
1152,1720.000000,-480.000000
1153,1760.000000,-480.000000
1154,1720.000000,-480.000000
1155,1720.000000,-480.000000
1156,1720.000000,-480.000000
1157,1720.000000,-520.000000
1158,1720.000000,-480.000000
1159,1720.000000,-480.000000
1160,1720.000000,-480.000000
1161,1680.000000,-520.000000
1162,1680.000000,-520.000000
1163,1720.000000,-480.000000
1164,1720.000000,-480.000000
1165,1720.000000,-520.000000
1166,1720.000000,-480.000000
1167,1720.000000,-480.000000
1168,1680.000000,-520.000000
1169,1680.000000,-520.000000
1170,1680.000000,-480.000000
1171,1680.000000,-480.000000
1172,1680.000000,-480.000000
1173,1680.000000,-520.000000
1174,1680.000000,-480.000000
1175,1680.000000,-480.000000
1176,1680.000000,-520.000000
1177,1640.000000,-480.000000
1178,1680.000000,-520.000000
1179,1680.000000,-480.000000
1180,1680.000000,-480.000000
1181,1640.000000,-480.000000
1182,1640.000000,-480.000000
1183,1680.000000,-480.000000
1184,1680.000000,-480.000000
1185,1680.000000,-520.000000
1186,1640.000000,-520.000000
1187,1640.000000,-480.000000
1188,1640.000000,-520.000000
1189,1640.000000,-520.000000
1190,1640.000000,-480.000000
1191,1640.000000,-480.000000
1192,1640.000000,-480.000000
1193,1640.000000,-480.000000
1194,1600.000000,-480.000000
1195,1600.000000,-520.000000
1196,1640.000000,-520.000000
1197,1640.000000,-480.000000
1198,1640.000000,-520.000000
1199,1600.000000,-480.000000
1200,1600.000000,-520.000000
1201,1600.000000,-480.000000
1202,1600.000000,-480.000000
1203,1600.000000,-480.000000
1204,1600.000000,-480.000000
1205,1600.000000,-520.000000
1206,1600.000000,-480.000000
1207,1600.000000,-520.000000
1208,1600.000000,-520.000000
1209,1600.000000,-520.000000
1210,1600.000000,-520.000000
1211,1600.000000,-480.000000
1212,1600.000000,-480.000000
1213,1600.000000,-480.000000
1214,1560.000000,-480.000000
1215,1560.000000,-480.000000
1216,1560.000000,-520.000000
1217,1560.000000,-480.000000
1218,1560.000000,-520.000000
1219,1560.000000,-520.000000
1220,1560.000000,-520.000000
1221,1560.000000,-480.000000
1222,1520.000000,-480.000000
1223,1600.000000,-520.000000
1224,1560.000000,-480.000000
1225,1560.000000,-520.000000
1226,1560.000000,-520.000000
1227,1560.000000,-480.000000
1228,1560.000000,-520.000000
1229,1520.000000,-520.000000
1230,1520.000000,-480.000000
1231,1520.000000,-520.000000
1232,1520.000000,-520.000000
1233,1560.000000,-520.000000
1234,1560.000000,-480.000000
1235,1520.000000,-520.000000
1236,1520.000000,-480.000000
1237,1520.000000,-520.000000
1238,1520.000000,-520.000000
1239,1520.000000,-520.000000
1240,1520.000000,-480.000000
1241,1520.000000,-480.000000
1242,1520.000000,-520.000000
1243,1520.000000,-520.000000
1244,1520.000000,-480.000000
1245,1520.000000,-520.000000
1246,1480.000000,-520.000000
1247,1480.000000,-520.000000
1248,1520.000000,-480.000000
1249,1480.000000,-480.000000
1250,1480.000000,-480.000000
1251,1520.000000,-480.000000
1252,1480.000000,-520.000000
1253,1480.000000,-520.000000
1254,1520.000000,-480.000000
1255,1480.000000,-520.000000
1256,1480.000000,-520.000000
1257,1480.000000,-520.000000
1258,1480.000000,-520.000000
1259,1480.000000,-520.000000
1260,1480.000000,-520.000000
1261,1480.000000,-480.000000
1262,1480.000000,-480.000000
1263,1480.000000,-480.000000
1264,1480.000000,-480.000000
1265,1440.000000,-480.000000
1266,1480.000000,-520.000000
1267,1480.000000,-520.000000
1268,1440.000000,-480.000000
1269,1440.000000,-480.000000
1270,1320.000000,-520.000000
1271,1160.000000,520.000000
1272,1000.000000,480.000000
1273,800.000000,520.000000
1274,640.000000,480.000000
1275,440.000000,480.000000
1276,280.000000,480.000000
1277,120.000000,480.000000
1278,-80.000000,480.000000
1279,-240.000000,480.000000
1280,-400.000000,480.000000
1281,-520.000000,480.000000
1282,-640.000000,480.000000
1283,-720.000000,520.000000
1284,-840.000000,440.000000
1285,-880.000000,480.000000
1286,-960.000000,480.000000
1287,-1000.000000,480.000000
1288,-1040.000000,480.000000
1289,-1080.000000,480.000000
1290,-1120.000000,480.000000
1291,-1120.000000,480.000000
1292,-1160.000000,480.000000
1293,-1160.000000,480.000000
1294,-1160.000000,480.000000
1295,-1200.000000,480.000000
1296,-1240.000000,480.000000
1297,-1320.000000,480.000000
1298,-1400.000000,480.000000
1299,-1480.000000,480.000000
1300,-1480.000000,480.000000
1301,-1520.000000,520.000000
1302,-1520.000000,480.000000
1303,-1520.000000,480.000000
1304,-1560.000000,480.000000
1305,-1520.000000,440.000000
1306,-1520.000000,480.000000
1307,-1560.000000,480.000000
1308,-1560.000000,480.000000
1309,-1560.000000,480.000000
1310,-1560.000000,480.000000
1311,-1560.000000,480.000000
1312,-1560.000000,480.000000
1313,-1560.000000,480.000000
1314,-1560.000000,480.000000
1315,-1560.000000,480.000000
1316,-1560.000000,480.000000
1317,-1560.000000,480.000000
1318,-1600.000000,480.000000
1319,-1600.000000,480.000000
1320,-1600.000000,480.000000
1321,-1600.000000,520.000000
1322,-1600.000000,480.000000
1323,-1600.000000,480.000000
1324,-1560.000000,520.000000
1325,-1600.000000,520.000000
1326,-1600.000000,480.000000
1327,-1600.000000,480.000000
1328,-1600.000000,480.000000
1329,-1600.000000,520.000000
1330,-1640.000000,480.000000
1331,-1600.000000,480.000000
1332,-1640.000000,480.000000
1333,-1600.000000,480.000000
1334,-1640.000000,480.000000
1335,-1640.000000,480.000000
1336,-1640.000000,480.000000
1337,-1600.000000,480.000000
1338,-1640.000000,480.000000
1339,-1640.000000,480.000000
1340,-1640.000000,480.000000
1341,-1640.000000,480.000000
1342,-1640.000000,480.000000
1343,-1600.000000,480.000000
1344,-1680.000000,480.000000
1345,-1640.000000,520.000000
1346,-1640.000000,480.000000
1347,-1640.000000,480.000000
1348,-1640.000000,480.000000
1349,-1640.000000,480.000000
1350,-1640.000000,480.000000
1351,-1640.000000,480.000000
1352,-1640.000000,520.000000
1353,-1640.000000,480.000000
1354,-1680.000000,480.000000
1355,-1680.000000,520.000000
1356,-1680.000000,480.000000
1357,-1680.000000,480.000000
1358,-1680.000000,480.000000
1359,-1680.000000,480.000000
1360,-1720.000000,480.000000
1361,-1680.000000,480.000000
1362,-1680.000000,480.000000
1363,-1680.000000,480.000000
1364,-1720.000000,480.000000
1365,-1680.000000,480.000000
1366,-1680.000000,480.000000
1367,-1720.000000,480.000000
1368,-1720.000000,480.000000
1369,-1720.000000,480.000000
1370,-1680.000000,480.000000
1371,-1720.000000,480.000000
1372,-1680.000000,480.000000
1373,-1720.000000,480.000000
1374,-1720.000000,520.000000
1375,-1720.000000,480.000000
1376,-1720.000000,480.000000
1377,-1720.000000,480.000000
1378,-1720.000000,480.000000
1379,-1720.000000,480.000000
1380,-1760.000000,480.000000
1381,-1720.000000,480.000000
1382,-1720.000000,480.000000
1383,-1720.000000,480.000000
1384,-1720.000000,480.000000
1385,-1720.000000,480.000000
1386,-1720.000000,480.000000
1387,-1760.000000,480.000000
1388,-1760.000000,480.000000
1389,-1760.000000,480.000000
1390,-1760.000000,480.000000
1391,-1760.000000,480.000000
1392,-1760.000000,480.000000
1393,-1760.000000,480.000000
1394,-1760.000000,480.000000
1395,-1760.000000,520.000000
1396,-1760.000000,480.000000
1397,-1800.000000,480.000000
1398,-1760.000000,480.000000
1399,-1760.000000,520.000000
1400,-1760.000000,480.000000
1401,-1760.000000,520.000000
1402,-1760.000000,480.000000
1403,-1800.000000,480.000000
1404,-1760.000000,480.000000
1405,-1800.000000,480.000000
1406,-1800.000000,480.000000
1407,-1800.000000,480.000000
1408,-1800.000000,480.000000
1409,-1800.000000,480.000000
1410,-1800.000000,480.000000
1411,-1800.000000,480.000000
1412,-1800.000000,520.000000
1413,-1800.000000,480.000000
1414,-1800.000000,520.000000
1415,-1800.000000,480.000000
1416,-1800.000000,480.000000
1417,-1800.000000,480.000000
1418,-1800.000000,480.000000
1419,-1800.000000,480.000000
1420,-1840.000000,480.000000
1421,-1840.000000,480.000000
1422,-1840.000000,480.000000
1423,-1800.000000,480.000000
1424,-1800.000000,480.000000
1425,-1840.000000,480.000000
1426,-1840.000000,480.000000
1427,-1840.000000,480.000000
1428,-1840.000000,480.000000
1429,-1840.000000,480.000000
1430,-1840.000000,480.000000
1431,-1840.000000,480.000000
1432,-1840.000000,480.000000
1433,-1840.000000,480.000000
1434,-1880.000000,480.000000
1435,-1840.000000,480.000000
1436,-1880.000000,480.000000
1437,-1840.000000,480.000000
1438,-1880.000000,480.000000
1439,-1880.000000,480.000000
1440,-1880.000000,480.000000
1441,-1880.000000,480.000000
1442,-1880.000000,480.000000
1443,-1880.000000,520.000000
1444,-1880.000000,480.000000
1445,-1880.000000,480.000000
1446,-1880.000000,480.000000
1447,-1880.000000,480.000000
1448,-1880.000000,480.000000
1449,-1920.000000,480.000000
1450,-1880.000000,520.000000
1451,-1920.000000,480.000000
1452,-1880.000000,480.000000
1453,-1920.000000,480.000000
1454,-1880.000000,480.000000
1455,-1920.000000,480.000000
1456,-1920.000000,480.000000
1457,-1920.000000,480.000000
1458,-1920.000000,480.000000
1459,-1920.000000,480.000000
1460,-1920.000000,480.000000
1461,-1920.000000,480.000000
1462,-1920.000000,480.000000
1463,-1920.000000,520.000000
1464,-1920.000000,480.000000
1465,-1920.000000,480.000000
1466,-1920.000000,480.000000
1467,-1920.000000,480.000000
1468,-1960.000000,480.000000
1469,-1920.000000,480.000000
1470,-1920.000000,480.000000
1471,-1960.000000,480.000000
1472,-1960.000000,480.000000
1473,-1960.000000,520.000000
1474,-1960.000000,480.000000
1475,-1960.000000,480.000000
1476,-1960.000000,480.000000
1477,-1920.000000,480.000000
1478,-1960.000000,480.000000
1479,-1960.000000,480.000000
1480,-1960.000000,480.000000
1481,-1960.000000,480.000000
1482,-1960.000000,480.000000
1483,-1960.000000,480.000000
1484,-1960.000000,480.000000
1485,-2000.000000,480.000000
1486,-2000.000000,480.000000
1487,-1960.000000,480.000000
1488,-2000.000000,480.000000
1489,-2000.000000,480.000000
1490,-2000.000000,480.000000
1491,-2000.000000,480.000000
1492,-2000.000000,480.000000
1493,-2000.000000,480.000000
1494,-2000.000000,480.000000
1495,-1960.000000,480.000000
1496,-2000.000000,480.000000
1497,-2000.000000,520.000000
1498,-2000.000000,480.000000
1499,-2000.000000,480.000000
1500,-2000.000000,480.000000
1501,-2000.000000,480.000000
1502,-2040.000000,440.000000
1503,-2000.000000,480.000000
1504,-2040.000000,480.000000
1505,-2000.000000,480.000000
1506,-2040.000000,480.000000
1507,-2040.000000,520.000000
1508,-2040.000000,480.000000
1509,-2040.000000,480.000000
1510,-2040.000000,480.000000
1511,-2040.000000,480.000000
1512,-2040.000000,480.000000
1513,-2040.000000,480.000000
1514,-2080.000000,480.000000
1515,-2040.000000,480.000000
1516,-2080.000000,480.000000
1517,-2040.000000,480.000000
1518,-2040.000000,480.000000
1519,-2040.000000,480.000000
1520,-2040.000000,480.000000
1521,-2080.000000,520.000000
1522,-2040.000000,480.000000
1523,-2040.000000,480.000000
1524,-2080.000000,480.000000
1525,-2080.000000,480.000000
1526,-2080.000000,480.000000
1527,-2040.000000,520.000000
1528,-2080.000000,480.000000
1529,-2080.000000,480.000000
1530,-2080.000000,480.000000
1531,-2080.000000,480.000000
1532,-2080.000000,480.000000
1533,-2080.000000,480.000000
1534,-2080.000000,480.000000
1535,-2080.000000,480.000000
1536,-2080.000000,480.000000
1537,-2120.000000,480.000000
1538,-2080.000000,480.000000
1539,-2080.000000,480.000000
1540,-2120.000000,480.000000
1541,-2120.000000,480.000000
1542,-2080.000000,480.000000
1543,-2120.000000,480.000000
1544,-2120.000000,480.000000
1545,-2120.000000,520.000000
1546,-2120.000000,480.000000
1547,-2120.000000,480.000000
1548,-2120.000000,480.000000
1549,-2120.000000,480.000000
1550,-2120.000000,480.000000
1551,-2120.000000,480.000000
1552,-2160.000000,480.000000
1553,-2120.000000,520.000000
1554,-2160.000000,480.000000
1555,-2120.000000,520.000000
1556,-2160.000000,480.000000
1557,-2120.000000,480.000000
1558,-2160.000000,480.000000
1559,-2160.000000,480.000000
1560,-2120.000000,480.000000
1561,-2120.000000,480.000000
1562,-2160.000000,480.000000
1563,-2160.000000,480.000000
1564,-2120.000000,480.000000
1565,-2160.000000,480.000000
1566,-2160.000000,480.000000
1567,-2160.000000,480.000000
1568,-2160.000000,480.000000
1569,-2200.000000,480.000000
1570,-2160.000000,480.000000
1571,-2200.000000,480.000000
1572,-2160.000000,480.000000
1573,-2200.000000,480.000000
1574,-2200.000000,480.000000
1575,-2160.000000,520.000000
1576,-2200.000000,480.000000
1577,-2200.000000,480.000000
1578,-2200.000000,480.000000
1579,-2200.000000,480.000000
1580,-2200.000000,480.000000
1581,-2200.000000,480.000000
1582,-2200.000000,480.000000
1583,-2200.000000,480.000000
1584,-2240.000000,480.000000
1585,-2200.000000,480.000000
1586,-2200.000000,480.000000
1587,-2200.000000,480.000000
1588,-2200.000000,480.000000
1589,-2200.000000,480.000000
1590,-2200.000000,480.000000
1591,-2240.000000,480.000000
1592,-2200.000000,480.000000
1593,-2200.000000,480.000000
1594,-2240.000000,520.000000
1595,-2240.000000,480.000000
1596,-2240.000000,480.000000
1597,-2240.000000,480.000000
1598,-2240.000000,480.000000
1599,-2240.000000,480.000000
1600,-2240.000000,480.000000
1601,-2240.000000,480.000000
1602,-2240.000000,480.000000
1603,-2240.000000,480.000000
1604,-2280.000000,480.000000
1605,-2240.000000,480.000000
1606,-2280.000000,520.000000
1607,-2280.000000,480.000000
1608,-2240.000000,480.000000
1609,-2240.000000,480.000000
1610,-2240.000000,520.000000
1611,-2280.000000,480.000000
1612,-2280.000000,480.000000
1613,-2240.000000,480.000000
1614,-2280.000000,480.000000
1615,-2280.000000,480.000000
1616,-2280.000000,480.000000
1617,-2280.000000,480.000000
1618,-2320.000000,480.000000
1619,-2280.000000,480.000000
1620,-2240.000000,480.000000
1621,-2280.000000,480.000000
1622,-2280.000000,480.000000
1623,-2280.000000,480.000000
1624,-2320.000000,480.000000
1625,-2280.000000,480.000000
1626,-2320.000000,480.000000
1627,-2320.000000,480.000000
1628,-2320.000000,480.000000
1629,-2320.000000,480.000000
1630,-2320.000000,480.000000
1631,-2320.000000,480.000000
1632,-2320.000000,480.000000
1633,-2320.000000,480.000000
1634,-2320.000000,480.000000
1635,-2320.000000,480.000000
1636,-2320.000000,480.000000
1637,-2320.000000,480.000000
1638,-2320.000000,480.000000
1639,-2320.000000,480.000000
1640,-2320.000000,480.000000
1641,-2320.000000,480.000000
1642,-2360.000000,520.000000
1643,-2320.000000,480.000000
1644,-2360.000000,480.000000
1645,-2360.000000,480.000000
1646,-2360.000000,480.000000
1647,-2360.000000,480.000000
1648,-2400.000000,480.000000
1649,-2360.000000,480.000000
1650,-2360.000000,480.000000
1651,-2360.000000,480.000000
1652,-2360.000000,480.000000
1653,-2360.000000,480.000000
1654,-2360.000000,440.000000
1655,-2360.000000,480.000000
1656,-2360.000000,480.000000
1657,-2360.000000,480.000000
1658,-2360.000000,520.000000
1659,-2360.000000,520.000000
1660,-2400.000000,480.000000
1661,-2400.000000,480.000000
1662,-2400.000000,480.000000
1663,-2400.000000,480.000000
1664,-2400.000000,480.000000
1665,-2400.000000,480.000000
1666,-2400.000000,480.000000
1667,-2400.000000,480.000000
1668,-2400.000000,480.000000
1669,-2400.000000,520.000000
1670,-2440.000000,480.000000
1671,-2400.000000,480.000000
1672,-2440.000000,480.000000
1673,-2400.000000,480.000000
1674,-2440.000000,480.000000
1675,-2400.000000,480.000000
1676,-2440.000000,480.000000
1677,-2440.000000,480.000000
1678,-2440.000000,480.000000
1679,-2400.000000,480.000000
1680,-2440.000000,480.000000
1681,-2440.000000,480.000000
1682,-2440.000000,480.000000
1683,-2440.000000,520.000000
1684,-2440.000000,480.000000
1685,-2440.000000,520.000000
1686,-2440.000000,480.000000
1687,-2440.000000,480.000000
1688,-2440.000000,480.000000
1689,-2480.000000,480.000000
1690,-2480.000000,520.000000
1691,-2440.000000,520.000000
1692,-2440.000000,480.000000
1693,-2480.000000,480.000000
1694,-2480.000000,520.000000
1695,-2440.000000,520.000000
1696,-2480.000000,480.000000
1697,-2480.000000,480.000000
1698,-2480.000000,520.000000
1699,-2480.000000,480.000000
1700,-2480.000000,480.000000
1701,-2520.000000,480.000000
1702,-2480.000000,480.000000
1703,-2480.000000,480.000000
1704,-2480.000000,480.000000
1705,-2520.000000,480.000000
1706,-2480.000000,480.000000
1707,-2480.000000,480.000000
1708,-2480.000000,480.000000
1709,-2520.000000,480.000000
1710,-2520.000000,480.000000
1711,-2520.000000,480.000000
1712,-2480.000000,480.000000
1713,-2520.000000,480.000000
1714,-2520.000000,480.000000
1715,-2520.000000,480.000000
1716,-2520.000000,480.000000
1717,-2520.000000,480.000000
1718,-2520.000000,480.000000
1719,-2520.000000,480.000000
1720,-2520.000000,480.000000
1721,-2560.000000,480.000000
1722,-2560.000000,480.000000
1723,-2520.000000,480.000000
1724,-2560.000000,520.000000
1725,-2560.000000,480.000000
1726,-2560.000000,480.000000
1727,-2520.000000,480.000000
1728,-2560.000000,480.000000
1729,-2560.000000,480.000000
1730,-2560.000000,480.000000
1731,-2560.000000,480.000000
1732,-2560.000000,480.000000
1733,-2560.000000,480.000000
1734,-2600.000000,480.000000
1735,-2560.000000,480.000000
1736,-2560.000000,480.000000
1737,-2560.000000,480.000000
1738,-2560.000000,480.000000
1739,-2560.000000,480.000000
1740,-2560.000000,480.000000
1741,-2600.000000,480.000000
1742,-2600.000000,480.000000
1743,-2600.000000,520.000000
1744,-2600.000000,480.000000
1745,-2600.000000,480.000000
1746,-2600.000000,480.000000
1747,-2600.000000,520.000000
1748,-2560.000000,480.000000
1749,-2600.000000,480.000000
1750,-2600.000000,480.000000
1751,-2600.000000,480.000000
1752,-2600.000000,480.000000
1753,-2600.000000,480.000000
1754,-2600.000000,480.000000
1755,-2600.000000,480.000000
1756,-2640.000000,480.000000
1757,-2600.000000,480.000000
1758,-2640.000000,480.000000
1759,-2600.000000,480.000000
1760,-2600.000000,480.000000
1761,-2640.000000,480.000000
1762,-2640.000000,480.000000
1763,-2640.000000,480.000000
1764,-2640.000000,480.000000
1765,-2640.000000,480.000000
1766,-2640.000000,480.000000
1767,-2640.000000,480.000000
1768,-2640.000000,480.000000
1769,-2640.000000,480.000000
1770,-2640.000000,520.000000
1771,-2680.000000,480.000000
1772,-2640.000000,480.000000
1773,-2640.000000,480.000000
1774,-2680.000000,480.000000
1775,-2640.000000,480.000000
1776,-2640.000000,480.000000
1777,-2680.000000,480.000000
1778,-2680.000000,480.000000
1779,-2680.000000,480.000000
1780,-2680.000000,480.000000
1781,-2680.000000,520.000000
1782,-2680.000000,480.000000
1783,-2680.000000,480.000000
1784,-2680.000000,480.000000
1785,-2680.000000,480.000000
1786,-2720.000000,480.000000
1787,-2720.000000,480.000000
1788,-2680.000000,480.000000
1789,-2720.000000,480.000000
1790,-2720.000000,480.000000
1791,-2720.000000,520.000000
1792,-2720.000000,480.000000
1793,-2680.000000,480.000000
1794,-2720.000000,480.000000
1795,-2720.000000,480.000000
1796,-2720.000000,480.000000
1797,-2720.000000,480.000000
1798,-2720.000000,480.000000
1799,-2720.000000,520.000000
1800,-2760.000000,480.000000
1801,-2720.000000,480.000000
1802,-2720.000000,480.000000
1803,-2720.000000,480.000000
1804,-2720.000000,480.000000
1805,-2720.000000,480.000000
1806,-2720.000000,480.000000
1807,-2720.000000,480.000000
1808,-2720.000000,480.000000
1809,-2760.000000,480.000000
1810,-2760.000000,480.000000
1811,-2760.000000,520.000000
1812,-2760.000000,480.000000
1813,-2760.000000,520.000000
1814,-2760.000000,480.000000
1815,-2760.000000,480.000000
1816,-2760.000000,520.000000
1817,-2800.000000,480.000000
1818,-2760.000000,480.000000
1819,-2800.000000,480.000000
1820,-2760.000000,480.000000
1821,-2760.000000,520.000000
1822,-2760.000000,480.000000
1823,-2760.000000,480.000000
1824,-2760.000000,480.000000
1825,-2760.000000,480.000000
1826,-2760.000000,480.000000
1827,-2800.000000,480.000000
1828,-2800.000000,480.000000
1829,-2800.000000,480.000000
1830,-2800.000000,480.000000
1831,-2800.000000,480.000000
1832,-2800.000000,480.000000
1833,-2800.000000,480.000000
1834,-2800.000000,520.000000
1835,-2800.000000,520.000000
1836,-2800.000000,480.000000
1837,-2800.000000,480.000000
1838,-2800.000000,480.000000
1839,-2800.000000,520.000000
1840,-2800.000000,480.000000
1841,-2800.000000,480.000000
1842,-2800.000000,480.000000
1843,-2840.000000,520.000000
1844,-2840.000000,480.000000
1845,-2840.000000,480.000000
1846,-2840.000000,480.000000
1847,-2840.000000,480.000000
1848,-2840.000000,480.000000
1849,-2840.000000,480.000000
1850,-2840.000000,480.000000
1851,-2840.000000,480.000000
1852,-2840.000000,480.000000
1853,-2840.000000,480.000000
1854,-2840.000000,520.000000
1855,-2840.000000,480.000000
1856,-2840.000000,480.000000
1857,-2840.000000,520.000000
1858,-2840.000000,480.000000
1859,-2880.000000,480.000000
1860,-2880.000000,480.000000
1861,-2840.000000,480.000000
1862,-2880.000000,480.000000
1863,-2880.000000,480.000000
1864,-2880.000000,480.000000
1865,-2880.000000,480.000000
1866,-2880.000000,480.000000
1867,-2880.000000,480.000000
1868,-2920.000000,480.000000
1869,-2880.000000,480.000000
1870,-2880.000000,480.000000
1871,-2880.000000,480.000000
1872,-2920.000000,480.000000
1873,-2880.000000,480.000000
1874,-2920.000000,480.000000
1875,-2880.000000,480.000000
1876,-2880.000000,480.000000
1877,-2920.000000,480.000000
1878,-2880.000000,480.000000
1879,-2920.000000,480.000000
1880,-2920.000000,480.000000
1881,-2880.000000,480.000000
1882,-2920.000000,480.000000
1883,-2920.000000,480.000000
1884,-2920.000000,520.000000
1885,-2920.000000,480.000000
1886,-2920.000000,480.000000
1887,-2920.000000,520.000000
1888,-2920.000000,480.000000
1889,-2920.000000,480.000000
1890,-2920.000000,480.000000
1891,-2960.000000,520.000000
1892,-2920.000000,480.000000
1893,-2960.000000,480.000000
1894,-2960.000000,480.000000
1895,-2960.000000,480.000000
1896,-2960.000000,480.000000
1897,-2960.000000,480.000000
1898,-2960.000000,480.000000
1899,-2920.000000,480.000000
1900,-2960.000000,480.000000
1901,-2920.000000,520.000000
1902,-2960.000000,480.000000
1903,-2920.000000,480.000000
1904,-2920.000000,480.000000
1905,-2920.000000,480.000000
1906,-2920.000000,480.000000
1907,-2920.000000,480.000000
1908,-2920.000000,480.000000
1909,-2920.000000,480.000000
1910,-2920.000000,520.000000
1911,-2920.000000,480.000000
1912,-2920.000000,520.000000
1913,-2920.000000,480.000000
1914,-2920.000000,480.000000
1915,-2920.000000,480.000000
1916,-2920.000000,480.000000
1917,-2880.000000,480.000000
1918,-2880.000000,480.000000
1919,-2880.000000,480.000000
1920,-2920.000000,480.000000
1921,-2920.000000,480.000000
1922,-2880.000000,480.000000
1923,-2880.000000,480.000000
1924,-2880.000000,480.000000
1925,-2880.000000,480.000000
1926,-2880.000000,480.000000
1927,-2880.000000,480.000000
1928,-2880.000000,480.000000
1929,-2880.000000,480.000000
1930,-2880.000000,480.000000
1931,-2880.000000,480.000000
1932,-2840.000000,480.000000
1933,-2880.000000,480.000000
1934,-2840.000000,480.000000
1935,-2840.000000,480.000000
1936,-2840.000000,480.000000
1937,-2880.000000,480.000000
1938,-2840.000000,480.000000
1939,-2840.000000,480.000000
1940,-2840.000000,480.000000
1941,-2840.000000,480.000000
1942,-2840.000000,480.000000
1943,-2840.000000,480.000000
1944,-2840.000000,480.000000
1945,-2840.000000,480.000000
1946,-2840.000000,480.000000
1947,-2840.000000,480.000000
1948,-2840.000000,480.000000
1949,-2840.000000,480.000000
1950,-2840.000000,480.000000
1951,-2800.000000,480.000000
1952,-2800.000000,480.000000
1953,-2800.000000,480.000000
1954,-2800.000000,480.000000
1955,-2800.000000,480.000000
1956,-2800.000000,480.000000
1957,-2800.000000,520.000000
1958,-2800.000000,480.000000
1959,-2800.000000,520.000000
1960,-2800.000000,480.000000
1961,-2800.000000,480.000000
1962,-2800.000000,480.000000
1963,-2800.000000,480.000000
1964,-2800.000000,480.000000
1965,-2800.000000,480.000000
1966,-2760.000000,480.000000
1967,-2800.000000,480.000000
1968,-2800.000000,480.000000
1969,-2760.000000,480.000000
1970,-2760.000000,480.000000
1971,-2800.000000,480.000000
1972,-2760.000000,480.000000
1973,-2760.000000,480.000000
1974,-2760.000000,480.000000
1975,-2800.000000,480.000000
1976,-2760.000000,480.000000
1977,-2760.000000,480.000000
1978,-2760.000000,440.000000
1979,-2760.000000,480.000000
1980,-2760.000000,480.000000
1981,-2760.000000,480.000000
1982,-2760.000000,480.000000
1983,-2760.000000,480.000000
1984,-2760.000000,480.000000
1985,-2720.000000,480.000000
1986,-2720.000000,480.000000
1987,-2720.000000,480.000000
1988,-2760.000000,480.000000
1989,-2720.000000,480.000000
1990,-2720.000000,480.000000
1991,-2720.000000,480.000000
1992,-2720.000000,480.000000
1993,-2720.000000,480.000000
1994,-2720.000000,480.000000
1995,-2720.000000,480.000000
1996,-2720.000000,480.000000
1997,-2720.000000,480.000000
1998,-2720.000000,480.000000
1999,-2720.000000,480.000000
2000,-2720.000000,480.000000
2001,-2720.000000,480.000000
2002,-2680.000000,480.000000
2003,-2720.000000,480.000000
2004,-2720.000000,480.000000
2005,-2720.000000,480.000000
2006,-2680.000000,480.000000
2007,-2680.000000,480.000000
2008,-2720.000000,480.000000
2009,-2680.000000,520.000000
2010,-2720.000000,480.000000
2011,-2680.000000,480.000000
2012,-2680.000000,480.000000
2013,-2680.000000,480.000000
2014,-2680.000000,480.000000
2015,-2680.000000,480.000000
2016,-2680.000000,480.000000
2017,-2680.000000,480.000000
2018,-2680.000000,520.000000
2019,-2680.000000,480.000000
2020,-2680.000000,480.000000
2021,-2680.000000,480.000000
2022,-2680.000000,480.000000
2023,-2640.000000,520.000000
2024,-2640.000000,480.000000
2025,-2640.000000,480.000000
2026,-2640.000000,440.000000
2027,-2640.000000,520.000000
2028,-2640.000000,480.000000
2029,-2640.000000,520.000000
2030,-2640.000000,480.000000
2031,-2600.000000,480.000000
2032,-2640.000000,480.000000
2033,-2640.000000,480.000000
2034,-2600.000000,480.000000
2035,-2600.000000,480.000000
2036,-2640.000000,480.000000
2037,-2640.000000,520.000000
2038,-2640.000000,480.000000
2039,-2600.000000,480.000000
2040,-2600.000000,480.000000
2041,-2600.000000,480.000000
2042,-2600.000000,480.000000
2043,-2600.000000,480.000000
2044,-2600.000000,480.000000
2045,-2600.000000,480.000000
2046,-2600.000000,480.000000
2047,-2600.000000,520.000000
2048,-2600.000000,480.000000
2049,-2600.000000,480.000000
2050,-2600.000000,520.000000
2051,-2600.000000,520.000000
2052,-2600.000000,480.000000
2053,-2560.000000,480.000000
2054,-2560.000000,480.000000
2055,-2560.000000,480.000000
2056,-2560.000000,480.000000
2057,-2560.000000,480.000000
2058,-2600.000000,480.000000
2059,-2560.000000,480.000000
2060,-2560.000000,480.000000
2061,-2560.000000,480.000000
2062,-2560.000000,480.000000
2063,-2560.000000,480.000000
2064,-2560.000000,480.000000
2065,-2560.000000,480.000000
2066,-2560.000000,480.000000
2067,-2520.000000,480.000000
2068,-2560.000000,520.000000
2069,-2520.000000,480.000000
2070,-2560.000000,480.000000
2071,-2560.000000,520.000000
2072,-2520.000000,480.000000
2073,-2520.000000,520.000000
2074,-2560.000000,480.000000
2075,-2520.000000,480.000000
2076,-2520.000000,480.000000
2077,-2520.000000,480.000000
2078,-2520.000000,480.000000
2079,-2520.000000,520.000000
2080,-2520.000000,480.000000
2081,-2520.000000,480.000000
2082,-2480.000000,480.000000
2083,-2520.000000,480.000000
2084,-2520.000000,480.000000
2085,-2520.000000,480.000000
2086,-2480.000000,520.000000
2087,-2520.000000,480.000000
2088,-2520.000000,480.000000
2089,-2480.000000,480.000000
2090,-2480.000000,520.000000
2091,-2480.000000,480.000000
2092,-2480.000000,480.000000
2093,-2480.000000,480.000000
2094,-2480.000000,480.000000
2095,-2480.000000,480.000000
2096,-2480.000000,480.000000
2097,-2480.000000,480.000000
2098,-2480.000000,520.000000
2099,-2480.000000,480.000000
2100,-2480.000000,480.000000
2101,-2480.000000,480.000000
2102,-2480.000000,480.000000
2103,-2480.000000,480.000000
2104,-2480.000000,480.000000
2105,-2440.000000,480.000000
2106,-2440.000000,480.000000
2107,-2480.000000,480.000000
2108,-2440.000000,440.000000
2109,-2440.000000,480.000000
2110,-2440.000000,480.000000
2111,-2440.000000,480.000000
2112,-2440.000000,480.000000
2113,-2440.000000,440.000000
2114,-2440.000000,520.000000
2115,-2440.000000,480.000000
2116,-2440.000000,480.000000
2117,-2440.000000,520.000000
2118,-2440.000000,480.000000
2119,-2440.000000,480.000000
2120,-2400.000000,480.000000
2121,-2400.000000,520.000000
2122,-2400.000000,480.000000
2123,-2400.000000,480.000000
2124,-2440.000000,480.000000
2125,-2400.000000,480.000000
2126,-2400.000000,480.000000
2127,-2400.000000,480.000000
2128,-2400.000000,480.000000
2129,-2400.000000,480.000000
2130,-2360.000000,480.000000
2131,-2400.000000,480.000000
2132,-2400.000000,480.000000
2133,-2400.000000,480.000000
2134,-2400.000000,480.000000
2135,-2360.000000,480.000000
2136,-2360.000000,480.000000
2137,-2360.000000,480.000000
2138,-2400.000000,480.000000
2139,-2400.000000,480.000000
2140,-2360.000000,480.000000
2141,-2360.000000,480.000000
2142,-2360.000000,520.000000
2143,-2360.000000,480.000000
2144,-2360.000000,480.000000
2145,-2360.000000,520.000000
2146,-2360.000000,480.000000
2147,-2360.000000,480.000000
2148,-2360.000000,480.000000
2149,-2360.000000,520.000000
2150,-2360.000000,480.000000
2151,-2320.000000,520.000000
2152,-2320.000000,480.000000
2153,-2320.000000,520.000000
2154,-2320.000000,480.000000
2155,-2320.000000,480.000000
2156,-2320.000000,520.000000
2157,-2320.000000,520.000000
2158,-2320.000000,480.000000
2159,-2320.000000,480.000000
2160,-2320.000000,480.000000
2161,-2320.000000,520.000000
2162,-2320.000000,480.000000
2163,-2320.000000,520.000000
2164,-2280.000000,520.000000
2165,-2320.000000,480.000000
2166,-2320.000000,480.000000
2167,-2280.000000,520.000000
2168,-2320.000000,480.000000
2169,-2280.000000,480.000000
2170,-2320.000000,480.000000
2171,-2320.000000,480.000000
2172,-2280.000000,480.000000
2173,-2280.000000,480.000000
2174,-2320.000000,480.000000
2175,-2280.000000,480.000000
2176,-2280.000000,480.000000
2177,-2280.000000,480.000000
2178,-2280.000000,480.000000
2179,-2280.000000,480.000000
2180,-2280.000000,480.000000
2181,-2280.000000,480.000000
2182,-2280.000000,480.000000
2183,-2280.000000,480.000000
2184,-2280.000000,480.000000
2185,-2280.000000,480.000000
2186,-2240.000000,480.000000
2187,-2280.000000,480.000000
2188,-2240.000000,480.000000
2189,-2280.000000,480.000000
2190,-2240.000000,480.000000
2191,-2280.000000,480.000000
2192,-2280.000000,480.000000
2193,-2240.000000,480.000000
2194,-2280.000000,520.000000
2195,-2240.000000,480.000000
2196,-2240.000000,480.000000
2197,-2240.000000,480.000000
2198,-2240.000000,480.000000
2199,-2240.000000,480.000000
2200,-2240.000000,480.000000
2201,-2240.000000,480.000000
2202,-2240.000000,480.000000
2203,-2200.000000,480.000000
2204,-2200.000000,480.000000
2205,-2200.000000,480.000000
2206,-2240.000000,480.000000
2207,-2240.000000,480.000000
2208,-2240.000000,480.000000
2209,-2200.000000,480.000000
2210,-2200.000000,480.000000
2211,-2200.000000,480.000000
2212,-2200.000000,480.000000
2213,-2200.000000,480.000000
2214,-2200.000000,480.000000
2215,-2200.000000,480.000000
2216,-2200.000000,480.000000
2217,-2200.000000,480.000000
2218,-2200.000000,480.000000
2219,-2200.000000,520.000000
2220,-2200.000000,480.000000
2221,-2200.000000,480.000000
2222,-2200.000000,480.000000
2223,-2160.000000,480.000000
2224,-2200.000000,480.000000
2225,-2160.000000,480.000000
2226,-2160.000000,480.000000
2227,-2160.000000,480.000000
2228,-2160.000000,520.000000
2229,-2160.000000,480.000000
2230,-2160.000000,480.000000
2231,-2160.000000,480.000000
2232,-2160.000000,520.000000
2233,-2160.000000,480.000000
2234,-2160.000000,480.000000
2235,-2160.000000,480.000000
2236,-2160.000000,480.000000
2237,-2160.000000,480.000000
2238,-2120.000000,480.000000
2239,-2120.000000,480.000000
2240,-2160.000000,480.000000
2241,-2120.000000,480.000000
2242,-2120.000000,480.000000
2243,-2120.000000,480.000000
2244,-2120.000000,480.000000
2245,-2120.000000,480.000000
2246,-2160.000000,480.000000
2247,-2120.000000,520.000000
2248,-2120.000000,480.000000
2249,-2120.000000,480.000000
2250,-2120.000000,480.000000
2251,-2120.000000,520.000000
2252,-2120.000000,520.000000
2253,-2120.000000,480.000000
2254,-2120.000000,480.000000
2255,-2120.000000,520.000000
2256,-2080.000000,520.000000
2257,-2120.000000,480.000000
2258,-2120.000000,520.000000
2259,-2080.000000,520.000000
2260,-2120.000000,480.000000
2261,-2120.000000,480.000000
2262,-2080.000000,480.000000
2263,-2080.000000,480.000000
2264,-2080.000000,480.000000
2265,-2080.000000,480.000000
2266,-2120.000000,480.000000
2267,-2080.000000,480.000000
2268,-2080.000000,480.000000
2269,-2080.000000,480.000000
2270,-2080.000000,480.000000
2271,-2040.000000,480.000000
2272,-2080.000000,480.000000
2273,-2080.000000,480.000000
2274,-2080.000000,480.000000
2275,-2080.000000,480.000000
2276,-2080.000000,480.000000
2277,-2080.000000,480.000000
2278,-2040.000000,480.000000
2279,-2040.000000,480.000000
2280,-2040.000000,480.000000
2281,-2040.000000,520.000000
2282,-2040.000000,480.000000
2283,-2040.000000,480.000000
2284,-2040.000000,480.000000
2285,-2040.000000,480.000000
2286,-2040.000000,480.000000
2287,-2000.000000,480.000000
2288,-2040.000000,480.000000
2289,-2040.000000,480.000000
2290,-2040.000000,480.000000
2291,-2000.000000,480.000000
2292,-2040.000000,480.000000
2293,-2040.000000,480.000000
2294,-2000.000000,480.000000
2295,-2000.000000,480.000000
2296,-2000.000000,480.000000
2297,-2000.000000,480.000000
2298,-2000.000000,520.000000
2299,-2000.000000,520.000000
2300,-2000.000000,480.000000
2301,-2000.000000,480.000000
2302,-2000.000000,480.000000
2303,-2000.000000,520.000000
2304,-2000.000000,480.000000
2305,-1960.000000,480.000000
2306,-2000.000000,520.000000
2307,-1960.000000,480.000000
2308,-2000.000000,480.000000
2309,-1960.000000,520.000000
2310,-2000.000000,480.000000
2311,-1960.000000,480.000000
2312,-1960.000000,480.000000
2313,-1960.000000,480.000000
2314,-1960.000000,520.000000
2315,-2000.000000,480.000000
2316,-1960.000000,480.000000
2317,-1960.000000,480.000000
2318,-2000.000000,520.000000
2319,-1960.000000,480.000000
2320,-1960.000000,480.000000
2321,-1960.000000,480.000000
2322,-1960.000000,520.000000
2323,-1960.000000,480.000000
2324,-1960.000000,480.000000
2325,-1960.000000,480.000000
2326,-1920.000000,480.000000
2327,-1920.000000,480.000000
2328,-1920.000000,480.000000
2329,-1920.000000,480.000000
2330,-1960.000000,480.000000
2331,-1920.000000,480.000000
2332,-1960.000000,480.000000
2333,-1920.000000,520.000000
2334,-1920.000000,480.000000
2335,-1920.000000,480.000000
2336,-1880.000000,480.000000
2337,-1920.000000,520.000000
2338,-1920.000000,480.000000
2339,-1920.000000,480.000000
2340,-1920.000000,480.000000
2341,-1920.000000,480.000000
2342,-1920.000000,480.000000
2343,-1920.000000,480.000000
2344,-1920.000000,480.000000
2345,-1920.000000,480.000000
2346,-1880.000000,480.000000
2347,-1880.000000,480.000000
2348,-1880.000000,480.000000
2349,-1880.000000,480.000000
2350,-1880.000000,480.000000
2351,-1880.000000,480.000000
2352,-1880.000000,480.000000
2353,-1880.000000,480.000000
2354,-1880.000000,480.000000
2355,-1880.000000,480.000000
2356,-1880.000000,480.000000
2357,-1880.000000,480.000000
2358,-1880.000000,480.000000
2359,-1840.000000,480.000000
2360,-1840.000000,480.000000
2361,-1880.000000,480.000000
2362,-1840.000000,480.000000
2363,-1880.000000,480.000000
2364,-1880.000000,480.000000
2365,-1840.000000,480.000000
2366,-1880.000000,480.000000
2367,-1840.000000,480.000000
2368,-1840.000000,480.000000
2369,-1840.000000,480.000000
2370,-1840.000000,480.000000
2371,-1840.000000,480.000000
2372,-1840.000000,480.000000
2373,-1840.000000,480.000000
2374,-1840.000000,480.000000
2375,-1800.000000,480.000000
2376,-1800.000000,480.000000
2377,-1840.000000,520.000000
2378,-1840.000000,520.000000
2379,-1840.000000,480.000000
2380,-1800.000000,480.000000
2381,-1800.000000,480.000000
2382,-1840.000000,480.000000
2383,-1800.000000,480.000000
2384,-1800.000000,480.000000
2385,-1800.000000,480.000000
2386,-1800.000000,520.000000
2387,-1800.000000,480.000000
2388,-1800.000000,480.000000
2389,-1800.000000,480.000000
2390,-1800.000000,520.000000
2391,-1800.000000,480.000000
2392,-1800.000000,480.000000
2393,-1800.000000,480.000000
2394,-1760.000000,480.000000
2395,-1800.000000,480.000000
2396,-1800.000000,480.000000
2397,-1760.000000,520.000000
2398,-1800.000000,480.000000
2399,-1760.000000,480.000000
2400,-1760.000000,480.000000
2401,-1760.000000,480.000000
2402,-1760.000000,480.000000
2403,-1760.000000,480.000000
2404,-1760.000000,520.000000
2405,-1760.000000,520.000000
2406,-1760.000000,480.000000
2407,-1760.000000,480.000000
2408,-1760.000000,480.000000
2409,-1760.000000,480.000000
2410,-1760.000000,520.000000
2411,-1760.000000,520.000000
2412,-1720.000000,480.000000
2413,-1720.000000,480.000000
2414,-1720.000000,480.000000
2415,-1720.000000,480.000000
2416,-1720.000000,480.000000
2417,-1720.000000,480.000000
2418,-1720.000000,520.000000
2419,-1720.000000,480.000000
2420,-1720.000000,480.000000
2421,-1720.000000,520.000000
2422,-1720.000000,480.000000
2423,-1720.000000,520.000000
2424,-1720.000000,520.000000
2425,-1720.000000,480.000000
2426,-1680.000000,520.000000
2427,-1680.000000,480.000000
2428,-1680.000000,480.000000
2429,-1720.000000,480.000000
2430,-1720.000000,520.000000
2431,-1720.000000,520.000000
2432,-1680.000000,480.000000
2433,-1680.000000,520.000000
2434,-1680.000000,520.000000
2435,-1720.000000,480.000000
2436,-1680.000000,520.000000
2437,-1680.000000,480.000000
2438,-1680.000000,520.000000
2439,-1680.000000,480.000000
2440,-1680.000000,480.000000
2441,-1680.000000,480.000000
2442,-1680.000000,520.000000
2443,-1640.000000,520.000000
2444,-1640.000000,480.000000
2445,-1680.000000,480.000000
2446,-1640.000000,520.000000
2447,-1640.000000,480.000000
2448,-1640.000000,480.000000
2449,-1640.000000,480.000000
2450,-1640.000000,480.000000
2451,-1640.000000,480.000000
2452,-1680.000000,480.000000
2453,-1600.000000,480.000000
2454,-1640.000000,480.000000
2455,-1640.000000,480.000000
2456,-1640.000000,480.000000
2457,-1640.000000,480.000000
2458,-1640.000000,480.000000
2459,-1640.000000,480.000000
2460,-1640.000000,480.000000
2461,-1640.000000,480.000000
2462,-1640.000000,480.000000
2463,-1640.000000,480.000000
2464,-1640.000000,480.000000
2465,-1600.000000,480.000000
2466,-1600.000000,480.000000
2467,-1600.000000,480.000000
2468,-1640.000000,480.000000
2469,-1600.000000,480.000000
2470,-1600.000000,480.000000
2471,-1600.000000,480.000000
2472,-1600.000000,480.000000
2473,-1600.000000,480.000000
2474,-1600.000000,480.000000
2475,-1600.000000,480.000000
2476,-1600.000000,480.000000
2477,-1600.000000,480.000000
2478,-1600.000000,480.000000
2479,-1600.000000,480.000000
2480,-1560.000000,520.000000
2481,-1560.000000,480.000000
2482,-1560.000000,480.000000
2483,-1560.000000,480.000000
2484,-1560.000000,480.000000
2485,-1560.000000,520.000000
2486,-1560.000000,480.000000
2487,-1560.000000,480.000000
2488,-1600.000000,480.000000
2489,-1560.000000,480.000000
2490,-1560.000000,480.000000
2491,-1560.000000,480.000000
2492,-1560.000000,480.000000
2493,-1560.000000,480.000000
2494,-1560.000000,480.000000
2495,-1560.000000,480.000000
2496,-1560.000000,480.000000
2497,-1520.000000,520.000000
2498,-1560.000000,480.000000
2499,-1560.000000,480.000000
2500,-1560.000000,480.000000
2501,-1520.000000,480.000000
2502,-1560.000000,480.000000
2503,-1520.000000,480.000000
2504,-1560.000000,480.000000
2505,-1520.000000,480.000000
2506,-1520.000000,480.000000
2507,-1520.000000,480.000000
2508,-1560.000000,480.000000
2509,-1520.000000,480.000000
2510,-1520.000000,480.000000
2511,-1520.000000,480.000000
2512,-1520.000000,480.000000
2513,-1520.000000,520.000000
2514,-1520.000000,480.000000
2515,-1520.000000,520.000000
2516,-1480.000000,480.000000
2517,-1520.000000,480.000000
2518,-1520.000000,480.000000
2519,-1520.000000,480.000000
2520,-1520.000000,480.000000
2521,-1560.000000,-520.000000
2522,-1600.000000,-480.000000
2523,-1600.000000,-520.000000
2524,-1600.000000,-520.000000
2525,-1640.000000,-480.000000
2526,-1600.000000,-480.000000
2527,-1640.000000,-520.000000
2528,-1600.000000,-520.000000
2529,-1520.000000,-480.000000
2530,-1400.000000,-480.000000
2531,-1200.000000,-480.000000
2532,-1040.000000,-480.000000
2533,-880.000000,-480.000000
2534,-720.000000,-480.000000
2535,-560.000000,-480.000000
2536,-360.000000,-520.000000
2537,-200.000000,-480.000000
2538,-40.000000,-520.000000
2539,120.000000,-520.000000
2540,280.000000,-520.000000
2541,440.000000,-480.000000
2542,640.000000,-520.000000
2543,800.000000,-520.000000
2544,960.000000,-480.000000
2545,1120.000000,-480.000000
2546,1240.000000,-480.000000
2547,1320.000000,-480.000000
2548,1400.000000,-480.000000
2549,1440.000000,-480.000000
2550,1440.000000,-480.000000
2551,1480.000000,-480.000000
2552,1480.000000,-480.000000
2553,1480.000000,-480.000000
2554,1520.000000,-480.000000
2555,1520.000000,-480.000000
2556,1520.000000,-520.000000
2557,1520.000000,-480.000000
2558,1520.000000,-480.000000
2559,1520.000000,-480.000000
2560,1520.000000,-520.000000
2561,1520.000000,-520.000000
2562,1520.000000,-480.000000
2563,1520.000000,-480.000000
2564,1520.000000,-480.000000
2565,1520.000000,-520.000000
2566,1520.000000,-480.000000
2567,1520.000000,-520.000000
2568,1520.000000,-480.000000
2569,1520.000000,-480.000000
2570,1560.000000,-520.000000
2571,1520.000000,-520.000000
2572,1560.000000,-480.000000
2573,1560.000000,-480.000000
2574,1560.000000,-480.000000
2575,1560.000000,-480.000000
2576,1560.000000,-520.000000
2577,1560.000000,-480.000000
2578,1560.000000,-480.000000
2579,1560.000000,-480.000000
2580,1560.000000,-520.000000
2581,1560.000000,-480.000000
2582,1560.000000,-480.000000
2583,1560.000000,-480.000000
2584,1560.000000,-480.000000
2585,1560.000000,-520.000000
2586,1560.000000,-480.000000
2587,1600.000000,-480.000000
2588,1600.000000,-480.000000
2589,1600.000000,-520.000000
2590,1600.000000,-520.000000
2591,1600.000000,-480.000000
2592,1560.000000,-520.000000
2593,1600.000000,-480.000000
2594,1600.000000,-480.000000
2595,1600.000000,-480.000000
2596,1600.000000,-480.000000
2597,1600.000000,-480.000000
2598,1600.000000,-520.000000
2599,1600.000000,-520.000000
2600,1640.000000,-520.000000
2601,1600.000000,-520.000000
2602,1600.000000,-480.000000
2603,1600.000000,-480.000000
2604,1600.000000,-480.000000
2605,1600.000000,-480.000000
2606,1640.000000,-480.000000
2607,1640.000000,-520.000000
2608,1640.000000,-520.000000
2609,1640.000000,-520.000000
2610,1640.000000,-520.000000
2611,1640.000000,-480.000000
2612,1640.000000,-520.000000
2613,1640.000000,-480.000000
2614,1640.000000,-520.000000
2615,1640.000000,-480.000000
2616,1640.000000,-520.000000
2617,1680.000000,-480.000000
2618,1640.000000,-520.000000
2619,1640.000000,-480.000000
2620,1680.000000,-520.000000
2621,1680.000000,-520.000000
2622,1640.000000,-520.000000
2623,1680.000000,-480.000000
2624,1680.000000,-480.000000
2625,1680.000000,-520.000000
2626,1680.000000,-480.000000
2627,1680.000000,-480.000000
2628,1680.000000,-520.000000
2629,1680.000000,-480.000000
2630,1680.000000,-520.000000
2631,1680.000000,-520.000000
2632,1680.000000,-480.000000
2633,1720.000000,-480.000000
2634,1720.000000,-480.000000
2635,1720.000000,-480.000000
2636,1720.000000,-480.000000
2637,1720.000000,-480.000000
2638,1720.000000,-520.000000
2639,1720.000000,-520.000000
2640,1720.000000,-480.000000
2641,1720.000000,-480.000000
2642,1720.000000,-520.000000
2643,1720.000000,-480.000000
2644,1720.000000,-480.000000
2645,1720.000000,-520.000000
2646,1720.000000,-480.000000
2647,1720.000000,-520.000000
2648,1760.000000,-520.000000
2649,1720.000000,-480.000000
2650,1760.000000,-480.000000
2651,1760.000000,-520.000000
2652,1760.000000,-520.000000
2653,1760.000000,-480.000000
2654,1760.000000,-480.000000
2655,1760.000000,-480.000000
2656,1760.000000,-480.000000
2657,1760.000000,-480.000000
2658,1760.000000,-480.000000
2659,1760.000000,-480.000000
2660,1720.000000,-480.000000
2661,1760.000000,-480.000000
2662,1760.000000,-480.000000
2663,1760.000000,-480.000000
2664,1760.000000,-480.000000
2665,1800.000000,-520.000000
2666,1800.000000,-480.000000
2667,1760.000000,-480.000000
2668,1760.000000,-480.000000
2669,1760.000000,-480.000000
2670,1760.000000,-480.000000
2671,1760.000000,-480.000000
2672,1800.000000,-520.000000
2673,1760.000000,-480.000000
2674,1760.000000,-480.000000
2675,1800.000000,-520.000000
2676,1800.000000,-520.000000
2677,1800.000000,-480.000000
2678,1800.000000,-520.000000
2679,1800.000000,-520.000000
2680,1800.000000,-480.000000
2681,1840.000000,-480.000000
2682,1800.000000,-480.000000
2683,1800.000000,-480.000000
2684,1800.000000,-480.000000
2685,1840.000000,-520.000000
2686,1840.000000,-480.000000
2687,1840.000000,-520.000000
2688,1840.000000,-480.000000
2689,1840.000000,-480.000000
2690,1840.000000,-480.000000
2691,1840.000000,-520.000000
2692,1840.000000,-520.000000
2693,1840.000000,-520.000000
2694,1840.000000,-480.000000
2695,1840.000000,-480.000000
2696,1840.000000,-480.000000
2697,1840.000000,-480.000000
2698,1840.000000,-480.000000
2699,1840.000000,-520.000000
2700,1840.000000,-480.000000
2701,1840.000000,-480.000000
2702,1880.000000,-480.000000
2703,1840.000000,-520.000000
2704,1880.000000,-480.000000
2705,1840.000000,-520.000000
2706,1880.000000,-480.000000
2707,1840.000000,-520.000000
2708,1840.000000,-480.000000
2709,1840.000000,-520.000000
2710,1880.000000,-520.000000
2711,1880.000000,-520.000000
2712,1880.000000,-480.000000
2713,1880.000000,-480.000000
2714,1880.000000,-480.000000
2715,1880.000000,-480.000000
2716,1880.000000,-480.000000
2717,1920.000000,-480.000000
2718,1880.000000,-480.000000
2719,1880.000000,-480.000000
2720,1920.000000,-520.000000
2721,1880.000000,-520.000000
2722,1920.000000,-520.000000
2723,1880.000000,-520.000000
2724,1920.000000,-520.000000
2725,1880.000000,-520.000000
2726,1880.000000,-520.000000
2727,1920.000000,-480.000000
2728,1920.000000,-520.000000
2729,1920.000000,-520.000000
2730,1920.000000,-480.000000
2731,1920.000000,-480.000000
2732,1920.000000,-480.000000
2733,1920.000000,-480.000000
2734,1920.000000,-520.000000
2735,1960.000000,-480.000000
2736,1920.000000,-520.000000
2737,1920.000000,-520.000000
2738,1960.000000,-480.000000
2739,1960.000000,-520.000000
2740,1920.000000,-480.000000
2741,1960.000000,-520.000000
2742,1960.000000,-480.000000
2743,1960.000000,-520.000000
2744,1960.000000,-480.000000
2745,1960.000000,-520.000000
2746,1960.000000,-520.000000
2747,1960.000000,-520.000000
2748,1960.000000,-480.000000
2749,1960.000000,-480.000000
2750,1960.000000,-520.000000
2751,1960.000000,-520.000000
2752,2000.000000,-520.000000
2753,1960.000000,-480.000000
2754,1960.000000,-480.000000
2755,1960.000000,-520.000000
2756,1960.000000,-480.000000
2757,2000.000000,-480.000000
2758,2000.000000,-520.000000
2759,2000.000000,-480.000000
2760,2000.000000,-480.000000
2761,2000.000000,-480.000000
2762,1960.000000,-480.000000
2763,2000.000000,-520.000000
2764,2000.000000,-480.000000
2765,2000.000000,-480.000000
2766,1960.000000,-480.000000
2767,2000.000000,-480.000000
2768,2000.000000,-480.000000
2769,2000.000000,-480.000000
2770,2000.000000,-520.000000
2771,2000.000000,-520.000000
2772,2040.000000,-480.000000
2773,2040.000000,-480.000000
2774,2000.000000,-480.000000
2775,2000.000000,-520.000000
2776,2000.000000,-520.000000
2777,2000.000000,-480.000000
2778,2000.000000,-480.000000
2779,2040.000000,-520.000000
2780,2040.000000,-480.000000
2781,2040.000000,-480.000000
2782,2040.000000,-520.000000
2783,2040.000000,-480.000000
2784,2040.000000,-480.000000
2785,2040.000000,-480.000000
2786,2040.000000,-480.000000
2787,2040.000000,-480.000000
2788,2040.000000,-480.000000
2789,2040.000000,-480.000000
2790,2040.000000,-520.000000
2791,2040.000000,-480.000000
2792,2080.000000,-520.000000
2793,2080.000000,-520.000000
2794,2080.000000,-480.000000
2795,2080.000000,-480.000000
2796,2080.000000,-520.000000
2797,2040.000000,-480.000000
2798,2080.000000,-520.000000
2799,2080.000000,-480.000000
2800,2080.000000,-480.000000
2801,2080.000000,-480.000000
2802,2080.000000,-480.000000
2803,2080.000000,-480.000000
2804,2080.000000,-520.000000
2805,2080.000000,-480.000000
2806,2120.000000,-480.000000
2807,2120.000000,-480.000000
2808,2120.000000,-480.000000
2809,2120.000000,-520.000000
2810,2120.000000,-480.000000
2811,2120.000000,-520.000000
2812,2120.000000,-480.000000
2813,2120.000000,-480.000000
2814,2120.000000,-480.000000
2815,2120.000000,-480.000000
2816,2120.000000,-480.000000
2817,2120.000000,-480.000000
2818,2120.000000,-520.000000
2819,2120.000000,-480.000000
2820,2120.000000,-520.000000
2821,2160.000000,-480.000000
2822,2160.000000,-480.000000
2823,2120.000000,-480.000000
2824,2160.000000,-480.000000
2825,2120.000000,-480.000000
2826,2160.000000,-480.000000
2827,2160.000000,-480.000000
2828,2160.000000,-520.000000
2829,2120.000000,-480.000000
2830,2160.000000,-520.000000
2831,2160.000000,-520.000000
2832,2160.000000,-480.000000
2833,2160.000000,-520.000000
2834,2160.000000,-520.000000
2835,2200.000000,-480.000000
2836,2160.000000,-520.000000
2837,2160.000000,-480.000000
2838,2160.000000,-520.000000
2839,2160.000000,-480.000000
2840,2200.000000,-480.000000
2841,2200.000000,-480.000000
2842,2160.000000,-480.000000
2843,2200.000000,-480.000000
2844,2200.000000,-520.000000
2845,2200.000000,-520.000000
2846,2200.000000,-480.000000
2847,2200.000000,-520.000000
2848,2200.000000,-480.000000
2849,2200.000000,-520.000000
2850,2200.000000,-480.000000
2851,2200.000000,-480.000000
2852,2240.000000,-480.000000
2853,2200.000000,-520.000000
2854,2240.000000,-480.000000
2855,2240.000000,-480.000000
2856,2200.000000,-480.000000
2857,2200.000000,-480.000000
2858,2240.000000,-520.000000
2859,2200.000000,-480.000000
2860,2240.000000,-520.000000
2861,2240.000000,-480.000000
2862,2240.000000,-480.000000
2863,2240.000000,-480.000000
2864,2240.000000,-480.000000
2865,2240.000000,-480.000000
2866,2240.000000,-480.000000
2867,2240.000000,-520.000000
2868,2240.000000,-480.000000
2869,2240.000000,-520.000000
2870,2240.000000,-480.000000
2871,2240.000000,-480.000000
2872,2280.000000,-480.000000
2873,2240.000000,-480.000000
2874,2240.000000,-520.000000
2875,2280.000000,-480.000000
2876,2280.000000,-480.000000
2877,2280.000000,-480.000000
2878,2280.000000,-480.000000
2879,2280.000000,-480.000000
2880,2280.000000,-480.000000
2881,2280.000000,-480.000000
2882,2280.000000,-480.000000
2883,2280.000000,-480.000000
2884,2280.000000,-480.000000
2885,2280.000000,-480.000000
2886,2280.000000,-480.000000
2887,2280.000000,-480.000000
2888,2280.000000,-480.000000
2889,2280.000000,-520.000000
2890,2280.000000,-520.000000
2891,2320.000000,-480.000000
2892,2280.000000,-480.000000
2893,2280.000000,-480.000000
2894,2320.000000,-480.000000
2895,2280.000000,-520.000000
2896,2320.000000,-520.000000
2897,2280.000000,-520.000000
2898,2320.000000,-480.000000
2899,2360.000000,-520.000000
2900,2320.000000,-480.000000
2901,2320.000000,-480.000000
2902,2360.000000,-520.000000
2903,2320.000000,-520.000000
2904,2360.000000,-480.000000
2905,2360.000000,-480.000000
2906,2320.000000,-480.000000
2907,2320.000000,-480.000000
2908,2360.000000,-480.000000
2909,2360.000000,-480.000000
2910,2320.000000,-520.000000
2911,2360.000000,-480.000000
2912,2360.000000,-520.000000
2913,2360.000000,-480.000000
2914,2360.000000,-480.000000
2915,2360.000000,-480.000000
2916,2360.000000,-520.000000
2917,2360.000000,-480.000000
2918,2360.000000,-480.000000
2919,2360.000000,-480.000000
2920,2360.000000,-520.000000
2921,2400.000000,-480.000000
2922,2360.000000,-480.000000
2923,2360.000000,-480.000000
2924,2360.000000,-480.000000
2925,2360.000000,-480.000000
2926,2400.000000,-480.000000
2927,2360.000000,-520.000000
2928,2360.000000,-480.000000
2929,2360.000000,-480.000000
2930,2400.000000,-480.000000
2931,2400.000000,-520.000000
2932,2400.000000,-480.000000
2933,2400.000000,-480.000000
2934,2400.000000,-480.000000
2935,2400.000000,-480.000000
2936,2400.000000,-480.000000
2937,2400.000000,-480.000000
2938,2400.000000,-480.000000
2939,2400.000000,-480.000000
2940,2400.000000,-480.000000
2941,2400.000000,-480.000000
2942,2400.000000,-520.000000
2943,2440.000000,-520.000000
2944,2400.000000,-480.000000
2945,2400.000000,-520.000000
2946,2440.000000,-480.000000
2947,2440.000000,-520.000000
2948,2440.000000,-480.000000
2949,2400.000000,-480.000000
2950,2440.000000,-480.000000
2951,2440.000000,-520.000000
2952,2440.000000,-480.000000
2953,2440.000000,-480.000000
2954,2440.000000,-480.000000
2955,2440.000000,-480.000000
2956,2440.000000,-480.000000
2957,2440.000000,-520.000000
2958,2440.000000,-520.000000
2959,2480.000000,-520.000000
2960,2440.000000,-480.000000
2961,2440.000000,-520.000000
2962,2440.000000,-520.000000
2963,2440.000000,-480.000000
2964,2480.000000,-520.000000
2965,2480.000000,-520.000000
2966,2480.000000,-520.000000
2967,2480.000000,-480.000000
2968,2480.000000,-480.000000
2969,2480.000000,-480.000000
2970,2480.000000,-520.000000
2971,2480.000000,-480.000000
2972,2520.000000,-520.000000
2973,2480.000000,-480.000000
2974,2520.000000,-520.000000
2975,2520.000000,-480.000000
2976,2480.000000,-520.000000
2977,2520.000000,-480.000000
2978,2520.000000,-520.000000
2979,2520.000000,-480.000000
2980,2520.000000,-480.000000
2981,2520.000000,-480.000000
2982,2520.000000,-520.000000
2983,2520.000000,-480.000000
2984,2520.000000,-520.000000
2985,2520.000000,-480.000000
2986,2560.000000,-520.000000
2987,2520.000000,-480.000000
2988,2520.000000,-520.000000
2989,2520.000000,-520.000000
2990,2520.000000,-520.000000
2991,2520.000000,-480.000000
2992,2560.000000,-480.000000
2993,2520.000000,-520.000000
2994,2560.000000,-480.000000
2995,2560.000000,-520.000000
2996,2560.000000,-480.000000
2997,2560.000000,-480.000000
2998,2560.000000,-480.000000
2999,2600.000000,-480.000000
3000,2560.000000,-520.000000
3001,2560.000000,-480.000000
3002,2560.000000,-480.000000
3003,2560.000000,-480.000000
3004,2560.000000,-480.000000
3005,2560.000000,-520.000000
3006,2600.000000,-520.000000
3007,2560.000000,-480.000000
3008,2560.000000,-520.000000
3009,2600.000000,-480.000000
3010,2560.000000,-480.000000
3011,2600.000000,-480.000000
3012,2600.000000,-480.000000
3013,2600.000000,-480.000000
3014,2600.000000,-520.000000
3015,2600.000000,-480.000000
3016,2600.000000,-480.000000
3017,2600.000000,-520.000000
3018,2600.000000,-480.000000
3019,2600.000000,-480.000000
3020,2600.000000,-480.000000
3021,2600.000000,-520.000000
3022,2600.000000,-480.000000
3023,2640.000000,-480.000000
3024,2600.000000,-480.000000
3025,2600.000000,-480.000000
3026,2600.000000,-480.000000
3027,2600.000000,-480.000000
3028,2640.000000,-480.000000
3029,2640.000000,-480.000000
3030,2600.000000,-480.000000
3031,2600.000000,-480.000000
3032,2640.000000,-480.000000
3033,2640.000000,-520.000000
3034,2640.000000,-520.000000
3035,2640.000000,-520.000000
3036,2640.000000,-520.000000
3037,2640.000000,-480.000000
3038,2680.000000,-480.000000
3039,2640.000000,-480.000000
3040,2640.000000,-480.000000
3041,2640.000000,-480.000000
3042,2640.000000,-520.000000
3043,2640.000000,-480.000000
3044,2640.000000,-520.000000
3045,2680.000000,-480.000000
3046,2680.000000,-480.000000
3047,2640.000000,-480.000000
3048,2680.000000,-480.000000
3049,2680.000000,-480.000000
3050,2680.000000,-480.000000
3051,2680.000000,-480.000000
3052,2680.000000,-520.000000
3053,2680.000000,-480.000000
3054,2680.000000,-480.000000
3055,2680.000000,-480.000000
3056,2680.000000,-480.000000
3057,2680.000000,-480.000000
3058,2680.000000,-480.000000
3059,2680.000000,-480.000000
3060,2680.000000,-480.000000
3061,2720.000000,-520.000000
3062,2720.000000,-480.000000
3063,2720.000000,-520.000000
3064,2720.000000,-480.000000
3065,2720.000000,-520.000000
3066,2720.000000,-480.000000
3067,2720.000000,-520.000000
3068,2760.000000,-480.000000
3069,2720.000000,-480.000000
3070,2720.000000,-480.000000
3071,2760.000000,-480.000000
3072,2720.000000,-480.000000
3073,2760.000000,-480.000000
3074,2720.000000,-480.000000
3075,2720.000000,-480.000000
3076,2720.000000,-480.000000
3077,2720.000000,-480.000000
3078,2760.000000,-520.000000
3079,2720.000000,-480.000000
3080,2760.000000,-480.000000
3081,2760.000000,-520.000000
3082,2720.000000,-480.000000
3083,2760.000000,-480.000000
3084,2760.000000,-520.000000
3085,2800.000000,-480.000000
3086,2760.000000,-520.000000
3087,2760.000000,-520.000000
3088,2760.000000,-480.000000
3089,2760.000000,-520.000000
3090,2760.000000,-480.000000
3091,2760.000000,-520.000000
3092,2760.000000,-480.000000
3093,2760.000000,-480.000000
3094,2800.000000,-520.000000
3095,2800.000000,-480.000000
3096,2760.000000,-520.000000
3097,2760.000000,-480.000000
3098,2800.000000,-480.000000
3099,2800.000000,-520.000000
3100,2800.000000,-520.000000
3101,2800.000000,-480.000000
3102,2800.000000,-480.000000
3103,2800.000000,-480.000000
3104,2800.000000,-520.000000
3105,2800.000000,-480.000000
3106,2800.000000,-480.000000
3107,2800.000000,-520.000000
3108,2800.000000,-520.000000
3109,2800.000000,-480.000000
3110,2840.000000,-480.000000
3111,2800.000000,-480.000000
3112,2800.000000,-480.000000
3113,2800.000000,-520.000000
3114,2800.000000,-480.000000
3115,2800.000000,-520.000000
3116,2840.000000,-520.000000
3117,2840.000000,-480.000000
3118,2840.000000,-480.000000
3119,2840.000000,-480.000000
3120,2840.000000,-520.000000
3121,2840.000000,-520.000000
3122,2840.000000,-520.000000
3123,2840.000000,-480.000000
3124,2840.000000,-480.000000
3125,2840.000000,-520.000000
3126,2840.000000,-480.000000
3127,2840.000000,-520.000000
3128,2840.000000,-480.000000
3129,2880.000000,-480.000000
3130,2840.000000,-480.000000
3131,2880.000000,-480.000000
3132,2840.000000,-520.000000
3133,2880.000000,-480.000000
3134,2880.000000,-480.000000
3135,2880.000000,-480.000000
3136,2880.000000,-480.000000
3137,2880.000000,-520.000000
3138,2880.000000,-480.000000
3139,2880.000000,-480.000000
3140,2880.000000,-520.000000
3141,2880.000000,-480.000000
3142,2920.000000,-480.000000
3143,2880.000000,-520.000000
3144,2880.000000,-520.000000
3145,2920.000000,-480.000000
3146,2880.000000,-520.000000
3147,2880.000000,-480.000000
3148,2920.000000,-480.000000
3149,2880.000000,-520.000000
3150,2880.000000,-480.000000
3151,2880.000000,-480.000000
3152,2880.000000,-480.000000
3153,2880.000000,-520.000000
3154,2880.000000,-480.000000
3155,2880.000000,-480.000000
3156,2880.000000,-480.000000
3157,2880.000000,-520.000000
3158,2880.000000,-520.000000
3159,2880.000000,-480.000000
3160,2880.000000,-520.000000
3161,2840.000000,-480.000000
3162,2840.000000,-520.000000
3163,2880.000000,-480.000000
3164,2840.000000,-520.000000
3165,2840.000000,-480.000000
3166,2880.000000,-480.000000
3167,2880.000000,-520.000000
3168,2840.000000,-480.000000
3169,2840.000000,-480.000000
3170,2840.000000,-480.000000
3171,2840.000000,-480.000000
3172,2880.000000,-480.000000
3173,2840.000000,-480.000000
3174,2840.000000,-520.000000
3175,2840.000000,-480.000000
3176,2840.000000,-520.000000
3177,2840.000000,-480.000000
3178,2840.000000,-480.000000
3179,2800.000000,-480.000000
3180,2840.000000,-520.000000
3181,2840.000000,-520.000000
3182,2840.000000,-480.000000
3183,2840.000000,-480.000000
3184,2840.000000,-480.000000
3185,2800.000000,-520.000000
3186,2800.000000,-520.000000
3187,2800.000000,-520.000000
3188,2800.000000,-480.000000
3189,2800.000000,-480.000000
3190,2800.000000,-520.000000
3191,2760.000000,-480.000000
3192,2800.000000,-520.000000
3193,2800.000000,-480.000000
3194,2760.000000,-520.000000
3195,2800.000000,-520.000000
3196,2760.000000,-480.000000
3197,2800.000000,-480.000000
3198,2800.000000,-520.000000
3199,2760.000000,-520.000000
3200,2800.000000,-480.000000
3201,2760.000000,-480.000000
3202,2760.000000,-480.000000
3203,2760.000000,-520.000000
3204,2760.000000,-520.000000
3205,2760.000000,-520.000000
3206,2760.000000,-520.000000
3207,2760.000000,-520.000000
3208,2760.000000,-480.000000
3209,2760.000000,-480.000000
3210,2720.000000,-480.000000
3211,2760.000000,-480.000000
3212,2720.000000,-480.000000
3213,2760.000000,-480.000000
3214,2760.000000,-480.000000
3215,2720.000000,-480.000000
3216,2760.000000,-520.000000
3217,2760.000000,-480.000000
3218,2760.000000,-480.000000
3219,2760.000000,-480.000000
3220,2760.000000,-480.000000
3221,2720.000000,-480.000000
3222,2720.000000,-520.000000
3223,2720.000000,-480.000000
3224,2720.000000,-480.000000
3225,2720.000000,-480.000000
3226,2720.000000,-520.000000
3227,2720.000000,-480.000000
3228,2720.000000,-520.000000
3229,2720.000000,-520.000000
3230,2720.000000,-520.000000
3231,2720.000000,-480.000000
3232,2720.000000,-520.000000
3233,2680.000000,-480.000000
3234,2680.000000,-520.000000
3235,2720.000000,-480.000000
3236,2720.000000,-520.000000
3237,2720.000000,-520.000000
3238,2680.000000,-480.000000
3239,2680.000000,-520.000000
3240,2680.000000,-520.000000
3241,2680.000000,-520.000000
3242,2720.000000,-520.000000
3243,2680.000000,-480.000000
3244,2680.000000,-520.000000
3245,2680.000000,-520.000000
3246,2680.000000,-480.000000
3247,2680.000000,-480.000000
3248,2680.000000,-480.000000
3249,2640.000000,-480.000000
3250,2640.000000,-480.000000
3251,2680.000000,-480.000000
3252,2640.000000,-480.000000
3253,2600.000000,-480.000000
3254,2640.000000,-520.000000
3255,2640.000000,-520.000000
3256,2640.000000,-520.000000
3257,2640.000000,-480.000000
3258,2640.000000,-520.000000
3259,2640.000000,-520.000000
3260,2640.000000,-520.000000
3261,2640.000000,-480.000000
3262,2640.000000,-520.000000
3263,2640.000000,-480.000000
3264,2640.000000,-520.000000
3265,2600.000000,-480.000000
3266,2640.000000,-480.000000
3267,2600.000000,-520.000000
3268,2640.000000,-480.000000
3269,2640.000000,-480.000000
3270,2600.000000,-480.000000
3271,2600.000000,-520.000000
3272,2600.000000,-480.000000
3273,2600.000000,-520.000000
3274,2640.000000,-480.000000
3275,2600.000000,-480.000000
3276,2600.000000,-480.000000
3277,2600.000000,-480.000000
3278,2600.000000,-520.000000
3279,2600.000000,-520.000000
3280,2600.000000,-520.000000
3281,2600.000000,-480.000000
3282,2600.000000,-520.000000
3283,2560.000000,-480.000000
3284,2560.000000,-520.000000
3285,2600.000000,-520.000000
3286,2560.000000,-480.000000
3287,2560.000000,-480.000000
3288,2560.000000,-480.000000
3289,2560.000000,-480.000000
3290,2560.000000,-520.000000
3291,2560.000000,-520.000000
3292,2560.000000,-480.000000
3293,2560.000000,-520.000000
3294,2560.000000,-520.000000
3295,2600.000000,-480.000000
3296,2560.000000,-480.000000
3297,2560.000000,-480.000000
3298,2520.000000,-520.000000
3299,2560.000000,-480.000000
3300,2520.000000,-480.000000
3301,2520.000000,-520.000000
3302,2520.000000,-520.000000
3303,2520.000000,-520.000000
3304,2560.000000,-520.000000
3305,2480.000000,-480.000000
3306,2520.000000,-520.000000
3307,2520.000000,-480.000000
3308,2520.000000,-480.000000
3309,2520.000000,-480.000000
3310,2560.000000,-480.000000
3311,2520.000000,-520.000000
3312,2520.000000,-520.000000
3313,2480.000000,-520.000000
3314,2480.000000,-520.000000
3315,2480.000000,-480.000000
3316,2520.000000,-480.000000
3317,2480.000000,-480.000000
3318,2520.000000,-480.000000
3319,2480.000000,-480.000000
3320,2520.000000,-480.000000
3321,2480.000000,-480.000000
3322,2480.000000,-480.000000
3323,2480.000000,-480.000000
3324,2480.000000,-480.000000
3325,2480.000000,-520.000000
3326,2480.000000,-520.000000
3327,2480.000000,-520.000000
3328,2480.000000,-480.000000
3329,2480.000000,-480.000000
3330,2480.000000,-520.000000
3331,2480.000000,-520.000000
3332,2440.000000,-480.000000
3333,2480.000000,-520.000000
3334,2480.000000,-520.000000
3335,2480.000000,-480.000000
3336,2440.000000,-480.000000
3337,2480.000000,-480.000000
3338,2440.000000,-520.000000
3339,2440.000000,-480.000000
3340,2440.000000,-480.000000
3341,2440.000000,-480.000000
3342,2440.000000,-480.000000
3343,2440.000000,-480.000000
3344,2480.000000,-480.000000
3345,2440.000000,-480.000000
3346,2440.000000,-480.000000
3347,2440.000000,-480.000000
3348,2440.000000,-480.000000
3349,2440.000000,-480.000000
3350,2440.000000,-480.000000
3351,2440.000000,-480.000000
3352,2440.000000,-480.000000
3353,2440.000000,-480.000000
3354,2440.000000,-520.000000
3355,2400.000000,-480.000000
3356,2400.000000,-480.000000
3357,2400.000000,-480.000000
3358,2400.000000,-480.000000
3359,2440.000000,-480.000000
3360,2400.000000,-480.000000
3361,2400.000000,-480.000000
3362,2400.000000,-480.000000
3363,2440.000000,-480.000000
3364,2400.000000,-480.000000
3365,2400.000000,-480.000000
3366,2400.000000,-520.000000
3367,2400.000000,-520.000000
3368,2400.000000,-480.000000
3369,2400.000000,-480.000000
3370,2400.000000,-480.000000
3371,2400.000000,-480.000000
3372,2360.000000,-480.000000
3373,2360.000000,-480.000000
3374,2360.000000,-520.000000
3375,2360.000000,-480.000000
3376,2360.000000,-520.000000
3377,2360.000000,-520.000000
3378,2360.000000,-520.000000
3379,2360.000000,-480.000000
3380,2360.000000,-520.000000
3381,2360.000000,-480.000000
3382,2360.000000,-480.000000
3383,2360.000000,-480.000000
3384,2360.000000,-480.000000
3385,2360.000000,-480.000000
3386,2360.000000,-480.000000
3387,2360.000000,-480.000000
3388,2320.000000,-480.000000
3389,2360.000000,-480.000000
3390,2320.000000,-480.000000
3391,2320.000000,-480.000000
3392,2320.000000,-480.000000
3393,2320.000000,-480.000000
3394,2360.000000,-480.000000
3395,2320.000000,-480.000000
3396,2320.000000,-480.000000
3397,2320.000000,-480.000000
3398,2320.000000,-480.000000
3399,2320.000000,-520.000000
3400,2320.000000,-520.000000
3401,2320.000000,-520.000000
3402,2320.000000,-480.000000
3403,2280.000000,-480.000000
3404,2320.000000,-480.000000
3405,2280.000000,-520.000000
3406,2320.000000,-520.000000
3407,2280.000000,-520.000000
3408,2280.000000,-520.000000
3409,2280.000000,-520.000000
3410,2280.000000,-480.000000
3411,2280.000000,-520.000000
3412,2280.000000,-480.000000
3413,2280.000000,-480.000000
3414,2280.000000,-520.000000
3415,2280.000000,-480.000000
3416,2280.000000,-480.000000
3417,2280.000000,-480.000000
3418,2280.000000,-520.000000
3419,2240.000000,-520.000000
3420,2240.000000,-480.000000
3421,2280.000000,-480.000000
3422,2240.000000,-480.000000
3423,2240.000000,-480.000000
3424,2240.000000,-480.000000
3425,2240.000000,-480.000000
3426,2240.000000,-520.000000
3427,2240.000000,-520.000000
3428,2240.000000,-480.000000
3429,2240.000000,-520.000000
3430,2240.000000,-480.000000
3431,2240.000000,-480.000000
3432,2240.000000,-520.000000
3433,2200.000000,-520.000000
3434,2240.000000,-480.000000
3435,2240.000000,-480.000000
3436,2240.000000,-520.000000
3437,2200.000000,-480.000000
3438,2240.000000,-520.000000
3439,2200.000000,-520.000000
3440,2200.000000,-480.000000
3441,2200.000000,-480.000000
3442,2200.000000,-520.000000
3443,2200.000000,-520.000000
3444,2200.000000,-520.000000
3445,2200.000000,-520.000000
3446,2200.000000,-520.000000
3447,2200.000000,-520.000000
3448,2200.000000,-480.000000
3449,2200.000000,-520.000000
3450,2200.000000,-520.000000
3451,2160.000000,-480.000000
3452,2200.000000,-520.000000
3453,2200.000000,-520.000000
3454,2200.000000,-480.000000
3455,2200.000000,-480.000000
3456,2160.000000,-480.000000
3457,2160.000000,-480.000000
3458,2160.000000,-480.000000
3459,2160.000000,-520.000000
3460,2160.000000,-480.000000
3461,2160.000000,-520.000000
3462,2160.000000,-520.000000
3463,2160.000000,-520.000000
3464,2160.000000,-480.000000
3465,2160.000000,-520.000000
3466,2120.000000,-520.000000
3467,2160.000000,-480.000000
3468,2120.000000,-480.000000
3469,2160.000000,-480.000000
3470,2160.000000,-480.000000
3471,2120.000000,-480.000000
3472,2160.000000,-480.000000
3473,2160.000000,-480.000000
3474,2120.000000,-480.000000
3475,2120.000000,-480.000000
3476,2160.000000,-480.000000
3477,2120.000000,-480.000000
3478,2120.000000,-480.000000
3479,2120.000000,-520.000000
3480,2120.000000,-480.000000
3481,2120.000000,-520.000000
3482,2120.000000,-480.000000
3483,2080.000000,-480.000000
3484,2120.000000,-520.000000
3485,2120.000000,-480.000000
3486,2120.000000,-480.000000
3487,2120.000000,-520.000000
3488,2080.000000,-480.000000
3489,2120.000000,-520.000000
3490,2080.000000,-480.000000
3491,2040.000000,-520.000000
3492,2120.000000,-480.000000
3493,2080.000000,-480.000000
3494,2080.000000,-520.000000
3495,2080.000000,-480.000000
3496,2080.000000,-480.000000
3497,2080.000000,-480.000000
3498,2080.000000,-520.000000
3499,2080.000000,-480.000000
3500,2080.000000,-520.000000
3501,2080.000000,-480.000000
3502,2080.000000,-480.000000
3503,2080.000000,-480.000000
3504,2080.000000,-480.000000
3505,2080.000000,-520.000000
3506,2040.000000,-480.000000
3507,2040.000000,-520.000000
3508,2040.000000,-480.000000
3509,2040.000000,-480.000000
3510,2040.000000,-480.000000
3511,2040.000000,-480.000000
3512,2040.000000,-480.000000
3513,2040.000000,-480.000000
3514,2040.000000,-480.000000
3515,2040.000000,-480.000000
3516,2040.000000,-480.000000
3517,2040.000000,-480.000000
3518,2040.000000,-480.000000
3519,2040.000000,-520.000000
3520,2040.000000,-480.000000
3521,2040.000000,-520.000000
3522,2000.000000,-480.000000
3523,2040.000000,-480.000000
3524,2040.000000,-520.000000
3525,2040.000000,-480.000000
3526,2000.000000,-480.000000
3527,2040.000000,-480.000000
3528,2000.000000,-480.000000
3529,2000.000000,-520.000000
3530,2000.000000,-480.000000
3531,2000.000000,-480.000000
3532,2000.000000,-480.000000
3533,2000.000000,-480.000000
3534,2000.000000,-480.000000
3535,1960.000000,-480.000000
3536,2000.000000,-480.000000
3537,2000.000000,-520.000000
3538,1960.000000,-520.000000
3539,1960.000000,-480.000000
3540,1960.000000,-480.000000
3541,2000.000000,-480.000000
3542,2000.000000,-480.000000
3543,1960.000000,-520.000000
3544,2000.000000,-520.000000
3545,1960.000000,-520.000000
3546,1960.000000,-480.000000
3547,1960.000000,-480.000000
3548,1960.000000,-520.000000
3549,1960.000000,-480.000000
3550,1960.000000,-480.000000
3551,1960.000000,-520.000000
3552,1960.000000,-520.000000
3553,1960.000000,-480.000000
3554,1960.000000,-480.000000
3555,1960.000000,-480.000000
3556,1960.000000,-520.000000
3557,1960.000000,-480.000000
3558,1920.000000,-480.000000
3559,1920.000000,-520.000000
3560,1960.000000,-480.000000
3561,1960.000000,-520.000000
3562,1920.000000,-480.000000
3563,1920.000000,-480.000000
3564,1920.000000,-480.000000
3565,1960.000000,-520.000000
3566,1920.000000,-480.000000
3567,1920.000000,-520.000000
3568,1920.000000,-520.000000
3569,1920.000000,-520.000000
3570,1920.000000,-520.000000
3571,1880.000000,-520.000000
3572,1920.000000,-480.000000
3573,1920.000000,-480.000000
3574,1880.000000,-480.000000
3575,1920.000000,-480.000000
3576,1920.000000,-480.000000
3577,1880.000000,-480.000000
3578,1880.000000,-480.000000
3579,1880.000000,-520.000000
3580,1920.000000,-520.000000
3581,1880.000000,-480.000000
3582,1880.000000,-480.000000
3583,1880.000000,-480.000000
3584,1880.000000,-520.000000
3585,1840.000000,-520.000000
3586,1840.000000,-520.000000
3587,1880.000000,-520.000000
3588,1840.000000,-520.000000
3589,1840.000000,-480.000000
3590,1840.000000,-480.000000
3591,1880.000000,-520.000000
3592,1880.000000,-480.000000
3593,1840.000000,-480.000000
3594,1880.000000,-480.000000
3595,1880.000000,-480.000000
3596,1840.000000,-480.000000
3597,1840.000000,-520.000000
3598,1840.000000,-480.000000
3599,1840.000000,-480.000000
3600,1880.000000,-520.000000
3601,1840.000000,-480.000000
3602,1840.000000,-480.000000
3603,1840.000000,-480.000000
3604,1840.000000,-480.000000
3605,1880.000000,-480.000000
3606,1840.000000,-520.000000
3607,1840.000000,-480.000000
3608,1840.000000,-480.000000
3609,1800.000000,-480.000000
3610,1800.000000,-520.000000
3611,1840.000000,-480.000000
3612,1800.000000,-480.000000
3613,1800.000000,-480.000000
3614,1800.000000,-480.000000
3615,1800.000000,-480.000000
3616,1800.000000,-520.000000
3617,1800.000000,-480.000000
3618,1800.000000,-480.000000
3619,1800.000000,-480.000000
3620,1800.000000,-480.000000
3621,1800.000000,-520.000000
3622,1800.000000,-480.000000
3623,1800.000000,-480.000000
3624,1800.000000,-480.000000
3625,1760.000000,-480.000000
3626,1760.000000,-480.000000
3627,1800.000000,-480.000000
3628,1760.000000,-520.000000
3629,1760.000000,-480.000000
3630,1760.000000,-480.000000
3631,1760.000000,-480.000000
3632,1760.000000,-520.000000
3633,1760.000000,-480.000000
3634,1800.000000,-480.000000
3635,1760.000000,-520.000000
3636,1760.000000,-480.000000
3637,1760.000000,-480.000000
3638,1760.000000,-480.000000
3639,1760.000000,-480.000000
3640,1760.000000,-480.000000
3641,1760.000000,-520.000000
3642,1720.000000,-480.000000
3643,1720.000000,-480.000000
3644,1760.000000,-480.000000
3645,1720.000000,-520.000000
3646,1760.000000,-480.000000
3647,1760.000000,-480.000000
3648,1760.000000,-480.000000
3649,1720.000000,-520.000000
3650,1720.000000,-520.000000
3651,1720.000000,-520.000000
3652,1720.000000,-480.000000
3653,1720.000000,-480.000000
3654,1720.000000,-480.000000
3655,1720.000000,-480.000000
3656,1720.000000,-480.000000
3657,1720.000000,-520.000000
3658,1720.000000,-480.000000
3659,1680.000000,-520.000000
3660,1720.000000,-480.000000
3661,1720.000000,-520.000000
3662,1720.000000,-480.000000
3663,1720.000000,-480.000000
3664,1720.000000,-480.000000
3665,1720.000000,-520.000000
3666,1680.000000,-480.000000
3667,1680.000000,-480.000000
3668,1680.000000,-520.000000
3669,1680.000000,-480.000000
3670,1680.000000,-480.000000
3671,1680.000000,-520.000000
3672,1680.000000,-480.000000
3673,1680.000000,-480.000000
3674,1680.000000,-480.000000
3675,1680.000000,-480.000000
3676,1680.000000,-480.000000
3677,1680.000000,-480.000000
3678,1680.000000,-480.000000
3679,1680.000000,-480.000000
3680,1640.000000,-520.000000
3681,1680.000000,-480.000000
3682,1680.000000,-480.000000
3683,1680.000000,-520.000000
3684,1680.000000,-520.000000
3685,1640.000000,-480.000000
3686,1640.000000,-480.000000
3687,1640.000000,-480.000000
3688,1640.000000,-520.000000
3689,1640.000000,-520.000000
3690,1640.000000,-480.000000
3691,1640.000000,-520.000000
3692,1640.000000,-480.000000
3693,1600.000000,-520.000000
3694,1640.000000,-480.000000
3695,1600.000000,-520.000000
3696,1600.000000,-520.000000
3697,1600.000000,-520.000000
3698,1600.000000,-480.000000
3699,1600.000000,-480.000000
3700,1600.000000,-480.000000
3701,1640.000000,-480.000000
3702,1600.000000,-480.000000
3703,1600.000000,-520.000000
3704,1600.000000,-480.000000
3705,1600.000000,-520.000000
3706,1600.000000,-480.000000
3707,1600.000000,-480.000000
3708,1600.000000,-480.000000
3709,1560.000000,-480.000000
3710,1560.000000,-480.000000
3711,1560.000000,-480.000000
3712,1560.000000,-480.000000
3713,1600.000000,-480.000000
3714,1560.000000,-520.000000
3715,1560.000000,-480.000000
3716,1560.000000,-520.000000
3717,1560.000000,-520.000000
3718,1560.000000,-520.000000
3719,1560.000000,-480.000000
3720,1560.000000,-480.000000
3721,1560.000000,-520.000000
3722,1560.000000,-520.000000
3723,1560.000000,-480.000000
3724,1520.000000,-520.000000
3725,1520.000000,-480.000000
3726,1560.000000,-480.000000
3727,1520.000000,-480.000000
3728,1560.000000,-520.000000
3729,1560.000000,-520.000000
3730,1520.000000,-520.000000
3731,1520.000000,-520.000000
3732,1520.000000,-480.000000
3733,1520.000000,-520.000000
3734,1520.000000,-520.000000
3735,1520.000000,-520.000000
3736,1520.000000,-480.000000
3737,1520.000000,-480.000000
3738,1520.000000,-480.000000
3739,1520.000000,-480.000000
3740,1520.000000,-520.000000
3741,1520.000000,-480.000000
3742,1520.000000,-520.000000
3743,1520.000000,-520.000000
3744,1480.000000,-520.000000
3745,1480.000000,-480.000000
3746,1520.000000,-520.000000
3747,1520.000000,-520.000000
3748,1520.000000,-520.000000
3749,1480.000000,-520.000000
3750,1480.000000,-520.000000
3751,1480.000000,-520.000000
3752,1480.000000,-480.000000
3753,1480.000000,-520.000000
3754,1480.000000,-480.000000
3755,1480.000000,-480.000000
3756,1480.000000,-520.000000
3757,1480.000000,-520.000000
3758,1480.000000,-520.000000
3759,1480.000000,-480.000000
3760,1480.000000,-480.000000
3761,1480.000000,-520.000000
3762,1440.000000,-480.000000
3763,1480.000000,-480.000000
3764,1480.000000,-480.000000
3765,1440.000000,-480.000000
3766,1440.000000,-480.000000
3767,1440.000000,-480.000000
3768,1480.000000,-520.000000
3769,1480.000000,-480.000000
3770,1320.000000,-480.000000
3771,1160.000000,520.000000
3772,960.000000,480.000000
3773,800.000000,480.000000
3774,640.000000,480.000000
3775,440.000000,480.000000
3776,280.000000,480.000000
3777,120.000000,480.000000
3778,-80.000000,520.000000
3779,-240.000000,480.000000
3780,-360.000000,480.000000
3781,-520.000000,480.000000
3782,-640.000000,480.000000
3783,-760.000000,480.000000
3784,-840.000000,480.000000
3785,-880.000000,480.000000
3786,-960.000000,480.000000
3787,-1000.000000,480.000000
3788,-1040.000000,480.000000
3789,-1040.000000,520.000000
3790,-1120.000000,480.000000
3791,-1120.000000,480.000000
3792,-1120.000000,480.000000
3793,-1160.000000,480.000000
3794,-1160.000000,480.000000
3795,-1160.000000,480.000000
3796,-1200.000000,480.000000
3797,-1320.000000,520.000000
3798,-1400.000000,480.000000
3799,-1440.000000,480.000000
3800,-1480.000000,480.000000
3801,-1520.000000,480.000000
3802,-1560.000000,480.000000
3803,-1520.000000,480.000000
3804,-1560.000000,480.000000
3805,-1560.000000,480.000000
3806,-1520.000000,480.000000
3807,-1560.000000,480.000000
3808,-1560.000000,480.000000
3809,-1560.000000,480.000000
3810,-1560.000000,480.000000
3811,-1560.000000,520.000000
3812,-1560.000000,480.000000
3813,-1560.000000,480.000000
3814,-1600.000000,480.000000
3815,-1560.000000,480.000000
3816,-1560.000000,480.000000
3817,-1600.000000,480.000000
3818,-1560.000000,480.000000
3819,-1600.000000,480.000000
3820,-1600.000000,480.000000
3821,-1600.000000,480.000000
3822,-1600.000000,480.000000
3823,-1600.000000,480.000000
3824,-1600.000000,520.000000
3825,-1600.000000,480.000000
3826,-1600.000000,480.000000
3827,-1640.000000,480.000000
3828,-1600.000000,520.000000
3829,-1640.000000,480.000000
3830,-1600.000000,480.000000
3831,-1600.000000,480.000000
3832,-1640.000000,480.000000
3833,-1640.000000,480.000000
3834,-1640.000000,480.000000
3835,-1640.000000,520.000000
3836,-1600.000000,480.000000
3837,-1640.000000,480.000000
3838,-1640.000000,480.000000
3839,-1640.000000,480.000000
3840,-1640.000000,480.000000
3841,-1640.000000,480.000000
3842,-1640.000000,480.000000
3843,-1640.000000,480.000000
3844,-1640.000000,480.000000
3845,-1640.000000,480.000000
3846,-1640.000000,480.000000
3847,-1680.000000,480.000000
3848,-1640.000000,480.000000
3849,-1640.000000,480.000000
3850,-1640.000000,480.000000
3851,-1640.000000,480.000000
3852,-1640.000000,480.000000
3853,-1680.000000,440.000000
3854,-1680.000000,480.000000
3855,-1640.000000,480.000000
3856,-1680.000000,480.000000
3857,-1680.000000,480.000000
3858,-1680.000000,480.000000
3859,-1680.000000,480.000000
3860,-1680.000000,480.000000
3861,-1680.000000,480.000000
3862,-1680.000000,480.000000
3863,-1680.000000,480.000000
3864,-1680.000000,480.000000
3865,-1680.000000,480.000000
3866,-1680.000000,480.000000
3867,-1680.000000,520.000000
3868,-1720.000000,480.000000
3869,-1680.000000,480.000000
3870,-1680.000000,480.000000
3871,-1720.000000,480.000000
3872,-1720.000000,480.000000
3873,-1720.000000,520.000000
3874,-1720.000000,520.000000
3875,-1720.000000,480.000000
3876,-1760.000000,480.000000
3877,-1720.000000,480.000000
3878,-1720.000000,520.000000
3879,-1720.000000,480.000000
3880,-1760.000000,480.000000
3881,-1720.000000,480.000000
3882,-1720.000000,480.000000
3883,-1760.000000,480.000000
3884,-1720.000000,480.000000
3885,-1720.000000,480.000000
3886,-1720.000000,480.000000
3887,-1760.000000,480.000000
3888,-1760.000000,520.000000
3889,-1760.000000,480.000000
3890,-1760.000000,480.000000
3891,-1760.000000,480.000000
3892,-1800.000000,520.000000
3893,-1760.000000,480.000000
3894,-1800.000000,480.000000
3895,-1760.000000,480.000000
3896,-1760.000000,480.000000
3897,-1760.000000,480.000000
3898,-1760.000000,480.000000
3899,-1760.000000,480.000000
3900,-1800.000000,520.000000
3901,-1800.000000,480.000000
3902,-1800.000000,480.000000
3903,-1800.000000,480.000000
3904,-1800.000000,480.000000
3905,-1800.000000,480.000000
3906,-1760.000000,480.000000
3907,-1760.000000,480.000000
3908,-1800.000000,480.000000
3909,-1800.000000,480.000000
3910,-1800.000000,480.000000
3911,-1800.000000,480.000000
3912,-1840.000000,480.000000
3913,-1800.000000,520.000000
3914,-1800.000000,520.000000
3915,-1800.000000,480.000000
3916,-1800.000000,480.000000
3917,-1800.000000,520.000000
3918,-1800.000000,480.000000
3919,-1840.000000,480.000000
3920,-1800.000000,480.000000
3921,-1840.000000,520.000000
3922,-1840.000000,480.000000
3923,-1840.000000,520.000000
3924,-1840.000000,480.000000
3925,-1840.000000,480.000000
3926,-1840.000000,480.000000
3927,-1840.000000,520.000000
3928,-1840.000000,480.000000
3929,-1840.000000,480.000000
3930,-1840.000000,480.000000
3931,-1840.000000,480.000000
3932,-1840.000000,480.000000
3933,-1840.000000,520.000000
3934,-1880.000000,480.000000
3935,-1840.000000,480.000000
3936,-1840.000000,480.000000
3937,-1880.000000,480.000000
3938,-1840.000000,480.000000
3939,-1880.000000,480.000000
3940,-1880.000000,480.000000
3941,-1880.000000,480.000000
3942,-1880.000000,480.000000
3943,-1880.000000,480.000000
3944,-1880.000000,480.000000
3945,-1880.000000,520.000000
3946,-1920.000000,480.000000
3947,-1920.000000,480.000000
3948,-1880.000000,480.000000
3949,-1880.000000,480.000000
3950,-1880.000000,480.000000
3951,-1920.000000,480.000000
3952,-1920.000000,480.000000
3953,-1920.000000,480.000000
3954,-1920.000000,480.000000
3955,-1920.000000,480.000000
3956,-1920.000000,480.000000
3957,-1920.000000,480.000000
3958,-1920.000000,480.000000
3959,-1920.000000,480.000000
3960,-1920.000000,480.000000
3961,-1920.000000,480.000000
3962,-1920.000000,480.000000
3963,-1920.000000,480.000000
3964,-1920.000000,480.000000
3965,-1920.000000,520.000000
3966,-1920.000000,480.000000
3967,-1920.000000,520.000000
3968,-1960.000000,480.000000
3969,-1920.000000,480.000000
3970,-1920.000000,480.000000
3971,-1960.000000,520.000000
3972,-1960.000000,480.000000
3973,-1960.000000,480.000000
3974,-1960.000000,480.000000
3975,-1960.000000,480.000000
3976,-1960.000000,480.000000
3977,-1960.000000,480.000000
3978,-1960.000000,480.000000
3979,-1960.000000,480.000000
3980,-1920.000000,480.000000
3981,-1960.000000,480.000000
3982,-1960.000000,480.000000
3983,-1960.000000,480.000000
3984,-1960.000000,520.000000
3985,-1960.000000,480.000000
3986,-1960.000000,480.000000
3987,-1960.000000,480.000000
3988,-2000.000000,480.000000
3989,-2000.000000,480.000000
3990,-2000.000000,480.000000
3991,-2000.000000,480.000000
3992,-2000.000000,520.000000
3993,-2000.000000,480.000000
3994,-2000.000000,480.000000
3995,-2000.000000,480.000000
3996,-2000.000000,480.000000
3997,-2000.000000,480.000000
3998,-2040.000000,520.000000
3999,-2000.000000,480.000000
4000,-2000.000000,480.000000
4001,-2040.000000,480.000000
4002,-2000.000000,480.000000
4003,-2000.000000,480.000000
4004,-2000.000000,480.000000
4005,-2040.000000,480.000000
4006,-2000.000000,480.000000
4007,-2040.000000,480.000000
4008,-2040.000000,480.000000
4009,-2040.000000,480.000000
4010,-2040.000000,480.000000
4011,-2040.000000,480.000000
4012,-2040.000000,480.000000
4013,-2040.000000,480.000000
4014,-2040.000000,480.000000
4015,-2040.000000,480.000000
4016,-2040.000000,520.000000
4017,-2040.000000,520.000000
4018,-2080.000000,480.000000
4019,-2040.000000,480.000000
4020,-2040.000000,480.000000
4021,-2080.000000,480.000000
4022,-2040.000000,480.000000
4023,-2080.000000,480.000000
4024,-2080.000000,480.000000
4025,-2080.000000,480.000000
4026,-2080.000000,520.000000
4027,-2080.000000,480.000000
4028,-2080.000000,480.000000
4029,-2080.000000,480.000000
4030,-2080.000000,480.000000
4031,-2080.000000,520.000000
4032,-2080.000000,480.000000
4033,-2120.000000,480.000000
4034,-2120.000000,520.000000
4035,-2120.000000,480.000000
4036,-2120.000000,480.000000
4037,-2080.000000,480.000000
4038,-2120.000000,480.000000
4039,-2120.000000,480.000000
4040,-2120.000000,480.000000
4041,-2120.000000,480.000000
4042,-2120.000000,480.000000
4043,-2160.000000,480.000000
4044,-2120.000000,480.000000
4045,-2120.000000,480.000000
4046,-2120.000000,480.000000
4047,-2120.000000,480.000000
4048,-2120.000000,480.000000
4049,-2120.000000,480.000000
4050,-2120.000000,480.000000
4051,-2120.000000,480.000000
4052,-2120.000000,520.000000
4053,-2120.000000,480.000000
4054,-2120.000000,480.000000
4055,-2120.000000,480.000000
4056,-2160.000000,480.000000
4057,-2160.000000,480.000000
4058,-2120.000000,480.000000
4059,-2160.000000,480.000000
4060,-2160.000000,440.000000
4061,-2160.000000,480.000000
4062,-2160.000000,480.000000
4063,-2160.000000,480.000000
4064,-2160.000000,480.000000
4065,-2160.000000,520.000000
4066,-2200.000000,480.000000
4067,-2160.000000,480.000000
4068,-2160.000000,480.000000
4069,-2160.000000,480.000000
4070,-2200.000000,480.000000
4071,-2200.000000,480.000000
4072,-2200.000000,480.000000
4073,-2160.000000,520.000000
4074,-2200.000000,520.000000
4075,-2200.000000,480.000000
4076,-2200.000000,480.000000
4077,-2200.000000,480.000000
4078,-2200.000000,520.000000
4079,-2200.000000,480.000000
4080,-2200.000000,480.000000
4081,-2200.000000,480.000000
4082,-2200.000000,480.000000
4083,-2200.000000,480.000000
4084,-2240.000000,480.000000
4085,-2240.000000,480.000000
4086,-2200.000000,480.000000
4087,-2200.000000,480.000000
4088,-2200.000000,520.000000
4089,-2240.000000,480.000000
4090,-2240.000000,480.000000
4091,-2240.000000,480.000000
4092,-2240.000000,480.000000
4093,-2240.000000,520.000000
4094,-2240.000000,520.000000
4095,-2240.000000,480.000000
4096,-2240.000000,480.000000
4097,-2240.000000,480.000000
4098,-2240.000000,480.000000
4099,-2240.000000,480.000000
4100,-2240.000000,480.000000
4101,-2240.000000,480.000000
4102,-2240.000000,480.000000
4103,-2240.000000,480.000000
4104,-2280.000000,480.000000
4105,-2240.000000,480.000000
4106,-2280.000000,480.000000
4107,-2280.000000,480.000000
4108,-2280.000000,480.000000
4109,-2280.000000,480.000000
4110,-2280.000000,480.000000
4111,-2280.000000,480.000000
4112,-2280.000000,480.000000
4113,-2280.000000,480.000000
4114,-2280.000000,480.000000
4115,-2280.000000,480.000000
4116,-2280.000000,480.000000
4117,-2280.000000,480.000000
4118,-2280.000000,480.000000
4119,-2280.000000,480.000000
4120,-2280.000000,480.000000
4121,-2320.000000,480.000000
4122,-2280.000000,480.000000
4123,-2280.000000,480.000000
4124,-2280.000000,480.000000
4125,-2320.000000,480.000000
4126,-2280.000000,480.000000
4127,-2320.000000,480.000000
4128,-2320.000000,480.000000
4129,-2320.000000,480.000000
4130,-2320.000000,480.000000
4131,-2320.000000,480.000000
4132,-2360.000000,480.000000
4133,-2320.000000,480.000000
4134,-2320.000000,480.000000
4135,-2320.000000,480.000000
4136,-2320.000000,480.000000
4137,-2320.000000,480.000000
4138,-2320.000000,520.000000
4139,-2360.000000,480.000000
4140,-2320.000000,480.000000
4141,-2320.000000,520.000000
4142,-2320.000000,520.000000
4143,-2320.000000,480.000000
4144,-2320.000000,480.000000
4145,-2360.000000,480.000000
4146,-2360.000000,480.000000
4147,-2360.000000,480.000000
4148,-2360.000000,480.000000
4149,-2360.000000,480.000000
4150,-2360.000000,480.000000
4151,-2400.000000,480.000000
4152,-2360.000000,480.000000
4153,-2400.000000,480.000000
4154,-2400.000000,520.000000
4155,-2400.000000,480.000000
4156,-2360.000000,480.000000
4157,-2400.000000,480.000000
4158,-2400.000000,480.000000
4159,-2400.000000,520.000000
4160,-2400.000000,480.000000
4161,-2400.000000,520.000000
4162,-2400.000000,480.000000
4163,-2400.000000,480.000000
4164,-2400.000000,480.000000
4165,-2400.000000,480.000000
4166,-2400.000000,480.000000
4167,-2400.000000,480.000000
4168,-2400.000000,520.000000
4169,-2400.000000,480.000000
4170,-2400.000000,480.000000
4171,-2440.000000,480.000000
4172,-2440.000000,480.000000
4173,-2440.000000,480.000000
4174,-2440.000000,520.000000
4175,-2400.000000,520.000000
4176,-2440.000000,480.000000
4177,-2400.000000,480.000000
4178,-2440.000000,520.000000
4179,-2440.000000,480.000000
4180,-2440.000000,480.000000
4181,-2440.000000,480.000000
4182,-2440.000000,520.000000
4183,-2440.000000,480.000000
4184,-2440.000000,480.000000
4185,-2440.000000,480.000000
4186,-2440.000000,480.000000
4187,-2440.000000,520.000000
4188,-2440.000000,480.000000
4189,-2480.000000,480.000000
4190,-2440.000000,520.000000
4191,-2480.000000,480.000000
4192,-2440.000000,480.000000
4193,-2440.000000,480.000000
4194,-2480.000000,480.000000
4195,-2480.000000,480.000000
4196,-2480.000000,480.000000
4197,-2480.000000,480.000000
4198,-2480.000000,480.000000
4199,-2480.000000,480.000000
4200,-2480.000000,480.000000
4201,-2480.000000,480.000000
4202,-2480.000000,480.000000
4203,-2480.000000,480.000000
4204,-2480.000000,480.000000
4205,-2480.000000,480.000000
4206,-2520.000000,520.000000
4207,-2480.000000,480.000000
4208,-2520.000000,480.000000
4209,-2520.000000,480.000000
4210,-2480.000000,480.000000
4211,-2480.000000,480.000000
4212,-2480.000000,480.000000
4213,-2520.000000,480.000000
4214,-2520.000000,520.000000
4215,-2520.000000,520.000000
4216,-2520.000000,520.000000
4217,-2520.000000,480.000000
4218,-2520.000000,520.000000
4219,-2560.000000,480.000000
4220,-2520.000000,480.000000
4221,-2520.000000,480.000000
4222,-2520.000000,480.000000
4223,-2520.000000,480.000000
4224,-2560.000000,480.000000
4225,-2560.000000,480.000000
4226,-2560.000000,480.000000
4227,-2560.000000,480.000000
4228,-2560.000000,480.000000
4229,-2520.000000,480.000000
4230,-2560.000000,480.000000
4231,-2560.000000,480.000000
4232,-2560.000000,480.000000
4233,-2560.000000,480.000000
4234,-2560.000000,480.000000
4235,-2560.000000,480.000000
4236,-2560.000000,480.000000
4237,-2560.000000,480.000000
4238,-2560.000000,480.000000
4239,-2560.000000,520.000000
4240,-2600.000000,480.000000
4241,-2560.000000,480.000000
4242,-2600.000000,520.000000
4243,-2600.000000,520.000000
4244,-2600.000000,480.000000
4245,-2600.000000,480.000000
4246,-2560.000000,480.000000
4247,-2600.000000,520.000000
4248,-2600.000000,480.000000
4249,-2600.000000,480.000000
4250,-2600.000000,480.000000
4251,-2600.000000,480.000000
4252,-2600.000000,480.000000
4253,-2640.000000,520.000000
4254,-2640.000000,520.000000
4255,-2600.000000,520.000000
4256,-2600.000000,480.000000
4257,-2640.000000,480.000000
4258,-2680.000000,480.000000
4259,-2640.000000,480.000000
4260,-2600.000000,480.000000
4261,-2640.000000,480.000000
4262,-2640.000000,480.000000
4263,-2640.000000,480.000000
4264,-2640.000000,480.000000
4265,-2640.000000,480.000000
4266,-2640.000000,480.000000
4267,-2640.000000,480.000000
4268,-2640.000000,480.000000
4269,-2640.000000,480.000000
4270,-2640.000000,480.000000
4271,-2640.000000,480.000000
4272,-2680.000000,480.000000
4273,-2640.000000,480.000000
4274,-2640.000000,480.000000
4275,-2680.000000,480.000000
4276,-2680.000000,480.000000
4277,-2680.000000,480.000000
4278,-2640.000000,480.000000
4279,-2680.000000,480.000000
4280,-2680.000000,520.000000
4281,-2680.000000,520.000000
4282,-2680.000000,480.000000
4283,-2720.000000,480.000000
4284,-2680.000000,480.000000
4285,-2720.000000,480.000000
4286,-2680.000000,520.000000
4287,-2720.000000,480.000000
4288,-2720.000000,520.000000
4289,-2720.000000,520.000000
4290,-2720.000000,520.000000
4291,-2720.000000,480.000000
4292,-2720.000000,480.000000
4293,-2720.000000,520.000000
4294,-2720.000000,480.000000
4295,-2720.000000,480.000000
4296,-2720.000000,480.000000
4297,-2720.000000,480.000000
4298,-2720.000000,480.000000
4299,-2720.000000,520.000000
4300,-2720.000000,480.000000
4301,-2720.000000,520.000000
4302,-2720.000000,520.000000
4303,-2720.000000,480.000000
4304,-2720.000000,480.000000
4305,-2760.000000,480.000000
4306,-2720.000000,480.000000
4307,-2720.000000,480.000000
4308,-2760.000000,480.000000
4309,-2760.000000,520.000000
4310,-2760.000000,480.000000
4311,-2760.000000,480.000000
4312,-2760.000000,480.000000
4313,-2760.000000,480.000000
4314,-2760.000000,520.000000
4315,-2760.000000,480.000000
4316,-2760.000000,520.000000
4317,-2760.000000,520.000000
4318,-2760.000000,520.000000
4319,-2760.000000,480.000000
4320,-2760.000000,480.000000
4321,-2760.000000,480.000000
4322,-2760.000000,480.000000
4323,-2760.000000,480.000000
4324,-2800.000000,480.000000
4325,-2800.000000,520.000000
4326,-2800.000000,480.000000
4327,-2760.000000,480.000000
4328,-2800.000000,480.000000
4329,-2800.000000,480.000000
4330,-2800.000000,480.000000
4331,-2800.000000,520.000000
4332,-2800.000000,480.000000
4333,-2800.000000,480.000000
4334,-2800.000000,480.000000
4335,-2800.000000,480.000000
4336,-2840.000000,480.000000
4337,-2840.000000,480.000000
4338,-2800.000000,480.000000
4339,-2800.000000,480.000000
4340,-2800.000000,480.000000
4341,-2840.000000,480.000000
4342,-2800.000000,480.000000
4343,-2840.000000,520.000000
4344,-2840.000000,480.000000
4345,-2840.000000,480.000000
4346,-2840.000000,520.000000
4347,-2840.000000,480.000000
4348,-2840.000000,480.000000
4349,-2840.000000,520.000000
4350,-2840.000000,480.000000
4351,-2840.000000,480.000000
4352,-2840.000000,480.000000
4353,-2840.000000,480.000000
4354,-2840.000000,480.000000
4355,-2840.000000,480.000000
4356,-2840.000000,480.000000
4357,-2840.000000,480.000000
4358,-2840.000000,520.000000
4359,-2840.000000,480.000000
4360,-2880.000000,480.000000
4361,-2880.000000,480.000000
4362,-2840.000000,520.000000
4363,-2840.000000,520.000000
4364,-2880.000000,480.000000
4365,-2880.000000,520.000000
4366,-2880.000000,480.000000
4367,-2880.000000,480.000000
4368,-2880.000000,480.000000
4369,-2880.000000,520.000000
4370,-2840.000000,480.000000
4371,-2880.000000,520.000000
4372,-2880.000000,520.000000
4373,-2880.000000,520.000000
4374,-2920.000000,480.000000
4375,-2920.000000,520.000000
4376,-2880.000000,480.000000
4377,-2920.000000,520.000000
4378,-2920.000000,520.000000
4379,-2880.000000,520.000000
4380,-2920.000000,520.000000
4381,-2920.000000,480.000000
4382,-2920.000000,480.000000
4383,-2880.000000,480.000000
4384,-2920.000000,520.000000
4385,-2920.000000,480.000000
4386,-2920.000000,480.000000
4387,-2920.000000,480.000000
4388,-2920.000000,520.000000
4389,-2960.000000,480.000000
4390,-2920.000000,480.000000
4391,-2920.000000,480.000000
4392,-2960.000000,480.000000
4393,-2960.000000,480.000000
4394,-2920.000000,520.000000
4395,-2920.000000,480.000000
4396,-2960.000000,480.000000
4397,-2920.000000,480.000000
4398,-2960.000000,480.000000
4399,-2920.000000,480.000000
4400,-2920.000000,520.000000
4401,-2960.000000,480.000000
4402,-2920.000000,480.000000
4403,-2920.000000,480.000000
4404,-2920.000000,480.000000
4405,-2920.000000,520.000000
4406,-2920.000000,520.000000
4407,-2920.000000,480.000000
4408,-2920.000000,480.000000
4409,-2920.000000,480.000000
4410,-2920.000000,480.000000
4411,-2920.000000,480.000000
4412,-2920.000000,520.000000
4413,-2920.000000,480.000000
4414,-2920.000000,480.000000
4415,-2920.000000,480.000000
4416,-2880.000000,480.000000
4417,-2880.000000,480.000000
4418,-2880.000000,480.000000
4419,-2920.000000,520.000000
4420,-2880.000000,480.000000
4421,-2920.000000,480.000000
4422,-2880.000000,520.000000
4423,-2880.000000,520.000000
4424,-2880.000000,520.000000
4425,-2880.000000,480.000000
4426,-2880.000000,480.000000
4427,-2880.000000,480.000000
4428,-2880.000000,480.000000
4429,-2880.000000,480.000000
4430,-2880.000000,520.000000
4431,-2880.000000,520.000000
4432,-2880.000000,480.000000
4433,-2840.000000,480.000000
4434,-2880.000000,480.000000
4435,-2840.000000,480.000000
4436,-2880.000000,480.000000
4437,-2880.000000,480.000000
4438,-2840.000000,480.000000
4439,-2840.000000,480.000000
4440,-2840.000000,480.000000
4441,-2840.000000,480.000000
4442,-2840.000000,480.000000
4443,-2840.000000,480.000000
4444,-2840.000000,480.000000
4445,-2840.000000,480.000000
4446,-2840.000000,480.000000
4447,-2800.000000,520.000000
4448,-2800.000000,520.000000
4449,-2840.000000,480.000000
4450,-2840.000000,480.000000
4451,-2840.000000,480.000000
4452,-2840.000000,520.000000
4453,-2800.000000,480.000000
4454,-2840.000000,480.000000
4455,-2800.000000,480.000000
4456,-2800.000000,480.000000
4457,-2840.000000,520.000000
4458,-2840.000000,480.000000
4459,-2800.000000,480.000000
4460,-2800.000000,480.000000
4461,-2800.000000,480.000000
4462,-2760.000000,520.000000
4463,-2800.000000,480.000000
4464,-2800.000000,480.000000
4465,-2800.000000,480.000000
4466,-2760.000000,480.000000
4467,-2800.000000,480.000000
4468,-2760.000000,480.000000
4469,-2800.000000,480.000000
4470,-2800.000000,480.000000
4471,-2760.000000,480.000000
4472,-2760.000000,480.000000
4473,-2760.000000,480.000000
4474,-2760.000000,480.000000
4475,-2800.000000,480.000000
4476,-2760.000000,480.000000
4477,-2760.000000,480.000000
4478,-2760.000000,480.000000
4479,-2760.000000,520.000000
4480,-2760.000000,520.000000
4481,-2760.000000,480.000000
4482,-2760.000000,480.000000
4483,-2760.000000,520.000000
4484,-2760.000000,480.000000
4485,-2760.000000,480.000000
4486,-2720.000000,480.000000
4487,-2760.000000,480.000000
4488,-2760.000000,520.000000
4489,-2720.000000,520.000000
4490,-2720.000000,480.000000
4491,-2720.000000,520.000000
4492,-2760.000000,480.000000
4493,-2760.000000,480.000000
4494,-2720.000000,480.000000
4495,-2720.000000,520.000000
4496,-2720.000000,520.000000
4497,-2720.000000,480.000000
4498,-2720.000000,480.000000
4499,-2720.000000,480.000000
4500,-2720.000000,520.000000
4501,-2720.000000,480.000000
4502,-2720.000000,480.000000
4503,-2720.000000,480.000000
4504,-2720.000000,480.000000
4505,-2680.000000,480.000000
4506,-2680.000000,480.000000
4507,-2680.000000,480.000000
4508,-2680.000000,480.000000
4509,-2680.000000,480.000000
4510,-2680.000000,520.000000
4511,-2680.000000,480.000000
4512,-2680.000000,480.000000
4513,-2680.000000,480.000000
4514,-2680.000000,480.000000
4515,-2680.000000,480.000000
4516,-2680.000000,480.000000
4517,-2680.000000,520.000000
4518,-2680.000000,480.000000
4519,-2680.000000,520.000000
4520,-2640.000000,480.000000
4521,-2640.000000,480.000000
4522,-2680.000000,480.000000
4523,-2640.000000,520.000000
4524,-2640.000000,480.000000
4525,-2640.000000,520.000000
4526,-2640.000000,480.000000
4527,-2640.000000,480.000000
4528,-2640.000000,480.000000
4529,-2640.000000,480.000000
4530,-2640.000000,480.000000
4531,-2640.000000,520.000000
4532,-2640.000000,520.000000
4533,-2640.000000,480.000000
4534,-2640.000000,480.000000
4535,-2640.000000,480.000000
4536,-2600.000000,520.000000
4537,-2600.000000,480.000000
4538,-2600.000000,480.000000
4539,-2640.000000,480.000000
4540,-2640.000000,480.000000
4541,-2600.000000,480.000000
4542,-2600.000000,480.000000
4543,-2600.000000,480.000000
4544,-2600.000000,480.000000
4545,-2600.000000,480.000000
4546,-2600.000000,480.000000
4547,-2600.000000,480.000000
4548,-2600.000000,480.000000
4549,-2600.000000,480.000000
4550,-2560.000000,480.000000
4551,-2560.000000,480.000000
4552,-2560.000000,480.000000
4553,-2560.000000,480.000000
4554,-2560.000000,480.000000
4555,-2600.000000,480.000000
4556,-2600.000000,480.000000
4557,-2560.000000,520.000000
4558,-2560.000000,520.000000
4559,-2560.000000,480.000000
4560,-2560.000000,520.000000
4561,-2560.000000,480.000000
4562,-2560.000000,480.000000
4563,-2560.000000,480.000000
4564,-2560.000000,480.000000
4565,-2520.000000,480.000000
4566,-2520.000000,520.000000
4567,-2560.000000,480.000000
4568,-2560.000000,480.000000
4569,-2520.000000,480.000000
4570,-2560.000000,520.000000
4571,-2520.000000,480.000000
4572,-2560.000000,520.000000
4573,-2520.000000,520.000000
4574,-2520.000000,480.000000
4575,-2520.000000,520.000000
4576,-2520.000000,480.000000
4577,-2520.000000,480.000000
4578,-2520.000000,520.000000
4579,-2480.000000,480.000000
4580,-2520.000000,520.000000
4581,-2520.000000,520.000000
4582,-2520.000000,480.000000
4583,-2520.000000,480.000000
4584,-2520.000000,520.000000
4585,-2520.000000,480.000000
4586,-2520.000000,480.000000
4587,-2480.000000,480.000000
4588,-2520.000000,480.000000
4589,-2480.000000,480.000000
4590,-2480.000000,480.000000
4591,-2520.000000,480.000000
4592,-2480.000000,520.000000
4593,-2480.000000,480.000000
4594,-2480.000000,480.000000
4595,-2480.000000,480.000000
4596,-2480.000000,480.000000
4597,-2480.000000,480.000000
4598,-2480.000000,520.000000
4599,-2440.000000,480.000000
4600,-2480.000000,480.000000
4601,-2480.000000,520.000000
4602,-2480.000000,480.000000
4603,-2440.000000,480.000000
4604,-2480.000000,480.000000
4605,-2440.000000,480.000000
4606,-2440.000000,480.000000
4607,-2440.000000,480.000000
4608,-2440.000000,520.000000
4609,-2480.000000,480.000000
4610,-2440.000000,480.000000
4611,-2440.000000,520.000000
4612,-2440.000000,480.000000
4613,-2440.000000,480.000000
4614,-2440.000000,480.000000
4615,-2440.000000,520.000000
4616,-2440.000000,480.000000
4617,-2440.000000,480.000000
4618,-2440.000000,520.000000
4619,-2440.000000,480.000000
4620,-2440.000000,480.000000
4621,-2400.000000,480.000000
4622,-2400.000000,480.000000
4623,-2440.000000,480.000000
4624,-2400.000000,480.000000
4625,-2400.000000,480.000000
4626,-2400.000000,480.000000
4627,-2400.000000,480.000000
4628,-2400.000000,480.000000
4629,-2400.000000,480.000000
4630,-2400.000000,480.000000
4631,-2400.000000,520.000000
4632,-2400.000000,480.000000
4633,-2400.000000,480.000000
4634,-2400.000000,480.000000
4635,-2360.000000,520.000000
4636,-2400.000000,480.000000
4637,-2360.000000,520.000000
4638,-2400.000000,480.000000
4639,-2360.000000,480.000000
4640,-2360.000000,520.000000
4641,-2360.000000,480.000000
4642,-2360.000000,480.000000
4643,-2360.000000,520.000000
4644,-2360.000000,480.000000
4645,-2360.000000,520.000000
4646,-2360.000000,480.000000
4647,-2360.000000,480.000000
4648,-2360.000000,480.000000
4649,-2360.000000,480.000000
4650,-2360.000000,480.000000
4651,-2320.000000,520.000000
4652,-2320.000000,480.000000
4653,-2320.000000,480.000000
4654,-2320.000000,520.000000
4655,-2320.000000,480.000000
4656,-2360.000000,480.000000
4657,-2320.000000,480.000000
4658,-2320.000000,480.000000
4659,-2280.000000,480.000000
4660,-2320.000000,480.000000
4661,-2320.000000,480.000000
4662,-2320.000000,520.000000
4663,-2320.000000,480.000000
4664,-2320.000000,480.000000
4665,-2320.000000,480.000000
4666,-2320.000000,520.000000
4667,-2320.000000,520.000000
4668,-2360.000000,480.000000
4669,-2320.000000,520.000000
4670,-2320.000000,480.000000
4671,-2320.000000,480.000000
4672,-2320.000000,480.000000
4673,-2320.000000,480.000000
4674,-2280.000000,480.000000
4675,-2280.000000,480.000000
4676,-2280.000000,480.000000
4677,-2280.000000,480.000000
4678,-2280.000000,480.000000
4679,-2320.000000,480.000000
4680,-2280.000000,480.000000
4681,-2280.000000,520.000000
4682,-2280.000000,480.000000
4683,-2280.000000,480.000000
4684,-2280.000000,480.000000
4685,-2240.000000,480.000000
4686,-2240.000000,480.000000
4687,-2240.000000,520.000000
4688,-2280.000000,480.000000
4689,-2240.000000,480.000000
4690,-2280.000000,480.000000
4691,-2240.000000,480.000000
4692,-2240.000000,520.000000
4693,-2240.000000,480.000000
4694,-2240.000000,480.000000
4695,-2240.000000,480.000000
4696,-2240.000000,480.000000
4697,-2240.000000,480.000000
4698,-2240.000000,480.000000
4699,-2240.000000,520.000000
4700,-2240.000000,480.000000
4701,-2240.000000,520.000000
4702,-2240.000000,480.000000
4703,-2240.000000,520.000000
4704,-2240.000000,520.000000
4705,-2240.000000,480.000000
4706,-2200.000000,480.000000
4707,-2240.000000,520.000000
4708,-2200.000000,480.000000
4709,-2200.000000,480.000000
4710,-2200.000000,480.000000
4711,-2200.000000,480.000000
4712,-2200.000000,480.000000
4713,-2160.000000,480.000000
4714,-2200.000000,480.000000
4715,-2200.000000,480.000000
4716,-2200.000000,480.000000
4717,-2200.000000,480.000000
4718,-2200.000000,520.000000
4719,-2200.000000,480.000000
4720,-2200.000000,480.000000
4721,-2200.000000,520.000000
4722,-2160.000000,480.000000
4723,-2200.000000,520.000000
4724,-2160.000000,520.000000
4725,-2200.000000,480.000000
4726,-2160.000000,480.000000
4727,-2160.000000,480.000000
4728,-2160.000000,480.000000
4729,-2160.000000,480.000000
4730,-2160.000000,520.000000
4731,-2160.000000,480.000000
4732,-2120.000000,520.000000
4733,-2160.000000,480.000000
4734,-2120.000000,480.000000
4735,-2160.000000,520.000000
4736,-2160.000000,480.000000
4737,-2160.000000,480.000000
4738,-2120.000000,480.000000
4739,-2160.000000,480.000000
4740,-2120.000000,480.000000
4741,-2120.000000,480.000000
4742,-2160.000000,480.000000
4743,-2120.000000,480.000000
4744,-2120.000000,520.000000
4745,-2120.000000,520.000000
4746,-2120.000000,480.000000
4747,-2160.000000,480.000000
4748,-2120.000000,480.000000
4749,-2120.000000,520.000000
4750,-2120.000000,480.000000
4751,-2120.000000,480.000000
4752,-2080.000000,520.000000
4753,-2120.000000,480.000000
4754,-2120.000000,480.000000
4755,-2120.000000,480.000000
4756,-2120.000000,480.000000
4757,-2120.000000,480.000000
4758,-2080.000000,520.000000
4759,-2120.000000,480.000000
4760,-2080.000000,520.000000
4761,-2080.000000,480.000000
4762,-2080.000000,480.000000
4763,-2120.000000,480.000000
4764,-2080.000000,480.000000
4765,-2080.000000,520.000000
4766,-2080.000000,480.000000
4767,-2080.000000,520.000000
4768,-2080.000000,480.000000
4769,-2080.000000,520.000000
4770,-2080.000000,480.000000
4771,-2080.000000,480.000000
4772,-2080.000000,480.000000
4773,-2080.000000,480.000000
4774,-2080.000000,480.000000
4775,-2080.000000,520.000000
4776,-2080.000000,520.000000
4777,-2080.000000,480.000000
4778,-2080.000000,480.000000
4779,-2040.000000,520.000000
4780,-2040.000000,480.000000
4781,-2080.000000,480.000000
4782,-2040.000000,520.000000
4783,-2040.000000,520.000000
4784,-2040.000000,480.000000
4785,-2040.000000,520.000000
4786,-2040.000000,480.000000
4787,-2000.000000,520.000000
4788,-2040.000000,480.000000
4789,-2040.000000,520.000000
4790,-2000.000000,480.000000
4791,-2040.000000,520.000000
4792,-2000.000000,480.000000
4793,-2040.000000,520.000000
4794,-2000.000000,480.000000
4795,-2000.000000,520.000000
4796,-2000.000000,480.000000
4797,-2000.000000,480.000000
4798,-2000.000000,480.000000
4799,-2000.000000,480.000000
4800,-2000.000000,480.000000
4801,-2000.000000,480.000000
4802,-2000.000000,480.000000
4803,-2000.000000,480.000000
4804,-2000.000000,480.000000
4805,-2000.000000,480.000000
4806,-1960.000000,480.000000
4807,-2000.000000,480.000000
4808,-2000.000000,520.000000
4809,-1960.000000,480.000000
4810,-2000.000000,520.000000
4811,-1960.000000,480.000000
4812,-1960.000000,520.000000
4813,-1960.000000,480.000000
4814,-1960.000000,520.000000
4815,-1960.000000,520.000000
4816,-1960.000000,480.000000
4817,-1960.000000,520.000000
4818,-1960.000000,520.000000
4819,-1960.000000,480.000000
4820,-1960.000000,520.000000
4821,-1920.000000,480.000000
4822,-1960.000000,480.000000
4823,-1920.000000,520.000000
4824,-1960.000000,480.000000
4825,-1960.000000,520.000000
4826,-1960.000000,520.000000
4827,-1920.000000,520.000000
4828,-1960.000000,520.000000
4829,-1920.000000,480.000000
4830,-1960.000000,480.000000
4831,-1960.000000,480.000000
4832,-1920.000000,480.000000
4833,-1920.000000,480.000000
4834,-1920.000000,480.000000
4835,-1920.000000,480.000000
4836,-1920.000000,480.000000
4837,-1920.000000,480.000000
4838,-1920.000000,480.000000
4839,-1920.000000,480.000000
4840,-1920.000000,480.000000
4841,-1920.000000,480.000000
4842,-1880.000000,520.000000
4843,-1920.000000,480.000000
4844,-1920.000000,520.000000
4845,-1880.000000,480.000000
4846,-1920.000000,480.000000
4847,-1920.000000,520.000000
4848,-1880.000000,480.000000
4849,-1880.000000,480.000000
4850,-1880.000000,520.000000
4851,-1880.000000,520.000000
4852,-1880.000000,520.000000
4853,-1880.000000,480.000000
4854,-1880.000000,480.000000
4855,-1880.000000,480.000000
4856,-1880.000000,480.000000
4857,-1880.000000,520.000000
4858,-1880.000000,480.000000
4859,-1880.000000,480.000000
4860,-1880.000000,480.000000
4861,-1840.000000,480.000000
4862,-1840.000000,480.000000
4863,-1840.000000,480.000000
4864,-1880.000000,480.000000
4865,-1840.000000,480.000000
4866,-1840.000000,520.000000
4867,-1840.000000,480.000000
4868,-1840.000000,480.000000
4869,-1880.000000,480.000000
4870,-1880.000000,520.000000
4871,-1840.000000,480.000000
4872,-1840.000000,480.000000
4873,-1800.000000,480.000000
4874,-1840.000000,480.000000
4875,-1800.000000,480.000000
4876,-1840.000000,520.000000
4877,-1800.000000,480.000000
4878,-1800.000000,480.000000
4879,-1800.000000,480.000000
4880,-1800.000000,480.000000
4881,-1840.000000,520.000000
4882,-1800.000000,480.000000
4883,-1800.000000,520.000000
4884,-1800.000000,520.000000
4885,-1800.000000,520.000000
4886,-1800.000000,480.000000
4887,-1800.000000,480.000000
4888,-1800.000000,480.000000
4889,-1800.000000,480.000000
4890,-1760.000000,520.000000
4891,-1800.000000,480.000000
4892,-1800.000000,520.000000
4893,-1760.000000,520.000000
4894,-1800.000000,520.000000
4895,-1800.000000,480.000000
4896,-1760.000000,480.000000
4897,-1760.000000,480.000000
4898,-1760.000000,520.000000
4899,-1800.000000,520.000000
4900,-1760.000000,480.000000
4901,-1760.000000,520.000000
4902,-1760.000000,480.000000
4903,-1760.000000,520.000000
4904,-1760.000000,480.000000
4905,-1800.000000,480.000000
4906,-1760.000000,480.000000
4907,-1760.000000,480.000000
4908,-1760.000000,480.000000
4909,-1760.000000,480.000000
4910,-1760.000000,480.000000
4911,-1720.000000,480.000000
4912,-1760.000000,480.000000
4913,-1760.000000,480.000000
4914,-1720.000000,480.000000
4915,-1720.000000,520.000000
4916,-1720.000000,480.000000
4917,-1720.000000,480.000000
4918,-1720.000000,480.000000
4919,-1720.000000,480.000000
4920,-1720.000000,480.000000
4921,-1720.000000,480.000000
4922,-1720.000000,480.000000
4923,-1720.000000,480.000000
4924,-1720.000000,520.000000
4925,-1680.000000,480.000000
4926,-1720.000000,480.000000
4927,-1720.000000,520.000000
4928,-1680.000000,520.000000
4929,-1680.000000,480.000000
4930,-1680.000000,480.000000
4931,-1680.000000,480.000000
4932,-1680.000000,480.000000
4933,-1680.000000,480.000000
4934,-1680.000000,480.000000
4935,-1680.000000,480.000000
4936,-1680.000000,480.000000
4937,-1680.000000,480.000000
4938,-1680.000000,480.000000
4939,-1680.000000,480.000000
4940,-1680.000000,480.000000
4941,-1680.000000,480.000000
4942,-1680.000000,520.000000
4943,-1680.000000,480.000000
4944,-1680.000000,480.000000
4945,-1680.000000,480.000000
4946,-1680.000000,480.000000
4947,-1640.000000,480.000000
4948,-1680.000000,480.000000
4949,-1640.000000,480.000000
4950,-1640.000000,520.000000
4951,-1640.000000,520.000000
4952,-1640.000000,480.000000
4953,-1640.000000,480.000000
4954,-1640.000000,480.000000
4955,-1640.000000,480.000000
4956,-1640.000000,480.000000
4957,-1640.000000,520.000000
4958,-1640.000000,520.000000
4959,-1640.000000,480.000000
4960,-1640.000000,480.000000
4961,-1640.000000,480.000000
4962,-1640.000000,480.000000
4963,-1600.000000,480.000000
4964,-1640.000000,480.000000
4965,-1600.000000,480.000000
4966,-1600.000000,480.000000
4967,-1600.000000,480.000000
4968,-1600.000000,480.000000
4969,-1600.000000,480.000000
4970,-1600.000000,480.000000
4971,-1600.000000,520.000000
4972,-1600.000000,480.000000
4973,-1600.000000,480.000000
4974,-1600.000000,520.000000
4975,-1560.000000,480.000000
4976,-1600.000000,480.000000
4977,-1600.000000,480.000000
4978,-1600.000000,520.000000
4979,-1600.000000,480.000000
4980,-1600.000000,480.000000
4981,-1600.000000,520.000000
4982,-1560.000000,480.000000
4983,-1560.000000,480.000000
4984,-1560.000000,480.000000
4985,-1560.000000,480.000000
4986,-1560.000000,480.000000
4987,-1560.000000,480.000000
4988,-1560.000000,480.000000
4989,-1560.000000,480.000000
4990,-1560.000000,520.000000
4991,-1560.000000,480.000000
4992,-1560.000000,480.000000
4993,-1560.000000,480.000000
4994,-1560.000000,480.000000
4995,-1560.000000,480.000000
4996,-1520.000000,480.000000
4997,-1560.000000,480.000000
4998,-1560.000000,480.000000
4999,-1560.000000,480.000000
5000,-1560.000000,520.000000
5001,-1560.000000,480.000000
5002,-1520.000000,520.000000
5003,-1520.000000,480.000000
5004,-1520.000000,520.000000
5005,-1520.000000,520.000000
5006,-1520.000000,480.000000
5007,-1520.000000,480.000000
5008,-1560.000000,520.000000
5009,-1520.000000,480.000000
5010,-1520.000000,480.000000
5011,-1520.000000,520.000000
5012,-1520.000000,480.000000
5013,-1520.000000,520.000000
5014,-1520.000000,480.000000
5015,-1520.000000,520.000000
5016,-1520.000000,520.000000
5017,-1520.000000,480.000000
5018,-1480.000000,480.000000
5019,-1480.000000,480.000000
5020,-1560.000000,480.000000
5021,-1560.000000,-480.000000
5022,-1600.000000,-520.000000
5023,-1600.000000,-520.000000
5024,-1600.000000,-520.000000
5025,-1600.000000,-520.000000
5026,-1640.000000,-520.000000
5027,-1600.000000,-520.000000
5028,-1600.000000,-480.000000
5029,-1560.000000,-520.000000
5030,-1400.000000,-520.000000
5031,-1240.000000,-480.000000
5032,-1040.000000,-520.000000
5033,-880.000000,-520.000000
5034,-720.000000,-480.000000
5035,-560.000000,-480.000000
5036,-360.000000,-480.000000
5037,-200.000000,-480.000000
5038,-40.000000,-480.000000
5039,120.000000,-520.000000
5040,280.000000,-480.000000
5041,480.000000,-480.000000
5042,640.000000,-480.000000
5043,800.000000,-480.000000
5044,960.000000,-480.000000
5045,1080.000000,-480.000000
5046,1240.000000,-520.000000
5047,1320.000000,-480.000000
5048,1400.000000,-480.000000
5049,1440.000000,-480.000000
5050,1480.000000,-480.000000
5051,1480.000000,-480.000000
5052,1480.000000,-480.000000
5053,1520.000000,-480.000000
5054,1480.000000,-480.000000
5055,1520.000000,-480.000000
5056,1520.000000,-480.000000
5057,1520.000000,-480.000000
5058,1520.000000,-480.000000
5059,1520.000000,-520.000000
5060,1520.000000,-480.000000
5061,1560.000000,-480.000000
5062,1520.000000,-480.000000
5063,1520.000000,-480.000000
5064,1520.000000,-520.000000
5065,1560.000000,-480.000000
5066,1520.000000,-480.000000
5067,1520.000000,-480.000000
5068,1560.000000,-480.000000
5069,1520.000000,-480.000000
5070,1560.000000,-480.000000
5071,1560.000000,-480.000000
5072,1560.000000,-480.000000
5073,1560.000000,-480.000000
5074,1560.000000,-520.000000
5075,1560.000000,-480.000000
5076,1560.000000,-480.000000
5077,1560.000000,-480.000000
5078,1560.000000,-480.000000
5079,1560.000000,-480.000000
5080,1560.000000,-480.000000
5081,1560.000000,-520.000000
5082,1600.000000,-480.000000
5083,1560.000000,-480.000000
5084,1560.000000,-480.000000
5085,1600.000000,-480.000000
5086,1600.000000,-480.000000
5087,1600.000000,-480.000000
5088,1600.000000,-520.000000
5089,1600.000000,-520.000000
5090,1600.000000,-520.000000
5091,1600.000000,-480.000000
5092,1600.000000,-480.000000
5093,1600.000000,-480.000000
5094,1600.000000,-480.000000
5095,1600.000000,-480.000000
5096,1600.000000,-480.000000
5097,1640.000000,-520.000000
5098,1600.000000,-520.000000
5099,1640.000000,-480.000000
5100,1600.000000,-480.000000
5101,1640.000000,-480.000000
5102,1640.000000,-520.000000
5103,1640.000000,-480.000000
5104,1640.000000,-480.000000
5105,1640.000000,-480.000000
5106,1640.000000,-480.000000
5107,1640.000000,-480.000000
5108,1640.000000,-480.000000
5109,1640.000000,-520.000000
5110,1640.000000,-480.000000
5111,1640.000000,-480.000000
5112,1640.000000,-480.000000
5113,1640.000000,-480.000000
5114,1680.000000,-480.000000
5115,1640.000000,-480.000000
5116,1680.000000,-480.000000
5117,1680.000000,-480.000000
5118,1640.000000,-520.000000
5119,1640.000000,-480.000000
5120,1680.000000,-480.000000
5121,1640.000000,-480.000000
5122,1680.000000,-480.000000
5123,1640.000000,-480.000000
5124,1680.000000,-480.000000
5125,1680.000000,-480.000000
5126,1680.000000,-480.000000
5127,1680.000000,-480.000000
5128,1680.000000,-480.000000
5129,1640.000000,-480.000000
5130,1680.000000,-480.000000
5131,1680.000000,-480.000000
5132,1680.000000,-480.000000
5133,1680.000000,-480.000000
5134,1680.000000,-480.000000
5135,1720.000000,-480.000000
5136,1720.000000,-480.000000
5137,1680.000000,-520.000000
5138,1720.000000,-480.000000
5139,1720.000000,-480.000000
5140,1720.000000,-520.000000
5141,1720.000000,-480.000000
5142,1720.000000,-520.000000
5143,1720.000000,-480.000000
5144,1720.000000,-480.000000
5145,1720.000000,-520.000000
5146,1720.000000,-480.000000
5147,1760.000000,-480.000000
5148,1760.000000,-520.000000
5149,1720.000000,-480.000000
5150,1760.000000,-520.000000
5151,1760.000000,-520.000000
5152,1720.000000,-520.000000
5153,1760.000000,-480.000000
5154,1720.000000,-480.000000
5155,1760.000000,-520.000000
5156,1760.000000,-480.000000
5157,1760.000000,-480.000000
5158,1760.000000,-480.000000
5159,1760.000000,-480.000000
5160,1760.000000,-480.000000
5161,1760.000000,-520.000000
5162,1760.000000,-480.000000
5163,1760.000000,-480.000000
5164,1760.000000,-480.000000
5165,1760.000000,-480.000000
5166,1760.000000,-480.000000
5167,1760.000000,-520.000000
5168,1800.000000,-480.000000
5169,1800.000000,-480.000000
5170,1800.000000,-480.000000
5171,1800.000000,-480.000000
5172,1800.000000,-480.000000
5173,1800.000000,-480.000000
5174,1800.000000,-480.000000
5175,1800.000000,-480.000000
5176,1800.000000,-480.000000
5177,1800.000000,-480.000000
5178,1800.000000,-520.000000
5179,1800.000000,-480.000000
5180,1800.000000,-480.000000
5181,1800.000000,-480.000000
5182,1800.000000,-480.000000
5183,1840.000000,-520.000000
5184,1800.000000,-520.000000
5185,1840.000000,-520.000000
5186,1800.000000,-480.000000
5187,1840.000000,-480.000000
5188,1840.000000,-520.000000
5189,1840.000000,-480.000000
5190,1840.000000,-480.000000
5191,1840.000000,-520.000000
5192,1840.000000,-520.000000
5193,1840.000000,-480.000000
5194,1840.000000,-480.000000
5195,1840.000000,-520.000000
5196,1840.000000,-480.000000
5197,1840.000000,-520.000000
5198,1840.000000,-520.000000
5199,1880.000000,-520.000000
5200,1840.000000,-480.000000
5201,1840.000000,-480.000000
5202,1880.000000,-480.000000
5203,1840.000000,-480.000000
5204,1880.000000,-520.000000
5205,1880.000000,-480.000000
5206,1840.000000,-520.000000
5207,1880.000000,-480.000000
5208,1880.000000,-480.000000
5209,1880.000000,-520.000000
5210,1880.000000,-480.000000
5211,1880.000000,-480.000000
5212,1880.000000,-520.000000
5213,1880.000000,-480.000000
5214,1920.000000,-520.000000
5215,1880.000000,-520.000000
5216,1880.000000,-480.000000
5217,1880.000000,-520.000000
5218,1880.000000,-480.000000
5219,1920.000000,-480.000000
5220,1920.000000,-480.000000
5221,1920.000000,-480.000000
5222,1920.000000,-480.000000
5223,1920.000000,-480.000000
5224,1920.000000,-520.000000
5225,1920.000000,-480.000000
5226,1920.000000,-480.000000
5227,1920.000000,-480.000000
5228,1920.000000,-480.000000
5229,1920.000000,-480.000000
5230,1920.000000,-480.000000
5231,1920.000000,-480.000000
5232,1960.000000,-480.000000
5233,1920.000000,-520.000000
5234,1920.000000,-520.000000
5235,1920.000000,-480.000000
5236,1920.000000,-480.000000
5237,1920.000000,-480.000000
5238,1920.000000,-480.000000
5239,1960.000000,-480.000000
5240,1960.000000,-480.000000
5241,1920.000000,-520.000000
5242,1920.000000,-520.000000
5243,1960.000000,-480.000000
5244,1960.000000,-480.000000
5245,1960.000000,-480.000000
5246,1960.000000,-480.000000
5247,1960.000000,-480.000000
5248,1960.000000,-480.000000
5249,1960.000000,-480.000000
5250,1960.000000,-480.000000
5251,1960.000000,-480.000000
5252,1960.000000,-480.000000
5253,1960.000000,-480.000000
5254,2000.000000,-480.000000
5255,2000.000000,-480.000000
5256,1960.000000,-480.000000
5257,2000.000000,-480.000000
5258,2000.000000,-520.000000
5259,2000.000000,-480.000000
5260,1960.000000,-520.000000
5261,1960.000000,-520.000000
5262,2000.000000,-480.000000
5263,2000.000000,-480.000000
5264,2000.000000,-480.000000
5265,2000.000000,-520.000000
5266,2000.000000,-520.000000
5267,2000.000000,-480.000000
5268,2000.000000,-520.000000
5269,2000.000000,-480.000000
5270,2000.000000,-480.000000
5271,2040.000000,-480.000000
5272,2040.000000,-480.000000
5273,2040.000000,-480.000000
5274,2040.000000,-520.000000
5275,2000.000000,-480.000000
5276,2040.000000,-480.000000
5277,2040.000000,-520.000000
5278,2040.000000,-480.000000
5279,2040.000000,-520.000000
5280,2040.000000,-520.000000
5281,2040.000000,-520.000000
5282,2040.000000,-520.000000
5283,2040.000000,-480.000000
5284,2040.000000,-480.000000
5285,2040.000000,-480.000000
5286,2040.000000,-480.000000
5287,2040.000000,-520.000000
5288,2040.000000,-520.000000
5289,2080.000000,-520.000000
5290,2080.000000,-480.000000
5291,2080.000000,-480.000000
5292,2040.000000,-480.000000
5293,2080.000000,-480.000000
5294,2080.000000,-520.000000
5295,2080.000000,-520.000000
5296,2040.000000,-480.000000
5297,2080.000000,-480.000000
5298,2080.000000,-480.000000
5299,2080.000000,-480.000000
5300,2120.000000,-520.000000
5301,2080.000000,-520.000000
5302,2080.000000,-480.000000
5303,2080.000000,-480.000000
5304,2120.000000,-520.000000
5305,2080.000000,-480.000000
5306,2080.000000,-480.000000
5307,2120.000000,-480.000000
5308,2120.000000,-520.000000
5309,2120.000000,-520.000000
5310,2120.000000,-480.000000
5311,2120.000000,-480.000000
5312,2120.000000,-480.000000
5313,2120.000000,-480.000000
5314,2120.000000,-480.000000
5315,2120.000000,-520.000000
5316,2120.000000,-480.000000
5317,2120.000000,-480.000000
5318,2120.000000,-520.000000
5319,2120.000000,-480.000000
5320,2160.000000,-480.000000
5321,2120.000000,-480.000000
5322,2160.000000,-480.000000
5323,2160.000000,-520.000000
5324,2120.000000,-480.000000
5325,2160.000000,-520.000000
5326,2120.000000,-520.000000
5327,2120.000000,-480.000000
5328,2160.000000,-480.000000
5329,2160.000000,-520.000000
5330,2160.000000,-480.000000
5331,2160.000000,-480.000000
5332,2160.000000,-480.000000
5333,2160.000000,-480.000000
5334,2160.000000,-480.000000
5335,2200.000000,-520.000000
5336,2160.000000,-520.000000
5337,2160.000000,-520.000000
5338,2160.000000,-480.000000
5339,2200.000000,-520.000000
5340,2200.000000,-520.000000
5341,2200.000000,-480.000000
5342,2200.000000,-480.000000
5343,2160.000000,-480.000000
5344,2200.000000,-480.000000
5345,2200.000000,-480.000000
5346,2240.000000,-480.000000
5347,2200.000000,-480.000000
5348,2200.000000,-520.000000
5349,2200.000000,-480.000000
5350,2200.000000,-480.000000
5351,2240.000000,-520.000000
5352,2200.000000,-480.000000
5353,2200.000000,-520.000000
5354,2200.000000,-480.000000
5355,2240.000000,-480.000000
5356,2240.000000,-480.000000
5357,2240.000000,-480.000000
5358,2240.000000,-480.000000
5359,2240.000000,-480.000000
5360,2240.000000,-480.000000
5361,2240.000000,-480.000000
5362,2240.000000,-520.000000
5363,2240.000000,-480.000000
5364,2240.000000,-480.000000
5365,2240.000000,-480.000000
5366,2240.000000,-480.000000
5367,2240.000000,-480.000000
5368,2240.000000,-480.000000
5369,2240.000000,-480.000000
5370,2240.000000,-480.000000
5371,2280.000000,-480.000000
5372,2280.000000,-480.000000
5373,2240.000000,-480.000000
5374,2280.000000,-480.000000
5375,2240.000000,-480.000000
5376,2280.000000,-480.000000
5377,2240.000000,-480.000000
5378,2280.000000,-480.000000
5379,2280.000000,-480.000000
5380,2280.000000,-520.000000
5381,2280.000000,-480.000000
5382,2280.000000,-520.000000
5383,2280.000000,-480.000000
5384,2280.000000,-480.000000
5385,2280.000000,-480.000000
5386,2280.000000,-520.000000
5387,2280.000000,-480.000000
5388,2280.000000,-520.000000
5389,2320.000000,-480.000000
5390,2320.000000,-480.000000
5391,2320.000000,-520.000000
5392,2320.000000,-480.000000
5393,2320.000000,-480.000000
5394,2320.000000,-480.000000
5395,2320.000000,-520.000000
5396,2320.000000,-520.000000
5397,2320.000000,-520.000000
5398,2320.000000,-480.000000
5399,2320.000000,-480.000000
5400,2280.000000,-480.000000
5401,2320.000000,-520.000000
5402,2320.000000,-480.000000
5403,2320.000000,-480.000000
5404,2320.000000,-480.000000
5405,2320.000000,-520.000000
5406,2360.000000,-520.000000
5407,2360.000000,-480.000000
5408,2360.000000,-480.000000
5409,2360.000000,-480.000000
5410,2320.000000,-480.000000
5411,2360.000000,-520.000000
5412,2360.000000,-480.000000
5413,2320.000000,-480.000000
5414,2360.000000,-480.000000
5415,2320.000000,-480.000000
5416,2360.000000,-480.000000
5417,2360.000000,-480.000000
5418,2360.000000,-480.000000
5419,2360.000000,-480.000000
5420,2360.000000,-480.000000
5421,2360.000000,-480.000000
5422,2400.000000,-480.000000
5423,2400.000000,-480.000000
5424,2400.000000,-480.000000
5425,2360.000000,-480.000000
5426,2400.000000,-480.000000
5427,2400.000000,-480.000000
5428,2400.000000,-480.000000
5429,2400.000000,-480.000000
5430,2400.000000,-480.000000
5431,2400.000000,-480.000000
5432,2400.000000,-480.000000
5433,2400.000000,-480.000000
5434,2400.000000,-480.000000
5435,2400.000000,-480.000000
5436,2400.000000,-520.000000
5437,2400.000000,-520.000000
5438,2400.000000,-520.000000
5439,2400.000000,-480.000000
5440,2440.000000,-520.000000
5441,2440.000000,-480.000000
5442,2400.000000,-480.000000
5443,2440.000000,-480.000000
5444,2440.000000,-520.000000
5445,2440.000000,-520.000000
5446,2440.000000,-480.000000
5447,2440.000000,-480.000000
5448,2440.000000,-520.000000
5449,2440.000000,-480.000000
5450,2440.000000,-520.000000
5451,2440.000000,-480.000000
5452,2440.000000,-480.000000
5453,2480.000000,-480.000000
5454,2440.000000,-480.000000
5455,2440.000000,-480.000000
5456,2440.000000,-520.000000
5457,2440.000000,-520.000000
5458,2440.000000,-520.000000
5459,2480.000000,-480.000000
5460,2480.000000,-480.000000
5461,2480.000000,-520.000000
5462,2480.000000,-520.000000
5463,2480.000000,-520.000000
5464,2480.000000,-480.000000
5465,2480.000000,-520.000000
5466,2480.000000,-480.000000
5467,2480.000000,-480.000000
5468,2480.000000,-520.000000
5469,2480.000000,-480.000000
5470,2480.000000,-480.000000
5471,2480.000000,-480.000000
5472,2480.000000,-480.000000
5473,2480.000000,-480.000000
5474,2520.000000,-480.000000
5475,2520.000000,-440.000000
5476,2520.000000,-520.000000
5477,2520.000000,-480.000000
5478,2520.000000,-480.000000
5479,2520.000000,-480.000000
5480,2520.000000,-480.000000
5481,2520.000000,-480.000000
5482,2520.000000,-520.000000
5483,2520.000000,-520.000000
5484,2520.000000,-480.000000
5485,2520.000000,-480.000000
5486,2520.000000,-480.000000
5487,2520.000000,-480.000000
5488,2560.000000,-480.000000
5489,2520.000000,-480.000000
5490,2560.000000,-480.000000
5491,2560.000000,-480.000000
5492,2560.000000,-480.000000
5493,2520.000000,-480.000000
5494,2560.000000,-520.000000
5495,2520.000000,-480.000000
5496,2520.000000,-520.000000
5497,2520.000000,-520.000000
5498,2560.000000,-480.000000
5499,2560.000000,-480.000000
5500,2560.000000,-480.000000
5501,2560.000000,-520.000000
5502,2560.000000,-480.000000
5503,2600.000000,-480.000000
5504,2560.000000,-480.000000
5505,2560.000000,-480.000000
5506,2560.000000,-480.000000
5507,2560.000000,-480.000000
5508,2560.000000,-520.000000
5509,2560.000000,-520.000000
5510,2600.000000,-480.000000
5511,2600.000000,-480.000000
5512,2560.000000,-520.000000
5513,2600.000000,-480.000000
5514,2600.000000,-480.000000
5515,2600.000000,-480.000000
5516,2600.000000,-480.000000
5517,2600.000000,-480.000000
5518,2600.000000,-480.000000
5519,2600.000000,-480.000000
5520,2600.000000,-480.000000
5521,2600.000000,-480.000000
5522,2640.000000,-480.000000
5523,2600.000000,-480.000000
5524,2640.000000,-520.000000
5525,2600.000000,-480.000000
5526,2600.000000,-480.000000
5527,2600.000000,-480.000000
5528,2640.000000,-480.000000
5529,2640.000000,-480.000000
5530,2640.000000,-480.000000
5531,2600.000000,-480.000000
5532,2640.000000,-520.000000
5533,2640.000000,-480.000000
5534,2640.000000,-480.000000
5535,2640.000000,-480.000000
5536,2640.000000,-480.000000
5537,2640.000000,-480.000000
5538,2640.000000,-480.000000
5539,2680.000000,-480.000000
5540,2640.000000,-480.000000
5541,2680.000000,-520.000000
5542,2640.000000,-520.000000
5543,2680.000000,-480.000000
5544,2680.000000,-480.000000
5545,2640.000000,-520.000000
5546,2680.000000,-480.000000
5547,2680.000000,-480.000000
5548,2680.000000,-480.000000
5549,2680.000000,-480.000000
5550,2680.000000,-480.000000
5551,2680.000000,-480.000000
5552,2640.000000,-480.000000
5553,2680.000000,-480.000000
5554,2680.000000,-480.000000
5555,2680.000000,-480.000000
5556,2680.000000,-480.000000
5557,2680.000000,-480.000000
5558,2680.000000,-480.000000
5559,2680.000000,-480.000000
5560,2720.000000,-480.000000
5561,2720.000000,-520.000000
5562,2720.000000,-520.000000
5563,2720.000000,-480.000000
5564,2720.000000,-480.000000
5565,2680.000000,-480.000000
5566,2720.000000,-520.000000
5567,2720.000000,-480.000000
5568,2720.000000,-480.000000
5569,2720.000000,-520.000000
5570,2720.000000,-480.000000
5571,2720.000000,-520.000000
5572,2720.000000,-480.000000
5573,2720.000000,-480.000000
5574,2760.000000,-480.000000
5575,2720.000000,-520.000000
5576,2760.000000,-480.000000
5577,2720.000000,-480.000000
5578,2720.000000,-480.000000
5579,2760.000000,-520.000000
5580,2760.000000,-520.000000
5581,2760.000000,-480.000000
5582,2760.000000,-480.000000
5583,2760.000000,-520.000000
5584,2760.000000,-480.000000
5585,2760.000000,-480.000000
5586,2760.000000,-520.000000
5587,2760.000000,-480.000000
5588,2760.000000,-480.000000
5589,2760.000000,-480.000000
5590,2800.000000,-480.000000
5591,2760.000000,-520.000000
5592,2760.000000,-520.000000
5593,2760.000000,-480.000000
5594,2760.000000,-480.000000
5595,2800.000000,-480.000000
5596,2760.000000,-520.000000
5597,2800.000000,-520.000000
5598,2760.000000,-480.000000
5599,2800.000000,-480.000000
5600,2800.000000,-520.000000
5601,2800.000000,-520.000000
5602,2800.000000,-520.000000
5603,2800.000000,-520.000000
5604,2800.000000,-520.000000
5605,2800.000000,-520.000000
5606,2800.000000,-520.000000
5607,2800.000000,-480.000000
5608,2800.000000,-480.000000
5609,2840.000000,-520.000000
5610,2800.000000,-480.000000
5611,2800.000000,-480.000000
5612,2840.000000,-520.000000
5613,2840.000000,-520.000000
5614,2840.000000,-480.000000
5615,2840.000000,-480.000000
5616,2840.000000,-480.000000
5617,2840.000000,-480.000000
5618,2840.000000,-520.000000
5619,2840.000000,-480.000000
5620,2840.000000,-480.000000
5621,2840.000000,-480.000000
5622,2880.000000,-480.000000
5623,2840.000000,-520.000000
5624,2840.000000,-480.000000
5625,2880.000000,-480.000000
5626,2840.000000,-480.000000
5627,2840.000000,-520.000000
5628,2840.000000,-480.000000
5629,2840.000000,-520.000000
5630,2840.000000,-480.000000
5631,2840.000000,-480.000000
5632,2880.000000,-520.000000
5633,2840.000000,-480.000000
5634,2880.000000,-520.000000
5635,2880.000000,-480.000000
5636,2880.000000,-480.000000
5637,2880.000000,-480.000000
5638,2880.000000,-520.000000
5639,2880.000000,-520.000000
5640,2880.000000,-480.000000
5641,2880.000000,-520.000000
5642,2880.000000,-480.000000
5643,2880.000000,-480.000000
5644,2880.000000,-480.000000
5645,2920.000000,-480.000000
5646,2880.000000,-480.000000
5647,2880.000000,-520.000000
5648,2920.000000,-520.000000
5649,2920.000000,-520.000000
5650,2880.000000,-520.000000
5651,2880.000000,-520.000000
5652,2880.000000,-520.000000
5653,2880.000000,-480.000000
5654,2880.000000,-480.000000
5655,2880.000000,-520.000000
5656,2880.000000,-480.000000
5657,2880.000000,-520.000000
5658,2880.000000,-480.000000
5659,2840.000000,-480.000000
5660,2880.000000,-480.000000
5661,2880.000000,-520.000000
5662,2880.000000,-480.000000
5663,2880.000000,-480.000000
5664,2880.000000,-520.000000
5665,2840.000000,-480.000000
5666,2840.000000,-480.000000
5667,2840.000000,-520.000000
5668,2840.000000,-480.000000
5669,2840.000000,-480.000000
5670,2840.000000,-520.000000
5671,2840.000000,-480.000000
5672,2840.000000,-480.000000
5673,2840.000000,-480.000000
5674,2840.000000,-520.000000
5675,2840.000000,-480.000000
5676,2840.000000,-480.000000
5677,2840.000000,-480.000000
5678,2840.000000,-480.000000
5679,2800.000000,-480.000000
5680,2800.000000,-520.000000
5681,2840.000000,-480.000000
5682,2840.000000,-520.000000
5683,2800.000000,-520.000000
5684,2800.000000,-480.000000
5685,2800.000000,-480.000000
5686,2840.000000,-520.000000
5687,2800.000000,-520.000000
5688,2800.000000,-520.000000
5689,2800.000000,-480.000000
5690,2800.000000,-480.000000
5691,2800.000000,-480.000000
5692,2800.000000,-520.000000
5693,2800.000000,-480.000000
5694,2800.000000,-520.000000
5695,2800.000000,-480.000000
5696,2800.000000,-480.000000
5697,2760.000000,-520.000000
5698,2800.000000,-520.000000
5699,2760.000000,-480.000000
5700,2760.000000,-480.000000
5701,2760.000000,-480.000000
5702,2760.000000,-480.000000
5703,2760.000000,-480.000000
5704,2800.000000,-480.000000
5705,2760.000000,-480.000000
5706,2760.000000,-480.000000
5707,2760.000000,-480.000000
5708,2760.000000,-480.000000
5709,2760.000000,-480.000000
5710,2720.000000,-480.000000
5711,2760.000000,-480.000000
5712,2760.000000,-480.000000
5713,2760.000000,-480.000000
5714,2720.000000,-520.000000
5715,2720.000000,-520.000000
5716,2720.000000,-480.000000
5717,2760.000000,-480.000000
5718,2720.000000,-520.000000
5719,2720.000000,-480.000000
5720,2720.000000,-520.000000
5721,2720.000000,-480.000000
5722,2720.000000,-480.000000
5723,2720.000000,-480.000000
5724,2720.000000,-480.000000
5725,2720.000000,-480.000000
5726,2720.000000,-480.000000
5727,2720.000000,-480.000000
5728,2720.000000,-480.000000
5729,2720.000000,-480.000000
5730,2720.000000,-520.000000
5731,2720.000000,-480.000000
5732,2680.000000,-480.000000
5733,2720.000000,-480.000000
5734,2720.000000,-480.000000
5735,2680.000000,-480.000000
5736,2720.000000,-520.000000
5737,2720.000000,-480.000000
5738,2680.000000,-480.000000
5739,2680.000000,-480.000000
5740,2680.000000,-480.000000
5741,2680.000000,-480.000000
5742,2680.000000,-480.000000
5743,2680.000000,-480.000000
5744,2680.000000,-480.000000
5745,2680.000000,-480.000000
5746,2680.000000,-520.000000
5747,2680.000000,-480.000000
5748,2640.000000,-480.000000
5749,2680.000000,-520.000000
5750,2640.000000,-480.000000
5751,2680.000000,-480.000000
5752,2680.000000,-480.000000
5753,2640.000000,-520.000000
5754,2640.000000,-480.000000
5755,2640.000000,-520.000000
5756,2640.000000,-480.000000
5757,2680.000000,-480.000000
5758,2640.000000,-480.000000
5759,2640.000000,-520.000000
5760,2640.000000,-480.000000
5761,2640.000000,-480.000000
5762,2640.000000,-480.000000
5763,2640.000000,-520.000000
5764,2640.000000,-520.000000
5765,2640.000000,-480.000000
5766,2640.000000,-480.000000
5767,2640.000000,-480.000000
5768,2600.000000,-520.000000
5769,2640.000000,-480.000000
5770,2640.000000,-480.000000
5771,2600.000000,-520.000000
5772,2600.000000,-480.000000
5773,2600.000000,-480.000000
5774,2640.000000,-520.000000
5775,2600.000000,-520.000000
5776,2600.000000,-480.000000
5777,2600.000000,-480.000000
5778,2600.000000,-520.000000
5779,2600.000000,-520.000000
5780,2600.000000,-480.000000
5781,2600.000000,-480.000000
5782,2600.000000,-480.000000
5783,2600.000000,-480.000000
5784,2560.000000,-520.000000
5785,2560.000000,-480.000000
5786,2560.000000,-520.000000
5787,2560.000000,-480.000000
5788,2560.000000,-480.000000
5789,2600.000000,-520.000000
5790,2560.000000,-480.000000
5791,2560.000000,-480.000000
5792,2560.000000,-520.000000
5793,2560.000000,-480.000000
5794,2560.000000,-480.000000
5795,2560.000000,-480.000000
5796,2560.000000,-480.000000
5797,2560.000000,-520.000000
5798,2520.000000,-480.000000
5799,2560.000000,-520.000000
5800,2520.000000,-480.000000
5801,2520.000000,-480.000000
5802,2560.000000,-520.000000
5803,2520.000000,-520.000000
5804,2520.000000,-480.000000
5805,2520.000000,-480.000000
5806,2520.000000,-480.000000
5807,2520.000000,-480.000000
5808,2520.000000,-480.000000
5809,2520.000000,-480.000000
5810,2520.000000,-480.000000
5811,2520.000000,-520.000000
5812,2520.000000,-480.000000
5813,2520.000000,-520.000000
5814,2520.000000,-520.000000
5815,2520.000000,-480.000000
5816,2520.000000,-520.000000
5817,2520.000000,-480.000000
5818,2520.000000,-480.000000
5819,2520.000000,-520.000000
5820,2480.000000,-480.000000
5821,2480.000000,-480.000000
5822,2480.000000,-480.000000
5823,2480.000000,-480.000000
5824,2480.000000,-480.000000
5825,2480.000000,-480.000000
5826,2480.000000,-480.000000
5827,2440.000000,-480.000000
5828,2480.000000,-480.000000
5829,2480.000000,-480.000000
5830,2480.000000,-480.000000
5831,2480.000000,-480.000000
5832,2440.000000,-520.000000
5833,2480.000000,-480.000000
5834,2440.000000,-480.000000
5835,2480.000000,-480.000000
5836,2480.000000,-480.000000
5837,2440.000000,-480.000000
5838,2440.000000,-480.000000
5839,2440.000000,-480.000000
5840,2440.000000,-480.000000
5841,2440.000000,-480.000000
5842,2400.000000,-480.000000
5843,2440.000000,-520.000000
5844,2440.000000,-480.000000
5845,2440.000000,-480.000000
5846,2440.000000,-480.000000
5847,2440.000000,-480.000000
5848,2400.000000,-480.000000
5849,2440.000000,-520.000000
5850,2440.000000,-480.000000
5851,2440.000000,-520.000000
5852,2400.000000,-480.000000
5853,2440.000000,-520.000000
5854,2440.000000,-480.000000
5855,2400.000000,-480.000000
5856,2440.000000,-480.000000
5857,2440.000000,-520.000000
5858,2440.000000,-480.000000
5859,2400.000000,-480.000000
5860,2400.000000,-480.000000
5861,2400.000000,-480.000000
5862,2400.000000,-480.000000
5863,2400.000000,-480.000000
5864,2400.000000,-480.000000
5865,2400.000000,-480.000000
5866,2400.000000,-480.000000
5867,2400.000000,-520.000000
5868,2400.000000,-480.000000
5869,2360.000000,-480.000000
5870,2360.000000,-480.000000
5871,2360.000000,-480.000000
5872,2360.000000,-480.000000
5873,2360.000000,-480.000000
5874,2360.000000,-480.000000
5875,2360.000000,-520.000000
5876,2360.000000,-520.000000
5877,2360.000000,-480.000000
5878,2360.000000,-520.000000
5879,2360.000000,-480.000000
5880,2360.000000,-520.000000
5881,2360.000000,-520.000000
5882,2360.000000,-480.000000
5883,2360.000000,-480.000000
5884,2360.000000,-480.000000
5885,2360.000000,-520.000000
5886,2360.000000,-520.000000
5887,2360.000000,-480.000000
5888,2360.000000,-480.000000
5889,2320.000000,-480.000000
5890,2320.000000,-480.000000
5891,2320.000000,-480.000000
5892,2320.000000,-480.000000
5893,2360.000000,-480.000000
5894,2320.000000,-480.000000
5895,2320.000000,-520.000000
5896,2320.000000,-520.000000
5897,2320.000000,-480.000000
5898,2320.000000,-480.000000
5899,2320.000000,-520.000000
5900,2320.000000,-520.000000
5901,2280.000000,-520.000000
5902,2320.000000,-520.000000
5903,2320.000000,-480.000000
5904,2320.000000,-480.000000
5905,2280.000000,-520.000000
5906,2320.000000,-480.000000
5907,2280.000000,-520.000000
5908,2320.000000,-480.000000
5909,2280.000000,-480.000000
5910,2280.000000,-480.000000
5911,2280.000000,-520.000000
5912,2280.000000,-520.000000
5913,2280.000000,-520.000000
5914,2280.000000,-520.000000
5915,2280.000000,-480.000000
5916,2280.000000,-480.000000
5917,2240.000000,-520.000000
5918,2280.000000,-480.000000
5919,2240.000000,-480.000000
5920,2280.000000,-480.000000
5921,2240.000000,-480.000000
5922,2240.000000,-520.000000
5923,2240.000000,-520.000000
5924,2240.000000,-480.000000
5925,2240.000000,-480.000000
5926,2240.000000,-480.000000
5927,2240.000000,-480.000000
5928,2240.000000,-480.000000
5929,2240.000000,-480.000000
5930,2240.000000,-520.000000
5931,2240.000000,-480.000000
5932,2240.000000,-480.000000
5933,2200.000000,-480.000000
5934,2240.000000,-520.000000
5935,2200.000000,-480.000000
5936,2200.000000,-520.000000
5937,2200.000000,-480.000000
5938,2200.000000,-480.000000
5939,2240.000000,-480.000000
5940,2240.000000,-480.000000
5941,2200.000000,-480.000000
5942,2240.000000,-520.000000
5943,2200.000000,-480.000000
5944,2200.000000,-480.000000
5945,2240.000000,-520.000000
5946,2200.000000,-480.000000
5947,2200.000000,-480.000000
5948,2200.000000,-480.000000
5949,2200.000000,-480.000000
5950,2200.000000,-480.000000
5951,2200.000000,-480.000000
5952,2200.000000,-480.000000
5953,2160.000000,-480.000000
5954,2160.000000,-520.000000
5955,2160.000000,-480.000000
5956,2160.000000,-520.000000
5957,2200.000000,-480.000000
5958,2160.000000,-520.000000
5959,2160.000000,-480.000000
5960,2160.000000,-520.000000
5961,2200.000000,-520.000000
5962,2160.000000,-480.000000
5963,2160.000000,-480.000000
5964,2160.000000,-480.000000
5965,2160.000000,-480.000000
5966,2160.000000,-480.000000
5967,2160.000000,-480.000000
5968,2160.000000,-480.000000
5969,2160.000000,-520.000000
5970,2120.000000,-480.000000
5971,2160.000000,-480.000000
5972,2160.000000,-480.000000
5973,2160.000000,-480.000000
5974,2120.000000,-480.000000
5975,2120.000000,-520.000000
5976,2160.000000,-520.000000
5977,2120.000000,-480.000000
5978,2120.000000,-480.000000
5979,2120.000000,-520.000000
5980,2120.000000,-520.000000
5981,2120.000000,-480.000000
5982,2120.000000,-520.000000
5983,2080.000000,-520.000000
5984,2120.000000,-480.000000
5985,2080.000000,-480.000000
5986,2120.000000,-520.000000
5987,2120.000000,-520.000000
5988,2080.000000,-520.000000
5989,2120.000000,-520.000000
5990,2120.000000,-480.000000
5991,2120.000000,-480.000000
5992,2120.000000,-480.000000
5993,2080.000000,-520.000000
5994,2080.000000,-480.000000
5995,2080.000000,-480.000000
5996,2080.000000,-520.000000
5997,2080.000000,-480.000000
5998,2040.000000,-480.000000
5999,2080.000000,-480.000000
6000,2080.000000,-480.000000
6001,2080.000000,-520.000000
6002,2080.000000,-480.000000
6003,2080.000000,-520.000000
6004,2040.000000,-520.000000
6005,2080.000000,-520.000000
6006,2040.000000,-520.000000
6007,2040.000000,-480.000000
6008,2040.000000,-520.000000
6009,2040.000000,-480.000000
6010,2040.000000,-480.000000
6011,2040.000000,-480.000000
6012,2040.000000,-480.000000
6013,2040.000000,-480.000000
6014,2040.000000,-480.000000
6015,2040.000000,-520.000000
6016,2040.000000,-480.000000
6017,2040.000000,-520.000000
6018,2040.000000,-480.000000
6019,2040.000000,-520.000000
6020,2040.000000,-480.000000
6021,2040.000000,-480.000000
6022,2000.000000,-480.000000
6023,2040.000000,-520.000000
6024,2040.000000,-520.000000
6025,2040.000000,-480.000000
6026,2000.000000,-520.000000
6027,2000.000000,-480.000000
6028,2000.000000,-480.000000
6029,2000.000000,-480.000000
6030,2000.000000,-520.000000
6031,2000.000000,-480.000000
6032,2000.000000,-480.000000
6033,2000.000000,-520.000000
6034,2000.000000,-480.000000
6035,2000.000000,-480.000000
6036,1960.000000,-480.000000
6037,1960.000000,-480.000000
6038,2000.000000,-480.000000
6039,2000.000000,-520.000000
6040,1960.000000,-480.000000
6041,2000.000000,-520.000000
6042,2000.000000,-520.000000
6043,1960.000000,-480.000000
6044,2000.000000,-520.000000
6045,2000.000000,-520.000000
6046,1960.000000,-480.000000
6047,1960.000000,-480.000000
6048,1960.000000,-480.000000
6049,1960.000000,-480.000000
6050,1960.000000,-480.000000
6051,1920.000000,-480.000000
6052,1960.000000,-520.000000
6053,1960.000000,-480.000000
6054,1960.000000,-480.000000
6055,1960.000000,-480.000000
6056,1920.000000,-480.000000
6057,1960.000000,-520.000000
6058,1960.000000,-520.000000
6059,1920.000000,-480.000000
6060,1960.000000,-480.000000
6061,1920.000000,-520.000000
6062,1920.000000,-520.000000
6063,1960.000000,-480.000000
6064,1920.000000,-480.000000
6065,1920.000000,-480.000000
6066,1920.000000,-480.000000
6067,1920.000000,-480.000000
6068,1920.000000,-480.000000
6069,1920.000000,-520.000000
6070,1920.000000,-480.000000
6071,1920.000000,-480.000000
6072,1880.000000,-480.000000
6073,1920.000000,-480.000000
6074,1920.000000,-480.000000
6075,1920.000000,-480.000000
6076,1880.000000,-480.000000
6077,1920.000000,-480.000000
6078,1920.000000,-480.000000
6079,1880.000000,-480.000000
6080,1880.000000,-520.000000
6081,1880.000000,-480.000000
6082,1880.000000,-520.000000
6083,1880.000000,-520.000000
6084,1880.000000,-480.000000
6085,1880.000000,-480.000000
6086,1880.000000,-520.000000
6087,1880.000000,-480.000000
6088,1880.000000,-480.000000
6089,1880.000000,-480.000000
6090,1840.000000,-480.000000
6091,1880.000000,-480.000000
6092,1880.000000,-480.000000
6093,1880.000000,-480.000000
6094,1880.000000,-480.000000
6095,1840.000000,-480.000000
6096,1840.000000,-480.000000
6097,1840.000000,-480.000000
6098,1840.000000,-480.000000
6099,1840.000000,-480.000000
6100,1840.000000,-480.000000
6101,1840.000000,-520.000000
6102,1840.000000,-480.000000
6103,1840.000000,-520.000000
6104,1800.000000,-480.000000
6105,1800.000000,-480.000000
6106,1840.000000,-480.000000
6107,1840.000000,-480.000000
6108,1840.000000,-480.000000
6109,1840.000000,-520.000000
6110,1800.000000,-520.000000
6111,1840.000000,-480.000000
6112,1800.000000,-520.000000
6113,1840.000000,-520.000000
6114,1800.000000,-480.000000
6115,1800.000000,-480.000000
6116,1800.000000,-480.000000
6117,1800.000000,-520.000000
6118,1800.000000,-480.000000
6119,1800.000000,-480.000000
6120,1800.000000,-480.000000
6121,1800.000000,-520.000000
6122,1800.000000,-480.000000
6123,1800.000000,-520.000000
6124,1800.000000,-480.000000
6125,1800.000000,-520.000000
6126,1800.000000,-520.000000
6127,1760.000000,-520.000000
6128,1800.000000,-480.000000
6129,1760.000000,-520.000000
6130,1800.000000,-480.000000
6131,1760.000000,-480.000000
6132,1760.000000,-480.000000
6133,1800.000000,-520.000000
6134,1760.000000,-480.000000
6135,1760.000000,-520.000000
6136,1760.000000,-480.000000
6137,1760.000000,-520.000000
6138,1760.000000,-480.000000
6139,1760.000000,-480.000000
6140,1760.000000,-480.000000
6141,1760.000000,-480.000000
6142,1760.000000,-480.000000
6143,1760.000000,-520.000000
6144,1760.000000,-480.000000
6145,1760.000000,-480.000000
6146,1720.000000,-480.000000
6147,1720.000000,-480.000000
6148,1720.000000,-480.000000
6149,1760.000000,-520.000000
6150,1760.000000,-480.000000
6151,1720.000000,-520.000000
6152,1720.000000,-520.000000
6153,1720.000000,-480.000000
6154,1720.000000,-520.000000
6155,1720.000000,-520.000000
6156,1720.000000,-480.000000
6157,1720.000000,-520.000000
6158,1720.000000,-520.000000
6159,1720.000000,-480.000000
6160,1720.000000,-520.000000
6161,1680.000000,-480.000000
6162,1720.000000,-480.000000
6163,1720.000000,-520.000000
6164,1720.000000,-480.000000
6165,1720.000000,-480.000000
6166,1680.000000,-480.000000
6167,1680.000000,-520.000000
6168,1720.000000,-480.000000
6169,1680.000000,-480.000000
6170,1680.000000,-480.000000
6171,1720.000000,-480.000000
6172,1680.000000,-480.000000
6173,1680.000000,-520.000000
6174,1680.000000,-520.000000
6175,1680.000000,-520.000000
6176,1680.000000,-480.000000
6177,1680.000000,-520.000000
6178,1680.000000,-480.000000
6179,1640.000000,-480.000000
6180,1640.000000,-480.000000
6181,1680.000000,-480.000000
6182,1680.000000,-480.000000
6183,1640.000000,-480.000000
6184,1640.000000,-520.000000
6185,1640.000000,-480.000000
6186,1640.000000,-520.000000
6187,1640.000000,-480.000000
6188,1680.000000,-480.000000
6189,1640.000000,-520.000000
6190,1640.000000,-520.000000
6191,1640.000000,-480.000000
6192,1640.000000,-480.000000
6193,1640.000000,-480.000000
6194,1600.000000,-480.000000
6195,1640.000000,-520.000000
6196,1640.000000,-520.000000
6197,1600.000000,-480.000000
6198,1600.000000,-480.000000
6199,1640.000000,-480.000000
6200,1600.000000,-480.000000
6201,1600.000000,-520.000000
6202,1600.000000,-480.000000
6203,1600.000000,-480.000000
6204,1600.000000,-520.000000
6205,1600.000000,-480.000000
6206,1600.000000,-520.000000
6207,1600.000000,-480.000000
6208,1600.000000,-480.000000
6209,1600.000000,-480.000000
6210,1600.000000,-480.000000
6211,1600.000000,-480.000000
6212,1560.000000,-480.000000
6213,1560.000000,-480.000000
6214,1560.000000,-520.000000
6215,1560.000000,-480.000000
6216,1560.000000,-480.000000
6217,1560.000000,-520.000000
6218,1560.000000,-480.000000
6219,1560.000000,-480.000000
6220,1560.000000,-520.000000
6221,1560.000000,-520.000000
6222,1560.000000,-520.000000
6223,1560.000000,-520.000000
6224,1560.000000,-480.000000
6225,1560.000000,-480.000000
6226,1560.000000,-480.000000
6227,1560.000000,-480.000000
6228,1520.000000,-520.000000
6229,1520.000000,-480.000000
6230,1520.000000,-480.000000
6231,1520.000000,-520.000000
6232,1560.000000,-520.000000
6233,1520.000000,-520.000000
6234,1520.000000,-480.000000
6235,1520.000000,-520.000000
6236,1520.000000,-480.000000
6237,1520.000000,-480.000000
6238,1520.000000,-480.000000
6239,1520.000000,-520.000000
6240,1520.000000,-480.000000
6241,1480.000000,-480.000000
6242,1520.000000,-480.000000
6243,1520.000000,-520.000000
6244,1520.000000,-480.000000
6245,1480.000000,-480.000000
6246,1480.000000,-480.000000
6247,1520.000000,-520.000000
6248,1480.000000,-520.000000
6249,1480.000000,-480.000000
6250,1480.000000,-480.000000
6251,1520.000000,-480.000000
6252,1480.000000,-480.000000
6253,1480.000000,-480.000000
6254,1480.000000,-480.000000
6255,1480.000000,-480.000000
6256,1480.000000,-480.000000
6257,1480.000000,-480.000000
6258,1480.000000,-520.000000
6259,1480.000000,-480.000000
6260,1440.000000,-480.000000
6261,1440.000000,-480.000000
6262,1480.000000,-520.000000
6263,1440.000000,-480.000000
6264,1480.000000,-520.000000
6265,1480.000000,-480.000000
6266,1440.000000,-520.000000
6267,1440.000000,-480.000000
6268,1440.000000,-480.000000
6269,1440.000000,-480.000000
6270,1320.000000,-520.000000
6271,1160.000000,520.000000
6272,1000.000000,480.000000
6273,840.000000,480.000000
6274,640.000000,520.000000
6275,440.000000,480.000000
6276,240.000000,480.000000
6277,80.000000,480.000000
6278,-80.000000,480.000000
6279,-240.000000,480.000000
6280,-360.000000,520.000000
6281,-520.000000,480.000000
6282,-640.000000,520.000000
6283,-760.000000,480.000000
6284,-840.000000,480.000000
6285,-880.000000,480.000000
6286,-960.000000,520.000000
6287,-1000.000000,480.000000
6288,-1040.000000,480.000000
6289,-1080.000000,520.000000
6290,-1120.000000,480.000000
6291,-1120.000000,520.000000
6292,-1120.000000,480.000000
6293,-1160.000000,480.000000
6294,-1160.000000,480.000000
6295,-1160.000000,480.000000
6296,-1200.000000,480.000000
6297,-1320.000000,480.000000
6298,-1400.000000,480.000000
6299,-1480.000000,480.000000
6300,-1480.000000,480.000000
6301,-1520.000000,480.000000
6302,-1520.000000,480.000000
6303,-1520.000000,520.000000
6304,-1520.000000,480.000000
6305,-1560.000000,480.000000
6306,-1560.000000,480.000000
6307,-1560.000000,480.000000
6308,-1560.000000,520.000000
6309,-1560.000000,480.000000
6310,-1560.000000,480.000000
6311,-1560.000000,480.000000
6312,-1560.000000,480.000000
6313,-1560.000000,480.000000
6314,-1600.000000,480.000000
6315,-1600.000000,480.000000
6316,-1560.000000,480.000000
6317,-1560.000000,480.000000
6318,-1560.000000,520.000000
6319,-1600.000000,480.000000
6320,-1600.000000,480.000000
6321,-1600.000000,480.000000
6322,-1600.000000,480.000000
6323,-1600.000000,520.000000
6324,-1560.000000,480.000000
6325,-1600.000000,480.000000
6326,-1600.000000,520.000000
6327,-1600.000000,520.000000
6328,-1600.000000,480.000000
6329,-1600.000000,480.000000
6330,-1600.000000,480.000000
6331,-1600.000000,480.000000
6332,-1640.000000,480.000000
6333,-1600.000000,480.000000
6334,-1600.000000,480.000000
6335,-1600.000000,480.000000
6336,-1640.000000,480.000000
6337,-1640.000000,480.000000
6338,-1640.000000,480.000000
6339,-1600.000000,480.000000
6340,-1640.000000,480.000000
6341,-1640.000000,480.000000
6342,-1640.000000,520.000000
6343,-1640.000000,480.000000
6344,-1640.000000,480.000000
6345,-1640.000000,480.000000
6346,-1640.000000,480.000000
6347,-1640.000000,480.000000
6348,-1640.000000,480.000000
6349,-1640.000000,520.000000
6350,-1640.000000,520.000000
6351,-1680.000000,480.000000
6352,-1680.000000,480.000000
6353,-1680.000000,520.000000
6354,-1640.000000,480.000000
6355,-1680.000000,480.000000
6356,-1680.000000,480.000000
6357,-1680.000000,480.000000
6358,-1680.000000,520.000000
6359,-1680.000000,520.000000
6360,-1680.000000,480.000000
6361,-1680.000000,480.000000
6362,-1680.000000,480.000000
6363,-1680.000000,480.000000
6364,-1720.000000,480.000000
6365,-1680.000000,480.000000
6366,-1680.000000,480.000000
6367,-1720.000000,520.000000
6368,-1720.000000,480.000000
6369,-1680.000000,480.000000
6370,-1720.000000,480.000000
6371,-1680.000000,480.000000
6372,-1720.000000,520.000000
6373,-1720.000000,480.000000
6374,-1720.000000,480.000000
6375,-1720.000000,480.000000
6376,-1720.000000,480.000000
6377,-1720.000000,480.000000
6378,-1720.000000,480.000000
6379,-1720.000000,480.000000
6380,-1760.000000,480.000000
6381,-1720.000000,480.000000
6382,-1720.000000,480.000000
6383,-1720.000000,480.000000
6384,-1720.000000,480.000000
6385,-1760.000000,480.000000
6386,-1760.000000,520.000000
6387,-1720.000000,520.000000
6388,-1720.000000,480.000000
6389,-1760.000000,480.000000
6390,-1760.000000,480.000000
6391,-1760.000000,480.000000
6392,-1760.000000,480.000000
6393,-1760.000000,480.000000
6394,-1760.000000,520.000000
6395,-1760.000000,520.000000
6396,-1760.000000,480.000000
6397,-1760.000000,480.000000
6398,-1760.000000,520.000000
6399,-1760.000000,480.000000
6400,-1760.000000,520.000000
6401,-1760.000000,480.000000
6402,-1800.000000,480.000000
6403,-1800.000000,520.000000
6404,-1760.000000,480.000000
6405,-1800.000000,480.000000
6406,-1800.000000,480.000000
6407,-1800.000000,520.000000
6408,-1800.000000,480.000000
6409,-1800.000000,520.000000
6410,-1800.000000,480.000000
6411,-1800.000000,520.000000
6412,-1800.000000,480.000000
6413,-1800.000000,520.000000
6414,-1800.000000,520.000000
6415,-1800.000000,480.000000
6416,-1800.000000,480.000000
6417,-1840.000000,520.000000
6418,-1800.000000,480.000000
6419,-1840.000000,520.000000
6420,-1840.000000,520.000000
6421,-1840.000000,480.000000
6422,-1800.000000,480.000000
6423,-1840.000000,480.000000
6424,-1840.000000,480.000000
6425,-1840.000000,440.000000
6426,-1840.000000,520.000000
6427,-1800.000000,520.000000
6428,-1840.000000,480.000000
6429,-1880.000000,520.000000
6430,-1840.000000,480.000000
6431,-1840.000000,480.000000
6432,-1840.000000,520.000000
6433,-1840.000000,480.000000
6434,-1840.000000,480.000000
6435,-1840.000000,480.000000
6436,-1880.000000,480.000000
6437,-1840.000000,480.000000
6438,-1880.000000,480.000000
6439,-1840.000000,480.000000
6440,-1880.000000,480.000000
6441,-1880.000000,480.000000
6442,-1880.000000,520.000000
6443,-1880.000000,520.000000
6444,-1880.000000,480.000000
6445,-1880.000000,480.000000
6446,-1880.000000,480.000000
6447,-1880.000000,480.000000
6448,-1880.000000,480.000000
6449,-1880.000000,480.000000
6450,-1880.000000,480.000000
6451,-1920.000000,520.000000
6452,-1920.000000,480.000000
6453,-1920.000000,480.000000
6454,-1880.000000,480.000000
6455,-1920.000000,520.000000
6456,-1920.000000,480.000000
6457,-1920.000000,480.000000
6458,-1920.000000,480.000000
6459,-1920.000000,480.000000
6460,-1920.000000,520.000000
6461,-1920.000000,520.000000
6462,-1920.000000,520.000000
6463,-1920.000000,480.000000
6464,-1920.000000,480.000000
6465,-1920.000000,480.000000
6466,-1920.000000,480.000000
6467,-1920.000000,480.000000
6468,-1920.000000,480.000000
6469,-1920.000000,480.000000
6470,-1920.000000,520.000000
6471,-1920.000000,480.000000
6472,-1920.000000,480.000000
6473,-1920.000000,480.000000
6474,-1960.000000,480.000000
6475,-1960.000000,520.000000
6476,-1960.000000,480.000000
6477,-1960.000000,520.000000
6478,-1960.000000,480.000000
6479,-1960.000000,480.000000
6480,-1960.000000,480.000000
6481,-1960.000000,480.000000
6482,-1960.000000,440.000000
6483,-1960.000000,480.000000
6484,-1960.000000,480.000000
6485,-1960.000000,520.000000
6486,-2000.000000,480.000000
6487,-2000.000000,520.000000
6488,-1960.000000,520.000000
6489,-1960.000000,480.000000
6490,-2000.000000,480.000000
6491,-2000.000000,480.000000
6492,-2000.000000,480.000000
6493,-2000.000000,480.000000
6494,-2000.000000,480.000000
6495,-2000.000000,480.000000
6496,-2000.000000,480.000000
6497,-2000.000000,480.000000
6498,-2040.000000,480.000000
6499,-2040.000000,480.000000
6500,-2000.000000,480.000000
6501,-2000.000000,480.000000
6502,-2000.000000,480.000000
6503,-2040.000000,480.000000
6504,-2000.000000,480.000000
6505,-2000.000000,480.000000
6506,-2000.000000,480.000000
6507,-2000.000000,520.000000
6508,-2040.000000,480.000000
6509,-2040.000000,480.000000
6510,-2000.000000,480.000000
6511,-2000.000000,480.000000
6512,-2040.000000,480.000000
6513,-2040.000000,520.000000
6514,-2040.000000,520.000000
6515,-2040.000000,480.000000
6516,-2040.000000,480.000000
6517,-2040.000000,520.000000
6518,-2040.000000,480.000000
6519,-2080.000000,480.000000
6520,-2040.000000,520.000000
6521,-2040.000000,480.000000
6522,-2080.000000,480.000000
6523,-2040.000000,480.000000
6524,-2080.000000,480.000000
6525,-2080.000000,480.000000
6526,-2080.000000,480.000000
6527,-2080.000000,480.000000
6528,-2080.000000,480.000000
6529,-2080.000000,480.000000
6530,-2080.000000,520.000000
6531,-2080.000000,480.000000
6532,-2080.000000,480.000000
6533,-2080.000000,480.000000
6534,-2080.000000,520.000000
6535,-2080.000000,480.000000
6536,-2120.000000,480.000000
6537,-2120.000000,480.000000
6538,-2120.000000,480.000000
6539,-2120.000000,480.000000
6540,-2120.000000,480.000000
6541,-2120.000000,480.000000
6542,-2120.000000,480.000000
6543,-2120.000000,480.000000
6544,-2120.000000,480.000000
6545,-2120.000000,520.000000
6546,-2120.000000,480.000000
6547,-2120.000000,480.000000
6548,-2120.000000,480.000000
6549,-2120.000000,480.000000
6550,-2120.000000,480.000000
6551,-2120.000000,480.000000
6552,-2120.000000,480.000000
6553,-2120.000000,480.000000
6554,-2160.000000,480.000000
6555,-2120.000000,480.000000
6556,-2120.000000,480.000000
6557,-2120.000000,480.000000
6558,-2120.000000,480.000000
6559,-2160.000000,480.000000
6560,-2160.000000,520.000000
6561,-2160.000000,480.000000
6562,-2160.000000,480.000000
6563,-2160.000000,480.000000
6564,-2160.000000,480.000000
6565,-2120.000000,480.000000
6566,-2160.000000,480.000000
6567,-2160.000000,480.000000
6568,-2160.000000,480.000000
6569,-2200.000000,520.000000
6570,-2160.000000,480.000000
6571,-2200.000000,480.000000
6572,-2160.000000,480.000000
6573,-2200.000000,480.000000
6574,-2200.000000,520.000000
6575,-2160.000000,480.000000
6576,-2160.000000,480.000000
6577,-2200.000000,480.000000
6578,-2200.000000,480.000000
6579,-2160.000000,480.000000
6580,-2240.000000,480.000000
6581,-2200.000000,480.000000
6582,-2200.000000,480.000000
6583,-2200.000000,520.000000
6584,-2200.000000,480.000000
6585,-2200.000000,480.000000
6586,-2200.000000,480.000000
6587,-2200.000000,480.000000
6588,-2200.000000,480.000000
6589,-2200.000000,480.000000
6590,-2200.000000,480.000000
6591,-2200.000000,480.000000
6592,-2240.000000,480.000000
6593,-2240.000000,480.000000
6594,-2240.000000,480.000000
6595,-2240.000000,480.000000
6596,-2240.000000,480.000000
6597,-2240.000000,520.000000
6598,-2240.000000,480.000000
6599,-2240.000000,480.000000
6600,-2240.000000,480.000000
6601,-2240.000000,480.000000
6602,-2280.000000,480.000000
6603,-2240.000000,480.000000
6604,-2240.000000,480.000000
6605,-2280.000000,480.000000
6606,-2240.000000,520.000000
6607,-2280.000000,480.000000
6608,-2240.000000,480.000000
6609,-2240.000000,520.000000
6610,-2280.000000,520.000000
6611,-2280.000000,480.000000
6612,-2240.000000,480.000000
6613,-2280.000000,480.000000
6614,-2280.000000,480.000000
6615,-2280.000000,480.000000
6616,-2280.000000,480.000000
6617,-2280.000000,520.000000
6618,-2280.000000,480.000000
6619,-2320.000000,480.000000
6620,-2280.000000,480.000000
6621,-2280.000000,520.000000
6622,-2320.000000,520.000000
6623,-2320.000000,480.000000
6624,-2320.000000,480.000000
6625,-2320.000000,480.000000
6626,-2320.000000,480.000000
6627,-2280.000000,480.000000
6628,-2320.000000,480.000000
6629,-2320.000000,480.000000
6630,-2320.000000,480.000000
6631,-2320.000000,480.000000
6632,-2320.000000,480.000000
6633,-2320.000000,480.000000
6634,-2320.000000,480.000000
6635,-2320.000000,480.000000
6636,-2320.000000,480.000000
6637,-2320.000000,480.000000
6638,-2320.000000,480.000000
6639,-2320.000000,480.000000
6640,-2320.000000,480.000000
6641,-2320.000000,520.000000
6642,-2360.000000,480.000000
6643,-2360.000000,480.000000
6644,-2360.000000,480.000000
6645,-2320.000000,480.000000
6646,-2320.000000,480.000000
6647,-2360.000000,480.000000
6648,-2360.000000,480.000000
6649,-2360.000000,480.000000
6650,-2360.000000,480.000000
6651,-2400.000000,480.000000
6652,-2360.000000,480.000000
6653,-2360.000000,480.000000
6654,-2360.000000,480.000000
6655,-2360.000000,520.000000
6656,-2400.000000,480.000000
6657,-2400.000000,480.000000
6658,-2400.000000,520.000000
6659,-2360.000000,480.000000
6660,-2360.000000,480.000000
6661,-2400.000000,480.000000
6662,-2400.000000,480.000000
6663,-2400.000000,480.000000
6664,-2400.000000,480.000000
6665,-2400.000000,480.000000
6666,-2400.000000,480.000000
6667,-2400.000000,520.000000
6668,-2400.000000,480.000000
6669,-2400.000000,480.000000
6670,-2440.000000,480.000000
6671,-2440.000000,480.000000
6672,-2400.000000,480.000000
6673,-2440.000000,480.000000
6674,-2440.000000,480.000000
6675,-2440.000000,520.000000
6676,-2440.000000,480.000000
6677,-2440.000000,520.000000
6678,-2440.000000,480.000000
6679,-2440.000000,480.000000
6680,-2440.000000,480.000000
6681,-2440.000000,480.000000
6682,-2440.000000,520.000000
6683,-2440.000000,520.000000
6684,-2440.000000,480.000000
6685,-2440.000000,480.000000
6686,-2440.000000,480.000000
6687,-2440.000000,480.000000
6688,-2480.000000,480.000000
6689,-2480.000000,480.000000
6690,-2440.000000,480.000000
6691,-2440.000000,480.000000
6692,-2480.000000,480.000000
6693,-2480.000000,480.000000
6694,-2440.000000,480.000000
6695,-2480.000000,520.000000
6696,-2480.000000,480.000000
6697,-2480.000000,480.000000
6698,-2480.000000,480.000000
6699,-2480.000000,480.000000
6700,-2480.000000,480.000000
6701,-2480.000000,480.000000
6702,-2480.000000,480.000000
6703,-2520.000000,480.000000
6704,-2520.000000,480.000000
6705,-2480.000000,480.000000
6706,-2480.000000,480.000000
6707,-2480.000000,480.000000
6708,-2480.000000,480.000000
6709,-2520.000000,480.000000
6710,-2480.000000,480.000000
6711,-2520.000000,480.000000
6712,-2520.000000,480.000000
6713,-2520.000000,520.000000
6714,-2520.000000,480.000000
6715,-2520.000000,520.000000
6716,-2560.000000,480.000000
6717,-2520.000000,480.000000
6718,-2520.000000,480.000000
6719,-2520.000000,480.000000
6720,-2560.000000,480.000000
6721,-2520.000000,480.000000
6722,-2520.000000,480.000000
6723,-2560.000000,520.000000
6724,-2560.000000,480.000000
6725,-2520.000000,480.000000
6726,-2560.000000,520.000000
6727,-2560.000000,480.000000
6728,-2560.000000,480.000000
6729,-2520.000000,520.000000
6730,-2560.000000,520.000000
6731,-2560.000000,480.000000
6732,-2560.000000,480.000000
6733,-2560.000000,480.000000
6734,-2560.000000,480.000000
6735,-2600.000000,520.000000
6736,-2560.000000,480.000000
6737,-2600.000000,480.000000
6738,-2560.000000,480.000000
6739,-2560.000000,480.000000
6740,-2560.000000,480.000000
6741,-2560.000000,480.000000
6742,-2600.000000,480.000000
6743,-2600.000000,520.000000
6744,-2560.000000,480.000000
6745,-2600.000000,480.000000
6746,-2600.000000,480.000000
6747,-2600.000000,480.000000
6748,-2600.000000,480.000000
6749,-2600.000000,480.000000
6750,-2640.000000,480.000000
6751,-2600.000000,520.000000
6752,-2600.000000,480.000000
6753,-2600.000000,480.000000
6754,-2600.000000,480.000000
6755,-2600.000000,480.000000
6756,-2640.000000,480.000000
6757,-2600.000000,480.000000
6758,-2600.000000,480.000000
6759,-2640.000000,520.000000
6760,-2640.000000,480.000000
6761,-2600.000000,480.000000
6762,-2640.000000,480.000000
6763,-2600.000000,480.000000
6764,-2640.000000,520.000000
6765,-2640.000000,480.000000
6766,-2640.000000,480.000000
6767,-2640.000000,480.000000
6768,-2640.000000,480.000000
6769,-2640.000000,520.000000
6770,-2640.000000,480.000000
6771,-2640.000000,480.000000
6772,-2640.000000,520.000000
6773,-2640.000000,480.000000
6774,-2640.000000,480.000000
6775,-2680.000000,480.000000
6776,-2640.000000,480.000000
6777,-2640.000000,480.000000
6778,-2680.000000,480.000000
6779,-2680.000000,480.000000
6780,-2680.000000,480.000000
6781,-2680.000000,520.000000
6782,-2680.000000,480.000000
6783,-2720.000000,480.000000
6784,-2680.000000,520.000000
6785,-2680.000000,480.000000
6786,-2680.000000,480.000000
6787,-2680.000000,480.000000
6788,-2680.000000,480.000000
6789,-2680.000000,480.000000
6790,-2680.000000,480.000000
6791,-2680.000000,480.000000
6792,-2720.000000,480.000000
6793,-2720.000000,480.000000
6794,-2720.000000,480.000000
6795,-2720.000000,520.000000
6796,-2720.000000,480.000000
6797,-2720.000000,480.000000
6798,-2720.000000,480.000000
6799,-2720.000000,480.000000
6800,-2720.000000,480.000000
6801,-2720.000000,480.000000
6802,-2720.000000,480.000000
6803,-2720.000000,480.000000
6804,-2760.000000,480.000000
6805,-2720.000000,480.000000
6806,-2720.000000,480.000000
6807,-2760.000000,520.000000
6808,-2760.000000,520.000000
6809,-2760.000000,480.000000
6810,-2760.000000,480.000000
6811,-2760.000000,480.000000
6812,-2760.000000,480.000000
6813,-2760.000000,480.000000
6814,-2760.000000,520.000000
6815,-2760.000000,480.000000
6816,-2760.000000,480.000000
6817,-2760.000000,480.000000
6818,-2760.000000,480.000000
6819,-2760.000000,480.000000
6820,-2760.000000,480.000000
6821,-2760.000000,480.000000
6822,-2760.000000,520.000000
6823,-2760.000000,480.000000
6824,-2760.000000,480.000000
6825,-2760.000000,520.000000
6826,-2800.000000,520.000000
6827,-2800.000000,480.000000
6828,-2800.000000,480.000000
6829,-2800.000000,480.000000
6830,-2800.000000,520.000000
6831,-2800.000000,520.000000
6832,-2800.000000,520.000000
6833,-2800.000000,480.000000
6834,-2800.000000,480.000000
6835,-2800.000000,480.000000
6836,-2800.000000,480.000000
6837,-2840.000000,480.000000
6838,-2800.000000,480.000000
6839,-2840.000000,480.000000
6840,-2800.000000,480.000000
6841,-2800.000000,480.000000
6842,-2840.000000,520.000000
6843,-2800.000000,480.000000
6844,-2840.000000,480.000000
6845,-2840.000000,480.000000
6846,-2800.000000,480.000000
6847,-2840.000000,480.000000
6848,-2800.000000,480.000000
6849,-2840.000000,480.000000
6850,-2840.000000,480.000000
6851,-2840.000000,520.000000
6852,-2840.000000,520.000000
6853,-2880.000000,480.000000
6854,-2840.000000,480.000000
6855,-2840.000000,480.000000
6856,-2840.000000,480.000000
6857,-2880.000000,520.000000
6858,-2840.000000,520.000000
6859,-2880.000000,480.000000
6860,-2840.000000,480.000000
6861,-2880.000000,480.000000
6862,-2840.000000,480.000000
6863,-2880.000000,520.000000
6864,-2880.000000,480.000000
6865,-2880.000000,480.000000
6866,-2880.000000,480.000000
6867,-2880.000000,480.000000
6868,-2880.000000,480.000000
6869,-2880.000000,480.000000
6870,-2920.000000,520.000000
6871,-2880.000000,480.000000
6872,-2880.000000,480.000000
6873,-2880.000000,480.000000
6874,-2920.000000,480.000000
6875,-2880.000000,480.000000
6876,-2920.000000,520.000000
6877,-2880.000000,480.000000
6878,-2880.000000,480.000000
6879,-2920.000000,480.000000
6880,-2920.000000,520.000000
6881,-2920.000000,480.000000
6882,-2920.000000,520.000000
6883,-2920.000000,520.000000
6884,-2920.000000,480.000000
6885,-2920.000000,480.000000
6886,-2920.000000,480.000000
6887,-2920.000000,480.000000
6888,-2960.000000,480.000000
6889,-2920.000000,480.000000
6890,-2920.000000,480.000000
6891,-2920.000000,480.000000
6892,-2960.000000,480.000000
6893,-2960.000000,480.000000
6894,-2960.000000,480.000000
6895,-2960.000000,520.000000
6896,-2960.000000,480.000000
6897,-2920.000000,480.000000
6898,-2920.000000,480.000000
6899,-2920.000000,480.000000
6900,-2920.000000,480.000000
6901,-2960.000000,520.000000
6902,-2920.000000,520.000000
6903,-2920.000000,480.000000
6904,-2920.000000,480.000000
6905,-2920.000000,480.000000
6906,-2920.000000,520.000000
6907,-2920.000000,480.000000
6908,-2920.000000,480.000000
6909,-2920.000000,480.000000
6910,-2920.000000,520.000000
6911,-2920.000000,480.000000
6912,-2920.000000,480.000000
6913,-2920.000000,520.000000
6914,-2880.000000,520.000000
6915,-2880.000000,520.000000
6916,-2920.000000,480.000000
6917,-2920.000000,480.000000
6918,-2920.000000,480.000000
6919,-2920.000000,480.000000
6920,-2880.000000,480.000000
6921,-2880.000000,480.000000
6922,-2880.000000,480.000000
6923,-2880.000000,520.000000
6924,-2880.000000,480.000000
6925,-2880.000000,480.000000
6926,-2880.000000,480.000000
6927,-2880.000000,520.000000
6928,-2840.000000,480.000000
6929,-2880.000000,480.000000
6930,-2880.000000,520.000000
6931,-2840.000000,480.000000
6932,-2840.000000,520.000000
6933,-2840.000000,520.000000
6934,-2840.000000,480.000000
6935,-2840.000000,480.000000
6936,-2840.000000,480.000000
6937,-2840.000000,480.000000
6938,-2840.000000,520.000000
6939,-2840.000000,480.000000
6940,-2840.000000,520.000000
6941,-2840.000000,480.000000
6942,-2840.000000,480.000000
6943,-2840.000000,480.000000
6944,-2840.000000,480.000000
6945,-2840.000000,480.000000
6946,-2840.000000,520.000000
6947,-2800.000000,480.000000
6948,-2840.000000,480.000000
6949,-2800.000000,480.000000
6950,-2840.000000,480.000000
6951,-2800.000000,480.000000
6952,-2840.000000,520.000000
6953,-2800.000000,520.000000
6954,-2840.000000,520.000000
6955,-2800.000000,480.000000
6956,-2840.000000,480.000000
6957,-2800.000000,520.000000
6958,-2800.000000,480.000000
6959,-2800.000000,480.000000
6960,-2800.000000,480.000000
6961,-2800.000000,480.000000
6962,-2800.000000,480.000000
6963,-2800.000000,480.000000
6964,-2800.000000,520.000000
6965,-2760.000000,480.000000
6966,-2800.000000,480.000000
6967,-2800.000000,520.000000
6968,-2760.000000,520.000000
6969,-2800.000000,520.000000
6970,-2800.000000,480.000000
6971,-2760.000000,480.000000
6972,-2760.000000,480.000000
6973,-2760.000000,520.000000
6974,-2760.000000,480.000000
6975,-2760.000000,480.000000
6976,-2760.000000,480.000000
6977,-2760.000000,520.000000
6978,-2760.000000,480.000000
6979,-2760.000000,480.000000
6980,-2760.000000,480.000000
6981,-2760.000000,480.000000
6982,-2760.000000,480.000000
6983,-2720.000000,480.000000
6984,-2760.000000,480.000000
6985,-2760.000000,480.000000
6986,-2720.000000,520.000000
6987,-2760.000000,480.000000
6988,-2720.000000,480.000000
6989,-2720.000000,480.000000
6990,-2720.000000,520.000000
6991,-2720.000000,520.000000
6992,-2680.000000,520.000000
6993,-2720.000000,480.000000
6994,-2720.000000,480.000000
6995,-2720.000000,480.000000
6996,-2720.000000,480.000000
6997,-2720.000000,480.000000
6998,-2720.000000,480.000000
6999,-2720.000000,520.000000
7000,-2720.000000,480.000000
7001,-2720.000000,520.000000
7002,-2680.000000,480.000000
7003,-2720.000000,480.000000
7004,-2720.000000,520.000000
7005,-2680.000000,480.000000
7006,-2680.000000,480.000000
7007,-2680.000000,480.000000
7008,-2680.000000,480.000000
7009,-2680.000000,480.000000
7010,-2680.000000,480.000000
7011,-2720.000000,480.000000
7012,-2680.000000,520.000000
7013,-2680.000000,480.000000
7014,-2720.000000,520.000000
7015,-2680.000000,480.000000
7016,-2680.000000,480.000000
7017,-2680.000000,480.000000
7018,-2640.000000,480.000000
7019,-2680.000000,520.000000
7020,-2680.000000,480.000000
7021,-2680.000000,480.000000
7022,-2680.000000,480.000000
7023,-2640.000000,480.000000
7024,-2640.000000,480.000000
7025,-2640.000000,480.000000
7026,-2640.000000,480.000000
7027,-2640.000000,480.000000
7028,-2640.000000,480.000000
7029,-2640.000000,480.000000
7030,-2640.000000,480.000000
7031,-2640.000000,480.000000
7032,-2640.000000,480.000000
7033,-2640.000000,480.000000
7034,-2640.000000,520.000000
7035,-2600.000000,480.000000
7036,-2640.000000,480.000000
7037,-2600.000000,480.000000
7038,-2600.000000,480.000000
7039,-2600.000000,480.000000
7040,-2600.000000,520.000000
7041,-2600.000000,480.000000
7042,-2600.000000,480.000000
7043,-2600.000000,480.000000
7044,-2600.000000,480.000000
7045,-2600.000000,480.000000
7046,-2600.000000,480.000000
7047,-2600.000000,520.000000
7048,-2600.000000,480.000000
7049,-2600.000000,440.000000
7050,-2600.000000,480.000000
7051,-2600.000000,480.000000
7052,-2600.000000,480.000000
7053,-2560.000000,480.000000
7054,-2560.000000,480.000000
7055,-2560.000000,520.000000
7056,-2560.000000,480.000000
7057,-2560.000000,520.000000
7058,-2560.000000,480.000000
7059,-2560.000000,480.000000
7060,-2560.000000,480.000000
7061,-2560.000000,520.000000
7062,-2560.000000,480.000000
7063,-2560.000000,480.000000
7064,-2560.000000,520.000000
7065,-2560.000000,520.000000
7066,-2560.000000,480.000000
7067,-2560.000000,480.000000
7068,-2520.000000,480.000000
7069,-2520.000000,480.000000
7070,-2560.000000,480.000000
7071,-2560.000000,480.000000
7072,-2520.000000,480.000000
7073,-2560.000000,480.000000
7074,-2520.000000,480.000000
7075,-2520.000000,480.000000
7076,-2520.000000,520.000000
7077,-2520.000000,480.000000
7078,-2520.000000,480.000000
7079,-2520.000000,480.000000
7080,-2520.000000,480.000000
7081,-2560.000000,480.000000
7082,-2520.000000,480.000000
7083,-2480.000000,480.000000
7084,-2520.000000,480.000000
7085,-2480.000000,480.000000
7086,-2480.000000,480.000000
7087,-2520.000000,480.000000
7088,-2480.000000,520.000000
7089,-2480.000000,480.000000
7090,-2480.000000,480.000000
7091,-2520.000000,480.000000
7092,-2480.000000,480.000000
7093,-2480.000000,520.000000
7094,-2480.000000,520.000000
7095,-2480.000000,480.000000
7096,-2480.000000,480.000000
7097,-2480.000000,480.000000
7098,-2440.000000,520.000000
7099,-2480.000000,480.000000
7100,-2480.000000,480.000000
7101,-2440.000000,480.000000
7102,-2480.000000,480.000000
7103,-2440.000000,480.000000
7104,-2440.000000,480.000000
7105,-2440.000000,480.000000
7106,-2440.000000,520.000000
7107,-2440.000000,480.000000
7108,-2440.000000,520.000000
7109,-2440.000000,480.000000
7110,-2440.000000,480.000000
7111,-2440.000000,480.000000
7112,-2440.000000,480.000000
7113,-2440.000000,480.000000
7114,-2440.000000,520.000000
7115,-2440.000000,480.000000
7116,-2440.000000,480.000000
7117,-2440.000000,520.000000
7118,-2400.000000,480.000000
7119,-2400.000000,520.000000
7120,-2400.000000,520.000000
7121,-2400.000000,520.000000
7122,-2440.000000,480.000000
7123,-2400.000000,520.000000
7124,-2400.000000,520.000000
7125,-2400.000000,520.000000
7126,-2400.000000,520.000000
7127,-2400.000000,520.000000
7128,-2400.000000,520.000000
7129,-2400.000000,520.000000
7130,-2400.000000,520.000000
7131,-2400.000000,520.000000
7132,-2360.000000,480.000000
7133,-2400.000000,480.000000
7134,-2400.000000,520.000000
7135,-2400.000000,480.000000
7136,-2400.000000,480.000000
7137,-2360.000000,520.000000
7138,-2360.000000,480.000000
7139,-2360.000000,480.000000
7140,-2360.000000,520.000000
7141,-2360.000000,480.000000
7142,-2360.000000,480.000000
7143,-2360.000000,480.000000
7144,-2360.000000,480.000000
7145,-2360.000000,480.000000
7146,-2360.000000,480.000000
7147,-2360.000000,480.000000
7148,-2360.000000,480.000000
7149,-2360.000000,480.000000
7150,-2360.000000,480.000000
7151,-2320.000000,480.000000
7152,-2360.000000,480.000000
7153,-2360.000000,520.000000
7154,-2320.000000,480.000000
7155,-2320.000000,480.000000
7156,-2360.000000,480.000000
7157,-2320.000000,480.000000
7158,-2320.000000,520.000000
7159,-2320.000000,480.000000
7160,-2320.000000,480.000000
7161,-2320.000000,480.000000
7162,-2320.000000,480.000000
7163,-2360.000000,480.000000
7164,-2320.000000,480.000000
7165,-2320.000000,480.000000
7166,-2280.000000,520.000000
7167,-2280.000000,480.000000
7168,-2280.000000,480.000000
7169,-2320.000000,480.000000
7170,-2320.000000,480.000000
7171,-2280.000000,480.000000
7172,-2320.000000,520.000000
7173,-2280.000000,480.000000
7174,-2280.000000,480.000000
7175,-2280.000000,480.000000
7176,-2280.000000,480.000000
7177,-2280.000000,520.000000
7178,-2280.000000,480.000000
7179,-2280.000000,520.000000
7180,-2280.000000,480.000000
7181,-2280.000000,480.000000
7182,-2280.000000,480.000000
7183,-2280.000000,480.000000
7184,-2240.000000,480.000000
7185,-2280.000000,520.000000
7186,-2240.000000,480.000000
7187,-2280.000000,480.000000
7188,-2240.000000,480.000000
7189,-2240.000000,480.000000
7190,-2240.000000,480.000000
7191,-2240.000000,480.000000
7192,-2240.000000,480.000000
7193,-2280.000000,480.000000
7194,-2240.000000,480.000000
7195,-2280.000000,480.000000
7196,-2240.000000,480.000000
7197,-2240.000000,520.000000
7198,-2240.000000,480.000000
7199,-2240.000000,480.000000
7200,-2240.000000,520.000000
7201,-2240.000000,480.000000
7202,-2240.000000,480.000000
7203,-2240.000000,480.000000
7204,-2200.000000,480.000000
7205,-2200.000000,520.000000
7206,-2200.000000,480.000000
7207,-2200.000000,480.000000
7208,-2200.000000,480.000000
7209,-2200.000000,520.000000
7210,-2200.000000,480.000000
7211,-2240.000000,480.000000
7212,-2200.000000,480.000000
7213,-2240.000000,480.000000
7214,-2200.000000,480.000000
7215,-2200.000000,480.000000
7216,-2200.000000,480.000000
7217,-2200.000000,480.000000
7218,-2200.000000,480.000000
7219,-2200.000000,480.000000
7220,-2200.000000,480.000000
7221,-2200.000000,520.000000
7222,-2160.000000,480.000000
7223,-2160.000000,480.000000
7224,-2160.000000,480.000000
7225,-2160.000000,480.000000
7226,-2160.000000,480.000000
7227,-2160.000000,480.000000
7228,-2160.000000,480.000000
7229,-2160.000000,480.000000
7230,-2160.000000,480.000000
7231,-2160.000000,480.000000
7232,-2160.000000,480.000000
7233,-2160.000000,480.000000
7234,-2160.000000,520.000000
7235,-2160.000000,480.000000
7236,-2160.000000,480.000000
7237,-2160.000000,480.000000
7238,-2120.000000,520.000000
7239,-2120.000000,480.000000
7240,-2120.000000,480.000000
7241,-2160.000000,480.000000
7242,-2160.000000,480.000000
7243,-2120.000000,480.000000
7244,-2120.000000,480.000000
7245,-2120.000000,480.000000
7246,-2120.000000,480.000000
7247,-2120.000000,480.000000
7248,-2120.000000,480.000000
7249,-2120.000000,480.000000
7250,-2120.000000,480.000000
7251,-2120.000000,480.000000
7252,-2120.000000,480.000000
7253,-2080.000000,480.000000
7254,-2120.000000,480.000000
7255,-2120.000000,480.000000
7256,-2120.000000,480.000000
7257,-2080.000000,480.000000
7258,-2120.000000,480.000000
7259,-2080.000000,480.000000
7260,-2120.000000,520.000000
7261,-2080.000000,480.000000
7262,-2080.000000,480.000000
7263,-2080.000000,480.000000
7264,-2080.000000,480.000000
7265,-2080.000000,520.000000
7266,-2080.000000,520.000000
7267,-2080.000000,480.000000
7268,-2080.000000,480.000000
7269,-2080.000000,480.000000
7270,-2080.000000,480.000000
7271,-2080.000000,480.000000
7272,-2080.000000,480.000000
7273,-2040.000000,480.000000
7274,-2040.000000,480.000000
7275,-2040.000000,480.000000
7276,-2080.000000,480.000000
7277,-2080.000000,480.000000
7278,-2040.000000,480.000000
7279,-2040.000000,440.000000
7280,-2040.000000,480.000000
7281,-2040.000000,480.000000
7282,-2040.000000,480.000000
7283,-2040.000000,520.000000
7284,-2040.000000,480.000000
7285,-2040.000000,480.000000
7286,-2040.000000,520.000000
7287,-2040.000000,520.000000
7288,-2000.000000,520.000000
7289,-2040.000000,480.000000
7290,-2040.000000,480.000000
7291,-2040.000000,480.000000
7292,-2040.000000,520.000000
7293,-2000.000000,480.000000
7294,-2000.000000,480.000000
7295,-2000.000000,480.000000
7296,-2000.000000,480.000000
7297,-2000.000000,480.000000
7298,-2000.000000,520.000000
7299,-2000.000000,480.000000
7300,-2000.000000,480.000000
7301,-2000.000000,480.000000
7302,-2000.000000,480.000000
7303,-2000.000000,480.000000
7304,-2000.000000,520.000000
7305,-2000.000000,520.000000
7306,-2000.000000,520.000000
7307,-1960.000000,480.000000
7308,-1960.000000,480.000000
7309,-1960.000000,480.000000
7310,-1960.000000,480.000000
7311,-1960.000000,480.000000
7312,-2000.000000,480.000000
7313,-1960.000000,480.000000
7314,-1960.000000,480.000000
7315,-1960.000000,480.000000
7316,-1960.000000,480.000000
7317,-1960.000000,480.000000
7318,-1920.000000,480.000000
7319,-1960.000000,480.000000
7320,-1960.000000,480.000000
7321,-1960.000000,520.000000
7322,-1960.000000,520.000000
7323,-1960.000000,480.000000
7324,-1960.000000,480.000000
7325,-1960.000000,480.000000
7326,-1960.000000,480.000000
7327,-1920.000000,480.000000
7328,-1920.000000,480.000000
7329,-1920.000000,480.000000
7330,-1920.000000,480.000000
7331,-1920.000000,480.000000
7332,-1960.000000,480.000000
7333,-1920.000000,480.000000
7334,-1960.000000,480.000000
7335,-1920.000000,480.000000
7336,-1920.000000,480.000000
7337,-1920.000000,480.000000
7338,-1920.000000,480.000000
7339,-1920.000000,480.000000
7340,-1920.000000,520.000000
7341,-1920.000000,480.000000
7342,-1920.000000,480.000000
7343,-1920.000000,480.000000
7344,-1880.000000,520.000000
7345,-1880.000000,480.000000
7346,-1880.000000,520.000000
7347,-1880.000000,480.000000
7348,-1880.000000,480.000000
7349,-1880.000000,480.000000
7350,-1880.000000,480.000000
7351,-1880.000000,480.000000
7352,-1840.000000,480.000000
7353,-1880.000000,480.000000
7354,-1840.000000,520.000000
7355,-1880.000000,520.000000
7356,-1880.000000,480.000000
7357,-1880.000000,520.000000
7358,-1840.000000,520.000000
7359,-1880.000000,520.000000
7360,-1880.000000,480.000000
7361,-1880.000000,520.000000
7362,-1880.000000,480.000000
7363,-1840.000000,480.000000
7364,-1880.000000,520.000000
7365,-1840.000000,520.000000
7366,-1840.000000,480.000000
7367,-1840.000000,480.000000
7368,-1840.000000,480.000000
7369,-1840.000000,480.000000
7370,-1840.000000,480.000000
7371,-1840.000000,480.000000
7372,-1840.000000,480.000000
7373,-1840.000000,480.000000
7374,-1840.000000,520.000000
7375,-1800.000000,480.000000
7376,-1840.000000,480.000000
7377,-1840.000000,480.000000
7378,-1800.000000,480.000000
7379,-1800.000000,520.000000
7380,-1800.000000,480.000000
7381,-1840.000000,480.000000
7382,-1800.000000,480.000000
7383,-1800.000000,480.000000
7384,-1800.000000,480.000000
7385,-1800.000000,480.000000
7386,-1760.000000,480.000000
7387,-1800.000000,480.000000
7388,-1800.000000,520.000000
7389,-1800.000000,520.000000
7390,-1800.000000,480.000000
7391,-1800.000000,480.000000
7392,-1800.000000,480.000000
7393,-1760.000000,480.000000
7394,-1760.000000,480.000000
7395,-1800.000000,480.000000
7396,-1760.000000,480.000000
7397,-1760.000000,480.000000
7398,-1760.000000,520.000000
7399,-1760.000000,480.000000
7400,-1760.000000,520.000000
7401,-1760.000000,480.000000
7402,-1760.000000,480.000000
7403,-1760.000000,520.000000
7404,-1760.000000,480.000000
7405,-1760.000000,480.000000
7406,-1760.000000,480.000000
7407,-1720.000000,480.000000
7408,-1760.000000,480.000000
7409,-1760.000000,520.000000
7410,-1760.000000,480.000000
7411,-1760.000000,520.000000
7412,-1720.000000,480.000000
7413,-1720.000000,480.000000
7414,-1720.000000,520.000000
7415,-1720.000000,480.000000
7416,-1720.000000,480.000000
7417,-1720.000000,480.000000
7418,-1720.000000,520.000000
7419,-1720.000000,480.000000
7420,-1720.000000,480.000000
7421,-1720.000000,480.000000
7422,-1680.000000,480.000000
7423,-1720.000000,480.000000
7424,-1720.000000,480.000000
7425,-1720.000000,480.000000
7426,-1720.000000,480.000000
7427,-1720.000000,480.000000
7428,-1680.000000,520.000000
7429,-1720.000000,520.000000
7430,-1680.000000,480.000000
7431,-1680.000000,480.000000
7432,-1680.000000,480.000000
7433,-1680.000000,520.000000
7434,-1680.000000,520.000000
7435,-1680.000000,480.000000
7436,-1680.000000,520.000000
7437,-1680.000000,520.000000
7438,-1680.000000,520.000000
7439,-1640.000000,480.000000
7440,-1680.000000,480.000000
7441,-1680.000000,480.000000
7442,-1680.000000,480.000000
7443,-1680.000000,480.000000
7444,-1680.000000,480.000000
7445,-1680.000000,480.000000
7446,-1640.000000,480.000000
7447,-1640.000000,480.000000
7448,-1640.000000,480.000000
7449,-1640.000000,480.000000
7450,-1640.000000,480.000000
7451,-1640.000000,520.000000
7452,-1640.000000,480.000000
7453,-1640.000000,520.000000
7454,-1640.000000,480.000000
7455,-1640.000000,520.000000
7456,-1640.000000,480.000000
7457,-1640.000000,480.000000
7458,-1640.000000,480.000000
7459,-1640.000000,480.000000
7460,-1640.000000,480.000000
7461,-1640.000000,480.000000
7462,-1640.000000,480.000000
7463,-1640.000000,480.000000
7464,-1640.000000,480.000000
7465,-1600.000000,520.000000
7466,-1640.000000,520.000000
7467,-1640.000000,480.000000
7468,-1600.000000,520.000000
7469,-1600.000000,480.000000
7470,-1600.000000,480.000000
7471,-1600.000000,520.000000
7472,-1600.000000,480.000000
7473,-1600.000000,480.000000
7474,-1600.000000,480.000000
7475,-1560.000000,520.000000
7476,-1600.000000,480.000000
7477,-1600.000000,480.000000
7478,-1600.000000,480.000000
7479,-1600.000000,480.000000
7480,-1600.000000,480.000000
7481,-1560.000000,480.000000
7482,-1560.000000,480.000000
7483,-1600.000000,480.000000
7484,-1600.000000,480.000000
7485,-1560.000000,480.000000
7486,-1600.000000,520.000000
7487,-1560.000000,480.000000
7488,-1560.000000,520.000000
7489,-1560.000000,480.000000
7490,-1560.000000,480.000000
7491,-1560.000000,480.000000
7492,-1560.000000,480.000000
7493,-1520.000000,480.000000
7494,-1560.000000,480.000000
7495,-1560.000000,480.000000
7496,-1520.000000,520.000000
7497,-1520.000000,520.000000
7498,-1520.000000,520.000000
7499,-1560.000000,480.000000
7500,-1520.000000,520.000000
7501,-1520.000000,480.000000
7502,-1520.000000,520.000000
7503,-1520.000000,520.000000
7504,-1520.000000,520.000000
7505,-1520.000000,520.000000
7506,-1520.000000,480.000000
7507,-1520.000000,480.000000
7508,-1520.000000,480.000000
7509,-1520.000000,480.000000
7510,-1520.000000,480.000000
7511,-1520.000000,480.000000
7512,-1520.000000,520.000000
7513,-1480.000000,480.000000
7514,-1520.000000,480.000000
7515,-1520.000000,480.000000
7516,-1520.000000,480.000000
7517,-1520.000000,480.000000
7518,-1520.000000,480.000000
7519,-1480.000000,480.000000
7520,-1520.000000,520.000000
7521,-1520.000000,-480.000000
7522,-1560.000000,-520.000000
7523,-1600.000000,-480.000000
7524,-1600.000000,-520.000000
7525,-1640.000000,-520.000000
7526,-1640.000000,-480.000000
7527,-1600.000000,-480.000000
7528,-1600.000000,-520.000000
7529,-1520.000000,-480.000000
7530,-1400.000000,-520.000000
7531,-1240.000000,-480.000000
7532,-1040.000000,-520.000000
7533,-880.000000,-480.000000
7534,-720.000000,-480.000000
7535,-520.000000,-480.000000
7536,-360.000000,-480.000000
7537,-240.000000,-520.000000
7538,-40.000000,-520.000000
7539,80.000000,-480.000000
7540,320.000000,-480.000000
7541,480.000000,-480.000000
7542,640.000000,-480.000000
7543,800.000000,-480.000000
7544,960.000000,-480.000000
7545,1120.000000,-480.000000
7546,1240.000000,-480.000000
7547,1320.000000,-480.000000
7548,1400.000000,-480.000000
7549,1440.000000,-480.000000
7550,1480.000000,-520.000000
7551,1480.000000,-480.000000
7552,1480.000000,-480.000000
7553,1520.000000,-480.000000
7554,1480.000000,-480.000000
7555,1520.000000,-480.000000
7556,1520.000000,-480.000000
7557,1520.000000,-480.000000
7558,1520.000000,-480.000000
7559,1520.000000,-520.000000
7560,1520.000000,-480.000000
7561,1560.000000,-520.000000
7562,1520.000000,-480.000000
7563,1520.000000,-480.000000
7564,1520.000000,-480.000000
7565,1520.000000,-480.000000
7566,1520.000000,-520.000000
7567,1520.000000,-520.000000
7568,1560.000000,-480.000000
7569,1520.000000,-520.000000
7570,1520.000000,-520.000000
7571,1560.000000,-480.000000
7572,1560.000000,-480.000000
7573,1560.000000,-480.000000
7574,1560.000000,-520.000000
7575,1560.000000,-480.000000
7576,1560.000000,-480.000000
7577,1560.000000,-480.000000
7578,1600.000000,-480.000000
7579,1560.000000,-480.000000
7580,1600.000000,-480.000000
7581,1600.000000,-480.000000
7582,1560.000000,-480.000000
7583,1560.000000,-520.000000
7584,1560.000000,-480.000000
7585,1560.000000,-480.000000
7586,1560.000000,-480.000000
7587,1560.000000,-480.000000
7588,1600.000000,-480.000000
7589,1600.000000,-480.000000
7590,1600.000000,-480.000000
7591,1600.000000,-480.000000
7592,1600.000000,-480.000000
7593,1600.000000,-480.000000
7594,1640.000000,-480.000000
7595,1600.000000,-520.000000
7596,1600.000000,-480.000000
7597,1600.000000,-480.000000
7598,1640.000000,-480.000000
7599,1640.000000,-480.000000
7600,1640.000000,-480.000000
7601,1640.000000,-480.000000
7602,1640.000000,-480.000000
7603,1640.000000,-480.000000
7604,1600.000000,-480.000000
7605,1640.000000,-480.000000
7606,1640.000000,-520.000000
7607,1640.000000,-480.000000
7608,1640.000000,-480.000000
7609,1640.000000,-480.000000
7610,1640.000000,-480.000000
7611,1640.000000,-480.000000
7612,1640.000000,-480.000000
7613,1640.000000,-480.000000
7614,1640.000000,-480.000000
7615,1680.000000,-520.000000
7616,1680.000000,-480.000000
7617,1680.000000,-480.000000
7618,1640.000000,-520.000000
7619,1680.000000,-480.000000
7620,1680.000000,-520.000000
7621,1680.000000,-520.000000
7622,1680.000000,-480.000000
7623,1680.000000,-480.000000
7624,1680.000000,-480.000000
7625,1680.000000,-480.000000
7626,1680.000000,-480.000000
7627,1680.000000,-480.000000
7628,1680.000000,-480.000000
7629,1680.000000,-480.000000
7630,1680.000000,-480.000000
7631,1680.000000,-480.000000
7632,1720.000000,-480.000000
7633,1720.000000,-520.000000
7634,1720.000000,-480.000000
7635,1680.000000,-480.000000
7636,1720.000000,-480.000000
7637,1720.000000,-480.000000
7638,1680.000000,-520.000000
7639,1680.000000,-480.000000
7640,1720.000000,-520.000000
7641,1720.000000,-480.000000
7642,1720.000000,-520.000000
7643,1720.000000,-480.000000
7644,1720.000000,-480.000000
7645,1720.000000,-520.000000
7646,1720.000000,-480.000000
7647,1720.000000,-520.000000
7648,1720.000000,-480.000000
7649,1760.000000,-480.000000
7650,1720.000000,-480.000000
7651,1760.000000,-480.000000
7652,1760.000000,-480.000000
7653,1720.000000,-520.000000
7654,1720.000000,-480.000000
7655,1760.000000,-480.000000
7656,1760.000000,-480.000000
7657,1720.000000,-520.000000
7658,1760.000000,-480.000000
7659,1760.000000,-480.000000
7660,1760.000000,-520.000000
7661,1760.000000,-480.000000
7662,1760.000000,-520.000000
7663,1760.000000,-480.000000
7664,1760.000000,-480.000000
7665,1760.000000,-480.000000
7666,1800.000000,-480.000000
7667,1800.000000,-480.000000
7668,1800.000000,-480.000000
7669,1760.000000,-480.000000
7670,1800.000000,-480.000000
7671,1800.000000,-480.000000
7672,1760.000000,-480.000000
7673,1800.000000,-480.000000
7674,1800.000000,-480.000000
7675,1800.000000,-480.000000
7676,1800.000000,-480.000000
7677,1760.000000,-480.000000
7678,1800.000000,-480.000000
7679,1800.000000,-480.000000
7680,1800.000000,-480.000000
7681,1800.000000,-480.000000
7682,1800.000000,-520.000000
7683,1800.000000,-480.000000
7684,1800.000000,-520.000000
7685,1800.000000,-480.000000
7686,1840.000000,-520.000000
7687,1800.000000,-480.000000
7688,1800.000000,-480.000000
7689,1840.000000,-480.000000
7690,1840.000000,-480.000000
7691,1840.000000,-480.000000
7692,1840.000000,-480.000000
7693,1840.000000,-480.000000
7694,1840.000000,-480.000000
7695,1840.000000,-480.000000
7696,1840.000000,-480.000000
7697,1840.000000,-480.000000
7698,1840.000000,-520.000000
7699,1840.000000,-480.000000
7700,1880.000000,-480.000000
7701,1840.000000,-480.000000
7702,1840.000000,-480.000000
7703,1840.000000,-520.000000
7704,1880.000000,-520.000000
7705,1880.000000,-520.000000
7706,1880.000000,-520.000000
7707,1880.000000,-520.000000
7708,1880.000000,-520.000000
7709,1880.000000,-480.000000
7710,1840.000000,-480.000000
7711,1880.000000,-480.000000
7712,1880.000000,-520.000000
7713,1880.000000,-480.000000
7714,1880.000000,-520.000000
7715,1880.000000,-480.000000
7716,1880.000000,-520.000000
7717,1880.000000,-480.000000
7718,1920.000000,-480.000000
7719,1880.000000,-480.000000
7720,1880.000000,-480.000000
7721,1920.000000,-480.000000
7722,1920.000000,-520.000000
7723,1920.000000,-480.000000
7724,1920.000000,-480.000000
7725,1920.000000,-480.000000
7726,1880.000000,-480.000000
7727,1920.000000,-480.000000
7728,1920.000000,-520.000000
7729,1920.000000,-480.000000
7730,1920.000000,-480.000000
7731,1920.000000,-480.000000
7732,1920.000000,-480.000000
7733,1920.000000,-480.000000
7734,1920.000000,-520.000000
7735,1920.000000,-520.000000
7736,1920.000000,-480.000000
7737,1960.000000,-520.000000
7738,1920.000000,-480.000000
7739,1960.000000,-480.000000
7740,1920.000000,-480.000000
7741,1920.000000,-520.000000
7742,1960.000000,-520.000000
7743,1960.000000,-480.000000
7744,1960.000000,-520.000000
7745,1920.000000,-520.000000
7746,1960.000000,-520.000000
7747,1960.000000,-520.000000
7748,1960.000000,-480.000000
7749,1960.000000,-480.000000
7750,1960.000000,-480.000000
7751,1960.000000,-520.000000
7752,1960.000000,-480.000000
7753,1960.000000,-480.000000
7754,1960.000000,-480.000000
7755,1960.000000,-480.000000
7756,1960.000000,-480.000000
7757,2000.000000,-480.000000
7758,1960.000000,-520.000000
7759,2000.000000,-480.000000
7760,2000.000000,-480.000000
7761,2000.000000,-480.000000
7762,2000.000000,-520.000000
7763,2000.000000,-480.000000
7764,2000.000000,-520.000000
7765,2000.000000,-520.000000
7766,2000.000000,-480.000000
7767,2000.000000,-480.000000
7768,2000.000000,-480.000000
7769,2000.000000,-480.000000
7770,2000.000000,-480.000000
7771,2040.000000,-520.000000
7772,2000.000000,-520.000000
7773,2000.000000,-480.000000
7774,2040.000000,-480.000000
7775,2040.000000,-480.000000
7776,2040.000000,-480.000000
7777,2040.000000,-480.000000
7778,2000.000000,-480.000000
7779,2040.000000,-480.000000
7780,2000.000000,-520.000000
7781,2040.000000,-480.000000
7782,2040.000000,-480.000000
7783,2040.000000,-480.000000
7784,2040.000000,-480.000000
7785,2040.000000,-480.000000
7786,2080.000000,-480.000000
7787,2040.000000,-520.000000
7788,2040.000000,-480.000000
7789,2040.000000,-480.000000
7790,2040.000000,-480.000000
7791,2080.000000,-480.000000
7792,2080.000000,-520.000000
7793,2080.000000,-480.000000
7794,2080.000000,-480.000000
7795,2080.000000,-480.000000
7796,2080.000000,-480.000000
7797,2080.000000,-520.000000
7798,2080.000000,-520.000000
7799,2080.000000,-480.000000
7800,2080.000000,-520.000000
7801,2080.000000,-480.000000
7802,2080.000000,-480.000000
7803,2120.000000,-520.000000
7804,2080.000000,-520.000000
7805,2080.000000,-480.000000
7806,2120.000000,-520.000000
7807,2120.000000,-520.000000
7808,2120.000000,-480.000000
7809,2120.000000,-480.000000
7810,2120.000000,-480.000000
7811,2120.000000,-520.000000
7812,2120.000000,-480.000000
7813,2120.000000,-480.000000
7814,2160.000000,-480.000000
7815,2120.000000,-520.000000
7816,2120.000000,-480.000000
7817,2120.000000,-520.000000
7818,2120.000000,-480.000000
7819,2120.000000,-480.000000
7820,2120.000000,-480.000000
7821,2120.000000,-480.000000
7822,2120.000000,-520.000000
7823,2120.000000,-520.000000
7824,2120.000000,-480.000000
7825,2160.000000,-480.000000
7826,2160.000000,-480.000000
7827,2120.000000,-480.000000
7828,2120.000000,-480.000000
7829,2160.000000,-480.000000
7830,2160.000000,-480.000000
7831,2160.000000,-480.000000
7832,2160.000000,-480.000000
7833,2160.000000,-480.000000
7834,2160.000000,-480.000000
7835,2160.000000,-480.000000
7836,2200.000000,-520.000000
7837,2160.000000,-520.000000
7838,2160.000000,-520.000000
7839,2160.000000,-520.000000
7840,2160.000000,-520.000000
7841,2160.000000,-480.000000
7842,2200.000000,-480.000000
7843,2200.000000,-480.000000
7844,2200.000000,-520.000000
7845,2200.000000,-480.000000
7846,2200.000000,-480.000000
7847,2200.000000,-480.000000
7848,2200.000000,-480.000000
7849,2200.000000,-520.000000
7850,2200.000000,-520.000000
7851,2200.000000,-520.000000
7852,2200.000000,-520.000000
7853,2240.000000,-480.000000
7854,2200.000000,-480.000000
7855,2200.000000,-480.000000
7856,2200.000000,-480.000000
7857,2240.000000,-480.000000
7858,2240.000000,-520.000000
7859,2200.000000,-480.000000
7860,2240.000000,-520.000000
7861,2240.000000,-480.000000
7862,2240.000000,-520.000000
7863,2240.000000,-520.000000
7864,2240.000000,-480.000000
7865,2240.000000,-480.000000
7866,2240.000000,-520.000000
7867,2240.000000,-480.000000
7868,2280.000000,-480.000000
7869,2240.000000,-480.000000
7870,2240.000000,-480.000000
7871,2240.000000,-520.000000
7872,2280.000000,-480.000000
7873,2280.000000,-480.000000
7874,2240.000000,-480.000000
7875,2240.000000,-480.000000
7876,2280.000000,-480.000000
7877,2280.000000,-480.000000
7878,2280.000000,-480.000000
7879,2280.000000,-520.000000
7880,2280.000000,-480.000000
7881,2280.000000,-480.000000
7882,2280.000000,-480.000000
7883,2280.000000,-480.000000
7884,2280.000000,-480.000000
7885,2280.000000,-480.000000
7886,2280.000000,-520.000000
7887,2280.000000,-480.000000
7888,2280.000000,-520.000000
7889,2320.000000,-480.000000
7890,2280.000000,-480.000000
7891,2280.000000,-520.000000
7892,2320.000000,-480.000000
7893,2320.000000,-520.000000
7894,2320.000000,-480.000000
7895,2320.000000,-480.000000
7896,2320.000000,-520.000000
7897,2320.000000,-480.000000
7898,2320.000000,-480.000000
7899,2320.000000,-480.000000
7900,2360.000000,-480.000000
7901,2360.000000,-520.000000
7902,2320.000000,-480.000000
7903,2320.000000,-480.000000
7904,2320.000000,-480.000000
7905,2320.000000,-480.000000
7906,2360.000000,-480.000000
7907,2320.000000,-520.000000
7908,2360.000000,-480.000000
7909,2360.000000,-520.000000
7910,2360.000000,-480.000000
7911,2360.000000,-480.000000
7912,2360.000000,-520.000000
7913,2360.000000,-480.000000
7914,2360.000000,-480.000000
7915,2360.000000,-480.000000
7916,2360.000000,-520.000000
7917,2360.000000,-480.000000
7918,2360.000000,-480.000000
7919,2360.000000,-480.000000
7920,2400.000000,-480.000000
7921,2400.000000,-520.000000
7922,2360.000000,-480.000000
7923,2360.000000,-480.000000
7924,2360.000000,-520.000000
7925,2360.000000,-480.000000
7926,2360.000000,-480.000000
7927,2360.000000,-520.000000
7928,2400.000000,-520.000000
7929,2400.000000,-520.000000
7930,2400.000000,-480.000000
7931,2400.000000,-480.000000
7932,2400.000000,-480.000000
7933,2400.000000,-480.000000
7934,2400.000000,-480.000000
7935,2400.000000,-480.000000
7936,2400.000000,-480.000000
7937,2400.000000,-520.000000
7938,2400.000000,-520.000000
7939,2440.000000,-480.000000
7940,2440.000000,-520.000000
7941,2440.000000,-480.000000
7942,2440.000000,-520.000000
7943,2440.000000,-520.000000
7944,2400.000000,-480.000000
7945,2440.000000,-480.000000
7946,2400.000000,-520.000000
7947,2440.000000,-480.000000
7948,2440.000000,-480.000000
7949,2440.000000,-480.000000
7950,2440.000000,-480.000000
7951,2440.000000,-480.000000
7952,2440.000000,-480.000000
7953,2440.000000,-480.000000
7954,2440.000000,-520.000000
7955,2440.000000,-520.000000
7956,2480.000000,-480.000000
7957,2480.000000,-480.000000
7958,2480.000000,-480.000000
7959,2440.000000,-520.000000
7960,2480.000000,-520.000000
7961,2480.000000,-520.000000
7962,2480.000000,-520.000000
7963,2480.000000,-480.000000
7964,2480.000000,-520.000000
7965,2480.000000,-480.000000
7966,2480.000000,-520.000000
7967,2520.000000,-520.000000
7968,2480.000000,-480.000000
7969,2480.000000,-480.000000
7970,2480.000000,-480.000000
7971,2480.000000,-480.000000
7972,2480.000000,-480.000000
7973,2480.000000,-520.000000
7974,2480.000000,-480.000000
7975,2520.000000,-480.000000
7976,2520.000000,-480.000000
7977,2520.000000,-480.000000
7978,2520.000000,-480.000000
7979,2480.000000,-520.000000
7980,2520.000000,-520.000000
7981,2520.000000,-480.000000
7982,2520.000000,-480.000000
7983,2520.000000,-520.000000
7984,2520.000000,-520.000000
7985,2520.000000,-520.000000
7986,2520.000000,-480.000000
7987,2520.000000,-520.000000
7988,2520.000000,-520.000000
7989,2520.000000,-520.000000
7990,2520.000000,-480.000000
7991,2520.000000,-480.000000
7992,2560.000000,-520.000000
7993,2520.000000,-520.000000
7994,2560.000000,-520.000000
7995,2560.000000,-480.000000
7996,2560.000000,-480.000000
7997,2560.000000,-480.000000
7998,2560.000000,-520.000000
7999,2560.000000,-520.000000
8000,2560.000000,-480.000000
8001,2560.000000,-520.000000
8002,2560.000000,-480.000000
8003,2560.000000,-520.000000
8004,2600.000000,-480.000000
8005,2600.000000,-520.000000
8006,2560.000000,-480.000000
8007,2560.000000,-480.000000
8008,2560.000000,-480.000000
8009,2560.000000,-480.000000
8010,2560.000000,-480.000000
8011,2600.000000,-480.000000
8012,2600.000000,-520.000000
8013,2600.000000,-520.000000
8014,2600.000000,-480.000000
8015,2640.000000,-480.000000
8016,2600.000000,-480.000000
8017,2600.000000,-480.000000
8018,2560.000000,-520.000000
8019,2640.000000,-480.000000
8020,2640.000000,-480.000000
8021,2600.000000,-480.000000
8022,2600.000000,-480.000000
8023,2600.000000,-480.000000
8024,2600.000000,-480.000000
8025,2640.000000,-480.000000
8026,2640.000000,-480.000000
8027,2640.000000,-480.000000
8028,2640.000000,-480.000000
8029,2640.000000,-520.000000
8030,2640.000000,-480.000000
8031,2640.000000,-480.000000
8032,2640.000000,-480.000000
8033,2640.000000,-480.000000
8034,2640.000000,-480.000000
8035,2640.000000,-480.000000
8036,2640.000000,-480.000000
8037,2640.000000,-480.000000
8038,2640.000000,-480.000000
8039,2680.000000,-520.000000
8040,2640.000000,-480.000000
8041,2640.000000,-480.000000
8042,2680.000000,-480.000000
8043,2640.000000,-480.000000
8044,2680.000000,-480.000000
8045,2680.000000,-480.000000
8046,2680.000000,-480.000000
8047,2680.000000,-480.000000
8048,2680.000000,-480.000000
8049,2680.000000,-480.000000
8050,2680.000000,-480.000000
8051,2680.000000,-480.000000
8052,2680.000000,-480.000000
8053,2680.000000,-480.000000
8054,2680.000000,-480.000000
8055,2680.000000,-520.000000
8056,2680.000000,-480.000000
8057,2680.000000,-480.000000
8058,2680.000000,-520.000000
8059,2720.000000,-480.000000
8060,2720.000000,-480.000000
8061,2720.000000,-480.000000
8062,2680.000000,-480.000000
8063,2720.000000,-480.000000
8064,2720.000000,-480.000000
8065,2720.000000,-480.000000
8066,2720.000000,-520.000000
8067,2720.000000,-520.000000
8068,2680.000000,-480.000000
8069,2720.000000,-480.000000
8070,2720.000000,-480.000000
8071,2720.000000,-480.000000
8072,2760.000000,-480.000000
8073,2720.000000,-480.000000
8074,2760.000000,-480.000000
8075,2760.000000,-480.000000
8076,2760.000000,-480.000000
8077,2760.000000,-480.000000
8078,2760.000000,-480.000000
8079,2760.000000,-480.000000
8080,2760.000000,-480.000000
8081,2760.000000,-480.000000
8082,2720.000000,-480.000000
8083,2760.000000,-480.000000
8084,2760.000000,-480.000000
8085,2760.000000,-480.000000
8086,2760.000000,-480.000000
8087,2760.000000,-480.000000
8088,2760.000000,-480.000000
8089,2760.000000,-520.000000
8090,2760.000000,-480.000000
8091,2800.000000,-480.000000
8092,2760.000000,-520.000000
8093,2760.000000,-480.000000
8094,2760.000000,-480.000000
8095,2800.000000,-480.000000
8096,2800.000000,-480.000000
8097,2800.000000,-480.000000
8098,2800.000000,-520.000000
8099,2840.000000,-480.000000
8100,2800.000000,-480.000000
8101,2800.000000,-480.000000
8102,2800.000000,-480.000000
8103,2840.000000,-480.000000
8104,2800.000000,-480.000000
8105,2840.000000,-480.000000
8106,2800.000000,-480.000000
8107,2800.000000,-480.000000
8108,2800.000000,-480.000000
8109,2800.000000,-480.000000
8110,2840.000000,-480.000000
8111,2840.000000,-480.000000
8112,2840.000000,-480.000000
8113,2800.000000,-480.000000
8114,2840.000000,-480.000000
8115,2840.000000,-520.000000
8116,2840.000000,-520.000000
8117,2840.000000,-480.000000
8118,2840.000000,-480.000000
8119,2840.000000,-480.000000
8120,2840.000000,-520.000000
8121,2840.000000,-480.000000
8122,2840.000000,-520.000000
8123,2880.000000,-480.000000
8124,2840.000000,-520.000000
8125,2880.000000,-520.000000
8126,2840.000000,-520.000000
8127,2840.000000,-480.000000
8128,2880.000000,-520.000000
8129,2880.000000,-520.000000
8130,2840.000000,-480.000000
8131,2880.000000,-480.000000
8132,2880.000000,-520.000000
8133,2880.000000,-480.000000
8134,2840.000000,-520.000000
8135,2920.000000,-520.000000
8136,2880.000000,-520.000000
8137,2880.000000,-480.000000
8138,2880.000000,-520.000000
8139,2880.000000,-480.000000
8140,2880.000000,-480.000000
8141,2880.000000,-520.000000
8142,2920.000000,-480.000000
8143,2880.000000,-480.000000
8144,2880.000000,-480.000000
8145,2920.000000,-520.000000
8146,2920.000000,-480.000000
8147,2920.000000,-520.000000
8148,2920.000000,-480.000000
8149,2920.000000,-480.000000
8150,2880.000000,-480.000000
8151,2880.000000,-480.000000
8152,2880.000000,-520.000000
8153,2880.000000,-480.000000
8154,2880.000000,-480.000000
8155,2920.000000,-480.000000
8156,2880.000000,-480.000000
8157,2880.000000,-480.000000
8158,2880.000000,-480.000000
8159,2880.000000,-520.000000
8160,2880.000000,-480.000000
8161,2880.000000,-520.000000
8162,2880.000000,-480.000000
8163,2880.000000,-520.000000
8164,2880.000000,-520.000000
8165,2880.000000,-520.000000
8166,2880.000000,-480.000000
8167,2840.000000,-480.000000
8168,2880.000000,-480.000000
8169,2840.000000,-480.000000
8170,2840.000000,-480.000000
8171,2840.000000,-520.000000
8172,2840.000000,-480.000000
8173,2840.000000,-480.000000
8174,2840.000000,-480.000000
8175,2840.000000,-480.000000
8176,2840.000000,-520.000000
8177,2840.000000,-520.000000
8178,2840.000000,-480.000000
8179,2840.000000,-480.000000
8180,2800.000000,-480.000000
8181,2800.000000,-520.000000
8182,2840.000000,-480.000000
8183,2800.000000,-480.000000
8184,2840.000000,-520.000000
8185,2800.000000,-480.000000
8186,2800.000000,-520.000000
8187,2800.000000,-480.000000
8188,2800.000000,-480.000000
8189,2800.000000,-480.000000
8190,2800.000000,-480.000000
8191,2800.000000,-520.000000
8192,2800.000000,-520.000000
8193,2760.000000,-480.000000
8194,2800.000000,-480.000000
8195,2800.000000,-480.000000
8196,2800.000000,-480.000000
8197,2760.000000,-520.000000
8198,2800.000000,-480.000000
8199,2760.000000,-480.000000
8200,2800.000000,-480.000000
8201,2760.000000,-480.000000
8202,2760.000000,-520.000000
8203,2760.000000,-480.000000
8204,2800.000000,-480.000000
8205,2760.000000,-520.000000
8206,2760.000000,-480.000000
8207,2760.000000,-520.000000
8208,2800.000000,-480.000000
8209,2760.000000,-480.000000
8210,2760.000000,-480.000000
8211,2760.000000,-480.000000
8212,2760.000000,-480.000000
8213,2760.000000,-480.000000
8214,2760.000000,-480.000000
8215,2760.000000,-520.000000
8216,2720.000000,-480.000000
8217,2720.000000,-520.000000
8218,2760.000000,-520.000000
8219,2720.000000,-480.000000
8220,2720.000000,-520.000000
8221,2760.000000,-480.000000
8222,2720.000000,-520.000000
8223,2720.000000,-520.000000
8224,2720.000000,-480.000000
8225,2720.000000,-520.000000
8226,2720.000000,-520.000000
8227,2720.000000,-480.000000
8228,2720.000000,-480.000000
8229,2720.000000,-480.000000
8230,2680.000000,-520.000000
8231,2720.000000,-520.000000
8232,2720.000000,-520.000000
8233,2680.000000,-480.000000
8234,2680.000000,-520.000000
8235,2720.000000,-480.000000
8236,2720.000000,-520.000000
8237,2720.000000,-480.000000
8238,2680.000000,-520.000000
8239,2680.000000,-480.000000
8240,2680.000000,-480.000000
8241,2680.000000,-520.000000
8242,2680.000000,-520.000000
8243,2680.000000,-520.000000
8244,2680.000000,-520.000000
8245,2680.000000,-480.000000
8246,2680.000000,-480.000000
8247,2640.000000,-520.000000
8248,2680.000000,-480.000000
8249,2680.000000,-480.000000
8250,2680.000000,-520.000000
8251,2680.000000,-480.000000
8252,2680.000000,-520.000000
8253,2640.000000,-520.000000
8254,2640.000000,-520.000000
8255,2640.000000,-480.000000
8256,2640.000000,-520.000000
8257,2640.000000,-480.000000
8258,2640.000000,-520.000000
8259,2640.000000,-520.000000
8260,2640.000000,-480.000000
8261,2640.000000,-480.000000
8262,2640.000000,-480.000000
8263,2640.000000,-480.000000
8264,2640.000000,-480.000000
8265,2640.000000,-480.000000
8266,2640.000000,-480.000000
8267,2600.000000,-480.000000
8268,2640.000000,-480.000000
8269,2640.000000,-480.000000
8270,2640.000000,-520.000000
8271,2640.000000,-480.000000
8272,2600.000000,-480.000000
8273,2600.000000,-520.000000
8274,2600.000000,-480.000000
8275,2600.000000,-480.000000
8276,2600.000000,-520.000000
8277,2600.000000,-480.000000
8278,2600.000000,-480.000000
8279,2600.000000,-520.000000
8280,2600.000000,-480.000000
8281,2600.000000,-480.000000
8282,2600.000000,-480.000000
8283,2600.000000,-480.000000
8284,2560.000000,-480.000000
8285,2600.000000,-480.000000
8286,2600.000000,-480.000000
8287,2560.000000,-480.000000
8288,2600.000000,-480.000000
8289,2560.000000,-480.000000
8290,2560.000000,-480.000000
8291,2600.000000,-480.000000
8292,2560.000000,-480.000000
8293,2560.000000,-480.000000
8294,2560.000000,-480.000000
8295,2560.000000,-520.000000
8296,2560.000000,-480.000000
8297,2560.000000,-520.000000
8298,2560.000000,-480.000000
8299,2520.000000,-480.000000
8300,2560.000000,-480.000000
8301,2560.000000,-480.000000
8302,2560.000000,-520.000000
8303,2560.000000,-480.000000
8304,2520.000000,-480.000000
8305,2520.000000,-480.000000
8306,2520.000000,-520.000000
8307,2520.000000,-480.000000
8308,2560.000000,-480.000000
8309,2520.000000,-480.000000
8310,2520.000000,-480.000000
8311,2520.000000,-480.000000
8312,2520.000000,-480.000000
8313,2520.000000,-520.000000
8314,2520.000000,-480.000000
8315,2520.000000,-480.000000
8316,2520.000000,-480.000000
8317,2520.000000,-480.000000
8318,2520.000000,-520.000000
8319,2520.000000,-520.000000
8320,2520.000000,-520.000000
8321,2480.000000,-520.000000
8322,2520.000000,-520.000000
8323,2480.000000,-480.000000
8324,2480.000000,-480.000000
8325,2520.000000,-480.000000
8326,2480.000000,-480.000000
8327,2480.000000,-480.000000
8328,2480.000000,-480.000000
8329,2480.000000,-520.000000
8330,2480.000000,-480.000000
8331,2480.000000,-480.000000
8332,2480.000000,-480.000000
8333,2480.000000,-480.000000
8334,2480.000000,-480.000000
8335,2480.000000,-480.000000
8336,2480.000000,-480.000000
8337,2480.000000,-480.000000
8338,2480.000000,-480.000000
8339,2440.000000,-480.000000
8340,2440.000000,-520.000000
8341,2440.000000,-480.000000
8342,2440.000000,-520.000000
8343,2440.000000,-520.000000
8344,2440.000000,-520.000000
8345,2440.000000,-520.000000
8346,2440.000000,-480.000000
8347,2440.000000,-480.000000
8348,2440.000000,-480.000000
8349,2440.000000,-520.000000
8350,2400.000000,-480.000000
8351,2440.000000,-520.000000
8352,2440.000000,-480.000000
8353,2440.000000,-480.000000
8354,2400.000000,-480.000000
8355,2440.000000,-520.000000
8356,2440.000000,-520.000000
8357,2400.000000,-520.000000
8358,2400.000000,-480.000000
8359,2400.000000,-480.000000
8360,2400.000000,-480.000000
8361,2400.000000,-480.000000
8362,2440.000000,-480.000000
8363,2400.000000,-480.000000
8364,2400.000000,-520.000000
8365,2400.000000,-520.000000
8366,2360.000000,-480.000000
8367,2400.000000,-520.000000
8368,2400.000000,-520.000000
8369,2400.000000,-480.000000
8370,2400.000000,-480.000000
8371,2360.000000,-520.000000
8372,2360.000000,-480.000000
8373,2360.000000,-520.000000
8374,2360.000000,-480.000000
8375,2360.000000,-480.000000
8376,2360.000000,-520.000000
8377,2360.000000,-520.000000
8378,2360.000000,-480.000000
8379,2360.000000,-520.000000
8380,2360.000000,-480.000000
8381,2360.000000,-480.000000
8382,2360.000000,-480.000000
8383,2360.000000,-520.000000
8384,2360.000000,-480.000000
8385,2360.000000,-480.000000
8386,2360.000000,-480.000000
8387,2360.000000,-480.000000
8388,2320.000000,-480.000000
8389,2320.000000,-480.000000
8390,2360.000000,-520.000000
8391,2360.000000,-480.000000
8392,2320.000000,-520.000000
8393,2320.000000,-480.000000
8394,2320.000000,-480.000000
8395,2320.000000,-480.000000
8396,2320.000000,-520.000000
8397,2320.000000,-520.000000
8398,2320.000000,-480.000000
8399,2320.000000,-520.000000
8400,2320.000000,-480.000000
8401,2320.000000,-520.000000
8402,2280.000000,-480.000000
8403,2320.000000,-520.000000
8404,2280.000000,-480.000000
8405,2280.000000,-520.000000
8406,2280.000000,-480.000000
8407,2320.000000,-520.000000
8408,2280.000000,-520.000000
8409,2280.000000,-520.000000
8410,2320.000000,-520.000000
8411,2280.000000,-520.000000
8412,2280.000000,-480.000000
8413,2280.000000,-520.000000
8414,2280.000000,-520.000000
8415,2280.000000,-520.000000
8416,2240.000000,-520.000000
8417,2280.000000,-520.000000
8418,2280.000000,-520.000000
8419,2280.000000,-480.000000
8420,2280.000000,-480.000000
8421,2280.000000,-520.000000
8422,2280.000000,-480.000000
8423,2280.000000,-480.000000
8424,2280.000000,-480.000000
8425,2280.000000,-480.000000
8426,2240.000000,-480.000000
8427,2240.000000,-480.000000
8428,2240.000000,-480.000000
8429,2280.000000,-480.000000
8430,2240.000000,-480.000000
8431,2240.000000,-520.000000
8432,2240.000000,-520.000000
8433,2240.000000,-480.000000
8434,2240.000000,-480.000000
8435,2240.000000,-480.000000
8436,2240.000000,-520.000000
8437,2240.000000,-480.000000
8438,2200.000000,-480.000000
8439,2200.000000,-520.000000
8440,2240.000000,-480.000000
8441,2200.000000,-520.000000
8442,2200.000000,-480.000000
8443,2200.000000,-520.000000
8444,2200.000000,-520.000000
8445,2200.000000,-480.000000
8446,2200.000000,-520.000000
8447,2240.000000,-480.000000
8448,2200.000000,-480.000000
8449,2200.000000,-480.000000
8450,2200.000000,-480.000000
8451,2200.000000,-480.000000
8452,2160.000000,-480.000000
8453,2200.000000,-520.000000
8454,2200.000000,-480.000000
8455,2160.000000,-520.000000
8456,2160.000000,-480.000000
8457,2200.000000,-520.000000
8458,2160.000000,-480.000000
8459,2160.000000,-480.000000
8460,2200.000000,-480.000000
8461,2160.000000,-480.000000
8462,2160.000000,-480.000000
8463,2200.000000,-480.000000
8464,2160.000000,-480.000000
8465,2160.000000,-480.000000
8466,2160.000000,-520.000000
8467,2160.000000,-480.000000
8468,2120.000000,-520.000000
8469,2160.000000,-520.000000
8470,2120.000000,-480.000000
8471,2120.000000,-520.000000
8472,2120.000000,-480.000000
8473,2160.000000,-480.000000
8474,2160.000000,-520.000000
8475,2160.000000,-480.000000
8476,2120.000000,-520.000000
8477,2120.000000,-480.000000
8478,2120.000000,-480.000000
8479,2120.000000,-480.000000
8480,2120.000000,-480.000000
8481,2120.000000,-520.000000
8482,2120.000000,-520.000000
8483,2120.000000,-520.000000
8484,2080.000000,-480.000000
8485,2120.000000,-520.000000
8486,2120.000000,-520.000000
8487,2120.000000,-520.000000
8488,2120.000000,-520.000000
8489,2120.000000,-480.000000
8490,2080.000000,-520.000000
8491,2120.000000,-520.000000
8492,2080.000000,-480.000000
8493,2120.000000,-480.000000
8494,2120.000000,-480.000000
8495,2080.000000,-520.000000
8496,2080.000000,-520.000000
8497,2080.000000,-520.000000
8498,2080.000000,-480.000000
8499,2040.000000,-480.000000
8500,2080.000000,-480.000000
8501,2080.000000,-480.000000
8502,2080.000000,-520.000000
8503,2080.000000,-520.000000
8504,2040.000000,-520.000000
8505,2040.000000,-520.000000
8506,2040.000000,-520.000000
8507,2080.000000,-480.000000
8508,2040.000000,-480.000000
8509,2040.000000,-520.000000
8510,2040.000000,-520.000000
8511,2040.000000,-520.000000
8512,2040.000000,-520.000000
8513,2040.000000,-520.000000
8514,2040.000000,-520.000000
8515,2040.000000,-480.000000
8516,2040.000000,-480.000000
8517,2040.000000,-480.000000
8518,2040.000000,-520.000000
8519,2040.000000,-520.000000
8520,2040.000000,-480.000000
8521,2040.000000,-480.000000
8522,2040.000000,-480.000000
8523,2040.000000,-480.000000
8524,2040.000000,-480.000000
8525,2000.000000,-480.000000
8526,2000.000000,-480.000000
8527,2040.000000,-520.000000
8528,2000.000000,-520.000000
8529,2000.000000,-520.000000
8530,2000.000000,-480.000000
8531,2000.000000,-480.000000
8532,2040.000000,-480.000000
8533,2000.000000,-480.000000
8534,2000.000000,-480.000000
8535,2000.000000,-480.000000
8536,2000.000000,-480.000000
8537,2000.000000,-480.000000
8538,1960.000000,-520.000000
8539,1960.000000,-480.000000
8540,2000.000000,-520.000000
8541,2000.000000,-480.000000
8542,1960.000000,-520.000000
8543,1960.000000,-480.000000
8544,1960.000000,-480.000000
8545,2000.000000,-480.000000
8546,2000.000000,-520.000000
8547,1960.000000,-480.000000
8548,1960.000000,-480.000000
8549,1960.000000,-480.000000
8550,2000.000000,-480.000000
8551,1960.000000,-480.000000
8552,1960.000000,-480.000000
8553,1920.000000,-520.000000
8554,1960.000000,-520.000000
8555,1960.000000,-520.000000
8556,1960.000000,-520.000000
8557,1920.000000,-480.000000
8558,1960.000000,-480.000000
8559,1960.000000,-520.000000
8560,1920.000000,-480.000000
8561,1920.000000,-480.000000
8562,1920.000000,-480.000000
8563,1920.000000,-480.000000
8564,1920.000000,-480.000000
8565,1920.000000,-480.000000
8566,1920.000000,-520.000000
8567,1920.000000,-480.000000
8568,1920.000000,-480.000000
8569,1920.000000,-480.000000
8570,1920.000000,-520.000000
8571,1920.000000,-480.000000
8572,1920.000000,-480.000000
8573,1920.000000,-480.000000
8574,1920.000000,-520.000000
8575,1880.000000,-520.000000
8576,1920.000000,-480.000000
8577,1880.000000,-520.000000
8578,1920.000000,-520.000000
8579,1880.000000,-480.000000
8580,1880.000000,-520.000000
8581,1880.000000,-520.000000
8582,1920.000000,-480.000000
8583,1880.000000,-480.000000
8584,1880.000000,-520.000000
8585,1880.000000,-480.000000
8586,1920.000000,-520.000000
8587,1880.000000,-520.000000
8588,1880.000000,-480.000000
8589,1880.000000,-480.000000
8590,1880.000000,-480.000000
8591,1880.000000,-480.000000
8592,1840.000000,-520.000000
8593,1880.000000,-480.000000
8594,1880.000000,-480.000000
8595,1840.000000,-480.000000
8596,1840.000000,-480.000000
8597,1840.000000,-480.000000
8598,1880.000000,-520.000000
8599,1840.000000,-480.000000
8600,1840.000000,-520.000000
8601,1840.000000,-480.000000
8602,1840.000000,-480.000000
8603,1840.000000,-480.000000
8604,1840.000000,-520.000000
8605,1840.000000,-480.000000
8606,1840.000000,-520.000000
8607,1840.000000,-520.000000
8608,1840.000000,-520.000000
8609,1840.000000,-520.000000
8610,1840.000000,-480.000000
8611,1840.000000,-480.000000
8612,1840.000000,-480.000000
8613,1800.000000,-520.000000
8614,1800.000000,-520.000000
8615,1800.000000,-520.000000
8616,1840.000000,-480.000000
8617,1800.000000,-520.000000
8618,1800.000000,-480.000000
8619,1800.000000,-520.000000
8620,1800.000000,-520.000000
8621,1800.000000,-480.000000
8622,1800.000000,-480.000000
8623,1800.000000,-480.000000
8624,1800.000000,-520.000000
8625,1760.000000,-520.000000
8626,1760.000000,-520.000000
8627,1800.000000,-520.000000
8628,1760.000000,-480.000000
8629,1800.000000,-480.000000
8630,1760.000000,-480.000000
8631,1760.000000,-520.000000
8632,1760.000000,-520.000000
8633,1760.000000,-480.000000
8634,1800.000000,-520.000000
8635,1800.000000,-520.000000
8636,1760.000000,-480.000000
8637,1760.000000,-480.000000
8638,1760.000000,-520.000000
8639,1760.000000,-480.000000
8640,1760.000000,-480.000000
8641,1760.000000,-520.000000
8642,1760.000000,-520.000000
8643,1760.000000,-480.000000
8644,1720.000000,-520.000000
8645,1760.000000,-480.000000
8646,1760.000000,-480.000000
8647,1760.000000,-480.000000
8648,1760.000000,-520.000000
8649,1760.000000,-480.000000
8650,1720.000000,-520.000000
8651,1720.000000,-520.000000
8652,1720.000000,-480.000000
8653,1720.000000,-480.000000
8654,1720.000000,-480.000000
8655,1720.000000,-520.000000
8656,1720.000000,-520.000000
8657,1720.000000,-480.000000
8658,1720.000000,-480.000000
8659,1720.000000,-480.000000
8660,1720.000000,-520.000000
8661,1720.000000,-520.000000
8662,1720.000000,-480.000000
8663,1680.000000,-480.000000
8664,1720.000000,-480.000000
8665,1720.000000,-480.000000
8666,1680.000000,-520.000000
8667,1720.000000,-520.000000
8668,1720.000000,-480.000000
8669,1680.000000,-520.000000
8670,1680.000000,-520.000000
8671,1680.000000,-480.000000
8672,1680.000000,-520.000000
8673,1680.000000,-520.000000
8674,1680.000000,-480.000000
8675,1680.000000,-480.000000
8676,1680.000000,-480.000000
8677,1680.000000,-480.000000
8678,1680.000000,-520.000000
8679,1640.000000,-480.000000
8680,1640.000000,-480.000000
8681,1680.000000,-480.000000
8682,1640.000000,-520.000000
8683,1640.000000,-520.000000
8684,1640.000000,-520.000000
8685,1640.000000,-480.000000
8686,1640.000000,-520.000000
8687,1640.000000,-480.000000
8688,1640.000000,-480.000000
8689,1640.000000,-480.000000
8690,1640.000000,-520.000000
8691,1640.000000,-480.000000
8692,1640.000000,-520.000000
8693,1640.000000,-480.000000
8694,1640.000000,-480.000000
8695,1600.000000,-520.000000
8696,1640.000000,-480.000000
8697,1640.000000,-520.000000
8698,1640.000000,-480.000000
8699,1640.000000,-480.000000
8700,1600.000000,-520.000000
8701,1600.000000,-480.000000
8702,1600.000000,-520.000000
8703,1600.000000,-480.000000
8704,1600.000000,-520.000000
8705,1600.000000,-480.000000
8706,1600.000000,-480.000000
8707,1600.000000,-480.000000
8708,1600.000000,-520.000000
8709,1600.000000,-520.000000
8710,1600.000000,-480.000000
8711,1600.000000,-480.000000
8712,1600.000000,-520.000000
8713,1560.000000,-520.000000
8714,1560.000000,-480.000000
8715,1560.000000,-480.000000
8716,1600.000000,-480.000000
8717,1560.000000,-480.000000
8718,1560.000000,-520.000000
8719,1560.000000,-520.000000
8720,1560.000000,-520.000000
8721,1560.000000,-520.000000
8722,1560.000000,-520.000000
8723,1560.000000,-480.000000
8724,1560.000000,-480.000000
8725,1520.000000,-520.000000
8726,1560.000000,-480.000000
8727,1560.000000,-520.000000
8728,1520.000000,-480.000000
8729,1560.000000,-480.000000
8730,1560.000000,-520.000000
8731,1520.000000,-520.000000
8732,1520.000000,-520.000000
8733,1520.000000,-520.000000
8734,1520.000000,-520.000000
8735,1520.000000,-480.000000
8736,1520.000000,-520.000000
8737,1520.000000,-480.000000
8738,1520.000000,-520.000000
8739,1520.000000,-480.000000
8740,1520.000000,-520.000000
8741,1520.000000,-520.000000
8742,1520.000000,-520.000000
8743,1520.000000,-520.000000
8744,1520.000000,-480.000000
8745,1480.000000,-480.000000
8746,1520.000000,-520.000000
8747,1480.000000,-480.000000
8748,1520.000000,-520.000000
8749,1480.000000,-520.000000
8750,1480.000000,-520.000000
8751,1480.000000,-520.000000
8752,1520.000000,-520.000000
8753,1480.000000,-520.000000
8754,1480.000000,-480.000000
8755,1480.000000,-520.000000
8756,1480.000000,-520.000000
8757,1480.000000,-480.000000
8758,1480.000000,-520.000000
8759,1480.000000,-480.000000
8760,1480.000000,-520.000000
8761,1480.000000,-480.000000
8762,1440.000000,-520.000000
8763,1480.000000,-480.000000
8764,1480.000000,-520.000000
8765,1440.000000,-520.000000
8766,1440.000000,-480.000000
8767,1440.000000,-480.000000
8768,1480.000000,-520.000000
8769,1440.000000,-480.000000
8770,1320.000000,-480.000000
8771,1160.000000,480.000000
8772,960.000000,480.000000
8773,800.000000,480.000000
8774,640.000000,480.000000
8775,440.000000,480.000000
8776,280.000000,480.000000
8777,80.000000,480.000000
8778,-40.000000,480.000000
8779,-240.000000,520.000000
8780,-400.000000,480.000000
8781,-520.000000,480.000000
8782,-640.000000,480.000000
8783,-760.000000,480.000000
8784,-800.000000,480.000000
8785,-880.000000,480.000000
8786,-960.000000,480.000000
8787,-1000.000000,480.000000
8788,-1040.000000,480.000000
8789,-1080.000000,480.000000
8790,-1080.000000,480.000000
8791,-1120.000000,480.000000
8792,-1160.000000,480.000000
8793,-1160.000000,480.000000
8794,-1160.000000,480.000000
8795,-1160.000000,480.000000
8796,-1200.000000,480.000000
8797,-1320.000000,480.000000
8798,-1400.000000,480.000000
8799,-1480.000000,480.000000
8800,-1520.000000,480.000000
8801,-1520.000000,480.000000
8802,-1520.000000,480.000000
8803,-1560.000000,520.000000
8804,-1520.000000,480.000000
8805,-1560.000000,480.000000
8806,-1560.000000,480.000000
8807,-1560.000000,480.000000
8808,-1560.000000,480.000000
8809,-1560.000000,520.000000
8810,-1560.000000,480.000000
8811,-1560.000000,480.000000
8812,-1560.000000,480.000000
8813,-1560.000000,440.000000
8814,-1560.000000,480.000000
8815,-1560.000000,480.000000
8816,-1560.000000,480.000000
8817,-1600.000000,480.000000
8818,-1600.000000,480.000000
8819,-1600.000000,480.000000
8820,-1600.000000,480.000000
8821,-1600.000000,480.000000
8822,-1600.000000,480.000000
8823,-1600.000000,480.000000
8824,-1600.000000,480.000000
8825,-1600.000000,480.000000
8826,-1600.000000,480.000000
8827,-1560.000000,480.000000
8828,-1600.000000,480.000000
8829,-1600.000000,480.000000
8830,-1600.000000,480.000000
8831,-1640.000000,480.000000
8832,-1600.000000,480.000000
8833,-1640.000000,480.000000
8834,-1600.000000,520.000000
8835,-1640.000000,480.000000
8836,-1600.000000,520.000000
8837,-1600.000000,480.000000
8838,-1640.000000,480.000000
8839,-1640.000000,480.000000
8840,-1600.000000,480.000000
8841,-1640.000000,480.000000
8842,-1640.000000,480.000000
8843,-1640.000000,480.000000
8844,-1600.000000,480.000000
8845,-1640.000000,480.000000
8846,-1640.000000,480.000000
8847,-1640.000000,480.000000
8848,-1640.000000,480.000000
8849,-1640.000000,480.000000
8850,-1640.000000,480.000000
8851,-1680.000000,480.000000
8852,-1640.000000,480.000000
8853,-1680.000000,480.000000
8854,-1680.000000,480.000000
8855,-1680.000000,480.000000
8856,-1680.000000,520.000000
8857,-1640.000000,520.000000
8858,-1680.000000,480.000000
8859,-1680.000000,480.000000
8860,-1680.000000,480.000000
8861,-1680.000000,480.000000
8862,-1680.000000,520.000000
8863,-1680.000000,480.000000
8864,-1720.000000,480.000000
8865,-1680.000000,480.000000
8866,-1680.000000,480.000000
8867,-1680.000000,520.000000
8868,-1720.000000,480.000000
8869,-1720.000000,480.000000
8870,-1680.000000,480.000000
8871,-1680.000000,480.000000
8872,-1680.000000,480.000000
8873,-1720.000000,480.000000
8874,-1720.000000,480.000000
8875,-1720.000000,480.000000
8876,-1720.000000,480.000000
8877,-1720.000000,520.000000
8878,-1720.000000,480.000000
8879,-1720.000000,480.000000
8880,-1720.000000,480.000000
8881,-1760.000000,480.000000
8882,-1720.000000,480.000000
8883,-1720.000000,480.000000
8884,-1720.000000,480.000000
8885,-1720.000000,480.000000
8886,-1720.000000,520.000000
8887,-1760.000000,520.000000
8888,-1760.000000,480.000000
8889,-1760.000000,480.000000
8890,-1760.000000,480.000000
8891,-1760.000000,520.000000
8892,-1760.000000,480.000000
8893,-1760.000000,480.000000
8894,-1760.000000,480.000000
8895,-1760.000000,480.000000
8896,-1760.000000,480.000000
8897,-1800.000000,480.000000
8898,-1760.000000,480.000000
8899,-1760.000000,480.000000
8900,-1760.000000,480.000000
8901,-1760.000000,480.000000
8902,-1800.000000,480.000000
8903,-1800.000000,480.000000
8904,-1800.000000,480.000000
8905,-1800.000000,480.000000
8906,-1800.000000,520.000000
8907,-1800.000000,480.000000
8908,-1800.000000,480.000000
8909,-1800.000000,480.000000
8910,-1800.000000,480.000000
8911,-1800.000000,480.000000
8912,-1800.000000,480.000000
8913,-1800.000000,480.000000
8914,-1800.000000,480.000000
8915,-1800.000000,520.000000
8916,-1840.000000,480.000000
8917,-1840.000000,480.000000
8918,-1800.000000,480.000000
8919,-1800.000000,520.000000
8920,-1840.000000,480.000000
8921,-1800.000000,480.000000
8922,-1840.000000,480.000000
8923,-1800.000000,520.000000
8924,-1840.000000,520.000000
8925,-1840.000000,480.000000
8926,-1840.000000,480.000000
8927,-1840.000000,480.000000
8928,-1840.000000,480.000000
8929,-1840.000000,480.000000
8930,-1840.000000,480.000000
8931,-1840.000000,480.000000
8932,-1880.000000,480.000000
8933,-1880.000000,480.000000
8934,-1840.000000,480.000000
8935,-1840.000000,480.000000
8936,-1880.000000,480.000000
8937,-1840.000000,480.000000
8938,-1880.000000,480.000000
8939,-1880.000000,480.000000
8940,-1840.000000,480.000000
8941,-1880.000000,520.000000
8942,-1880.000000,520.000000
8943,-1840.000000,520.000000
8944,-1880.000000,480.000000
8945,-1920.000000,480.000000
8946,-1880.000000,480.000000
8947,-1920.000000,480.000000
8948,-1880.000000,480.000000
8949,-1920.000000,480.000000
8950,-1880.000000,480.000000
8951,-1920.000000,520.000000
8952,-1920.000000,480.000000
8953,-1880.000000,480.000000
8954,-1880.000000,480.000000
8955,-1920.000000,480.000000
8956,-1880.000000,480.000000
8957,-1920.000000,480.000000
8958,-1920.000000,520.000000
8959,-1920.000000,480.000000
8960,-1920.000000,480.000000
8961,-1920.000000,480.000000
8962,-1920.000000,480.000000
8963,-1920.000000,480.000000
8964,-1920.000000,480.000000
8965,-1920.000000,480.000000
8966,-1920.000000,480.000000
8967,-1920.000000,480.000000
8968,-1960.000000,480.000000
8969,-1960.000000,520.000000
8970,-1920.000000,480.000000
8971,-1960.000000,480.000000
8972,-1920.000000,480.000000
8973,-1960.000000,480.000000
8974,-1960.000000,480.000000
8975,-1960.000000,520.000000
8976,-1960.000000,480.000000
8977,-1920.000000,480.000000
8978,-1960.000000,480.000000
8979,-1960.000000,480.000000
8980,-1960.000000,480.000000
8981,-1960.000000,520.000000
8982,-1960.000000,480.000000
8983,-1960.000000,480.000000
8984,-1960.000000,480.000000
8985,-1960.000000,480.000000
8986,-1960.000000,480.000000
8987,-2000.000000,480.000000
8988,-1960.000000,480.000000
8989,-1960.000000,480.000000
8990,-2000.000000,480.000000
8991,-2000.000000,480.000000
8992,-2000.000000,520.000000
8993,-1960.000000,480.000000
8994,-2000.000000,480.000000
8995,-2000.000000,480.000000
8996,-2000.000000,480.000000
8997,-2000.000000,480.000000
8998,-2000.000000,520.000000
8999,-2000.000000,480.000000
9000,-2000.000000,480.000000
9001,-2000.000000,480.000000
9002,-2000.000000,480.000000
9003,-2000.000000,520.000000
9004,-2000.000000,480.000000
9005,-2040.000000,480.000000
9006,-2000.000000,480.000000
9007,-2000.000000,480.000000
9008,-2000.000000,480.000000
9009,-2040.000000,480.000000
9010,-2040.000000,480.000000
9011,-2040.000000,480.000000
9012,-2040.000000,480.000000
9013,-2040.000000,480.000000
9014,-2040.000000,520.000000
9015,-2040.000000,480.000000
9016,-2040.000000,480.000000
9017,-2040.000000,520.000000
9018,-2080.000000,480.000000
9019,-2040.000000,520.000000
9020,-2080.000000,480.000000
9021,-2080.000000,480.000000
9022,-2080.000000,480.000000
9023,-2080.000000,480.000000
9024,-2080.000000,480.000000
9025,-2080.000000,480.000000
9026,-2080.000000,480.000000
9027,-2080.000000,480.000000
9028,-2080.000000,480.000000
9029,-2080.000000,480.000000
9030,-2080.000000,520.000000
9031,-2080.000000,480.000000
9032,-2080.000000,480.000000
9033,-2080.000000,480.000000
9034,-2080.000000,480.000000
9035,-2080.000000,520.000000
9036,-2120.000000,520.000000
9037,-2120.000000,440.000000
9038,-2120.000000,480.000000
9039,-2120.000000,480.000000
9040,-2080.000000,480.000000
9041,-2120.000000,480.000000
9042,-2120.000000,480.000000
9043,-2120.000000,480.000000
9044,-2120.000000,480.000000
9045,-2120.000000,480.000000
9046,-2120.000000,480.000000
9047,-2120.000000,480.000000
9048,-2120.000000,480.000000
9049,-2120.000000,480.000000
9050,-2120.000000,480.000000
9051,-2120.000000,480.000000
9052,-2120.000000,480.000000
9053,-2160.000000,480.000000
9054,-2160.000000,480.000000
9055,-2120.000000,480.000000
9056,-2120.000000,480.000000
9057,-2120.000000,480.000000
9058,-2160.000000,480.000000
9059,-2120.000000,480.000000
9060,-2160.000000,480.000000
9061,-2160.000000,480.000000
9062,-2120.000000,520.000000
9063,-2160.000000,480.000000
9064,-2160.000000,480.000000
9065,-2160.000000,480.000000
9066,-2120.000000,480.000000
9067,-2160.000000,480.000000
9068,-2160.000000,520.000000
9069,-2160.000000,480.000000
9070,-2160.000000,480.000000
9071,-2160.000000,480.000000
9072,-2200.000000,480.000000
9073,-2160.000000,480.000000
9074,-2160.000000,480.000000
9075,-2200.000000,480.000000
9076,-2200.000000,480.000000
9077,-2200.000000,520.000000
9078,-2200.000000,440.000000
9079,-2160.000000,480.000000
9080,-2200.000000,480.000000
9081,-2200.000000,520.000000
9082,-2200.000000,480.000000
9083,-2200.000000,480.000000
9084,-2240.000000,480.000000
9085,-2200.000000,480.000000
9086,-2200.000000,480.000000
9087,-2200.000000,480.000000
9088,-2240.000000,480.000000
9089,-2200.000000,480.000000
9090,-2200.000000,520.000000
9091,-2200.000000,480.000000
9092,-2200.000000,480.000000
9093,-2240.000000,480.000000
9094,-2240.000000,520.000000
9095,-2240.000000,520.000000
9096,-2240.000000,480.000000
9097,-2240.000000,480.000000
9098,-2240.000000,520.000000
9099,-2240.000000,480.000000
9100,-2240.000000,480.000000
9101,-2240.000000,480.000000
9102,-2240.000000,480.000000
9103,-2240.000000,520.000000
9104,-2240.000000,480.000000
9105,-2240.000000,480.000000
9106,-2240.000000,480.000000
9107,-2240.000000,520.000000
9108,-2280.000000,480.000000
9109,-2240.000000,480.000000
9110,-2240.000000,480.000000
9111,-2240.000000,480.000000
9112,-2280.000000,480.000000
9113,-2280.000000,480.000000
9114,-2240.000000,480.000000
9115,-2280.000000,480.000000
9116,-2280.000000,480.000000
9117,-2280.000000,480.000000
9118,-2280.000000,480.000000
9119,-2280.000000,480.000000
9120,-2280.000000,520.000000
9121,-2280.000000,480.000000
9122,-2280.000000,480.000000
9123,-2280.000000,480.000000
9124,-2320.000000,480.000000
9125,-2320.000000,480.000000
9126,-2280.000000,480.000000
9127,-2320.000000,520.000000
9128,-2320.000000,480.000000
9129,-2280.000000,480.000000
9130,-2320.000000,480.000000
9131,-2320.000000,480.000000
9132,-2320.000000,480.000000
9133,-2280.000000,480.000000
9134,-2320.000000,480.000000
9135,-2320.000000,480.000000
9136,-2320.000000,480.000000
9137,-2320.000000,480.000000
9138,-2320.000000,480.000000
9139,-2320.000000,480.000000
9140,-2320.000000,480.000000
9141,-2320.000000,480.000000
9142,-2320.000000,480.000000
9143,-2360.000000,480.000000
9144,-2320.000000,480.000000
9145,-2360.000000,480.000000
9146,-2360.000000,480.000000
9147,-2320.000000,480.000000
9148,-2360.000000,520.000000
9149,-2360.000000,480.000000
9150,-2360.000000,480.000000
9151,-2360.000000,480.000000
9152,-2360.000000,520.000000
9153,-2360.000000,480.000000
9154,-2400.000000,480.000000
9155,-2360.000000,480.000000
9156,-2400.000000,480.000000
9157,-2360.000000,480.000000
9158,-2360.000000,480.000000
9159,-2360.000000,480.000000
9160,-2400.000000,480.000000
9161,-2400.000000,520.000000
9162,-2400.000000,480.000000
9163,-2400.000000,480.000000
9164,-2360.000000,480.000000
9165,-2400.000000,480.000000
9166,-2400.000000,480.000000
9167,-2400.000000,480.000000
9168,-2400.000000,480.000000
9169,-2400.000000,480.000000
9170,-2400.000000,480.000000
9171,-2400.000000,480.000000
9172,-2440.000000,480.000000
9173,-2400.000000,480.000000
9174,-2440.000000,480.000000
9175,-2400.000000,480.000000
9176,-2440.000000,520.000000
9177,-2440.000000,480.000000
9178,-2440.000000,480.000000
9179,-2440.000000,480.000000
9180,-2440.000000,480.000000
9181,-2440.000000,480.000000
9182,-2440.000000,480.000000
9183,-2400.000000,480.000000
9184,-2440.000000,480.000000
9185,-2440.000000,480.000000
9186,-2440.000000,520.000000
9187,-2440.000000,480.000000
9188,-2480.000000,480.000000
9189,-2440.000000,480.000000
9190,-2480.000000,480.000000
9191,-2480.000000,480.000000
9192,-2480.000000,480.000000
9193,-2480.000000,480.000000
9194,-2440.000000,480.000000
9195,-2480.000000,480.000000
9196,-2480.000000,480.000000
9197,-2480.000000,480.000000
9198,-2480.000000,480.000000
9199,-2480.000000,480.000000
9200,-2480.000000,480.000000
9201,-2520.000000,520.000000
9202,-2480.000000,480.000000
9203,-2480.000000,480.000000
9204,-2480.000000,520.000000
9205,-2480.000000,480.000000
9206,-2480.000000,480.000000
9207,-2480.000000,480.000000
9208,-2480.000000,480.000000
9209,-2520.000000,480.000000
9210,-2520.000000,480.000000
9211,-2520.000000,480.000000
9212,-2480.000000,480.000000
9213,-2520.000000,480.000000
9214,-2520.000000,520.000000
9215,-2520.000000,480.000000
9216,-2520.000000,480.000000
9217,-2520.000000,520.000000
9218,-2520.000000,520.000000
9219,-2560.000000,480.000000
9220,-2520.000000,480.000000
9221,-2520.000000,480.000000
9222,-2520.000000,480.000000
9223,-2520.000000,480.000000
9224,-2520.000000,480.000000
9225,-2520.000000,480.000000
9226,-2560.000000,520.000000
9227,-2560.000000,520.000000
9228,-2560.000000,480.000000
9229,-2520.000000,480.000000
9230,-2560.000000,480.000000
9231,-2560.000000,480.000000
9232,-2560.000000,480.000000
9233,-2560.000000,480.000000
9234,-2560.000000,480.000000
9235,-2560.000000,480.000000
9236,-2560.000000,480.000000
9237,-2560.000000,480.000000
9238,-2560.000000,480.000000
9239,-2600.000000,480.000000
9240,-2600.000000,480.000000
9241,-2560.000000,480.000000
9242,-2560.000000,480.000000
9243,-2600.000000,480.000000
9244,-2600.000000,480.000000
9245,-2600.000000,480.000000
9246,-2600.000000,480.000000
9247,-2600.000000,480.000000
9248,-2600.000000,480.000000
9249,-2600.000000,480.000000
9250,-2600.000000,480.000000
9251,-2600.000000,480.000000
9252,-2600.000000,480.000000
9253,-2640.000000,480.000000
9254,-2640.000000,520.000000
9255,-2600.000000,480.000000
9256,-2600.000000,480.000000
9257,-2640.000000,480.000000
9258,-2640.000000,480.000000
9259,-2640.000000,480.000000
9260,-2640.000000,480.000000
9261,-2640.000000,480.000000
9262,-2640.000000,480.000000
9263,-2640.000000,480.000000
9264,-2640.000000,480.000000
9265,-2640.000000,520.000000
9266,-2640.000000,480.000000
9267,-2640.000000,480.000000
9268,-2640.000000,480.000000
9269,-2640.000000,480.000000
9270,-2640.000000,480.000000
9271,-2640.000000,480.000000
9272,-2640.000000,480.000000
9273,-2640.000000,480.000000
9274,-2640.000000,480.000000
9275,-2640.000000,480.000000
9276,-2680.000000,480.000000
9277,-2640.000000,480.000000
9278,-2680.000000,480.000000
9279,-2680.000000,520.000000
9280,-2720.000000,480.000000
9281,-2680.000000,520.000000
9282,-2680.000000,480.000000
9283,-2680.000000,480.000000
9284,-2680.000000,480.000000
9285,-2680.000000,480.000000
9286,-2680.000000,480.000000
9287,-2680.000000,480.000000
9288,-2680.000000,480.000000
9289,-2680.000000,480.000000
9290,-2680.000000,480.000000
9291,-2720.000000,480.000000
9292,-2720.000000,480.000000
9293,-2720.000000,480.000000
9294,-2720.000000,480.000000
9295,-2720.000000,480.000000
9296,-2720.000000,520.000000
9297,-2720.000000,480.000000
9298,-2720.000000,480.000000
9299,-2720.000000,480.000000
9300,-2720.000000,480.000000
9301,-2720.000000,480.000000
9302,-2720.000000,480.000000
9303,-2720.000000,480.000000
9304,-2720.000000,480.000000
9305,-2760.000000,480.000000
9306,-2720.000000,480.000000
9307,-2760.000000,480.000000
9308,-2760.000000,520.000000
9309,-2720.000000,480.000000
9310,-2760.000000,480.000000
9311,-2760.000000,480.000000
9312,-2720.000000,480.000000
9313,-2760.000000,480.000000
9314,-2760.000000,480.000000
9315,-2760.000000,480.000000
9316,-2760.000000,520.000000
9317,-2760.000000,480.000000
9318,-2720.000000,480.000000
9319,-2760.000000,520.000000
9320,-2800.000000,520.000000
9321,-2800.000000,480.000000
9322,-2800.000000,480.000000
9323,-2800.000000,480.000000
9324,-2760.000000,480.000000
9325,-2760.000000,480.000000
9326,-2800.000000,480.000000
9327,-2800.000000,480.000000
9328,-2800.000000,480.000000
9329,-2800.000000,480.000000
9330,-2800.000000,480.000000
9331,-2800.000000,480.000000
9332,-2800.000000,480.000000
9333,-2800.000000,480.000000
9334,-2800.000000,480.000000
9335,-2840.000000,480.000000
9336,-2800.000000,480.000000
9337,-2840.000000,480.000000
9338,-2800.000000,480.000000
9339,-2800.000000,480.000000
9340,-2840.000000,480.000000
9341,-2800.000000,480.000000
9342,-2840.000000,480.000000
9343,-2800.000000,440.000000
9344,-2800.000000,480.000000
9345,-2840.000000,480.000000
9346,-2800.000000,480.000000
9347,-2800.000000,480.000000
9348,-2840.000000,480.000000
9349,-2840.000000,480.000000
9350,-2840.000000,480.000000
9351,-2840.000000,480.000000
9352,-2840.000000,520.000000
9353,-2840.000000,480.000000
9354,-2840.000000,480.000000
9355,-2840.000000,480.000000
9356,-2840.000000,480.000000
9357,-2840.000000,480.000000
9358,-2880.000000,480.000000
9359,-2840.000000,440.000000
9360,-2840.000000,480.000000
9361,-2840.000000,520.000000
9362,-2880.000000,480.000000
9363,-2880.000000,480.000000
9364,-2880.000000,520.000000
9365,-2880.000000,520.000000
9366,-2880.000000,480.000000
9367,-2880.000000,480.000000
9368,-2880.000000,480.000000
9369,-2880.000000,480.000000
9370,-2880.000000,480.000000
9371,-2880.000000,520.000000
9372,-2880.000000,520.000000
9373,-2880.000000,480.000000
9374,-2880.000000,520.000000
9375,-2920.000000,480.000000
9376,-2920.000000,480.000000
9377,-2920.000000,520.000000
9378,-2920.000000,480.000000
9379,-2880.000000,520.000000
9380,-2920.000000,480.000000
9381,-2920.000000,480.000000
9382,-2920.000000,480.000000
9383,-2920.000000,480.000000
9384,-2920.000000,480.000000
9385,-2920.000000,480.000000
9386,-2960.000000,480.000000
9387,-2920.000000,480.000000
9388,-2920.000000,480.000000
9389,-2960.000000,520.000000
9390,-2920.000000,480.000000
9391,-2920.000000,480.000000
9392,-2920.000000,480.000000
9393,-2920.000000,520.000000
9394,-2960.000000,480.000000
9395,-2920.000000,480.000000
9396,-2960.000000,480.000000
9397,-2960.000000,480.000000
9398,-2920.000000,480.000000
9399,-2960.000000,480.000000
9400,-2920.000000,480.000000
9401,-2920.000000,480.000000
9402,-2920.000000,480.000000
9403,-2920.000000,480.000000
9404,-2920.000000,520.000000
9405,-2920.000000,480.000000
9406,-2920.000000,520.000000
9407,-2920.000000,480.000000
9408,-2920.000000,480.000000
9409,-2920.000000,520.000000
9410,-2920.000000,520.000000
9411,-2920.000000,480.000000
9412,-2920.000000,480.000000
9413,-2880.000000,480.000000
9414,-2920.000000,480.000000
9415,-2920.000000,480.000000
9416,-2920.000000,480.000000
9417,-2880.000000,520.000000
9418,-2880.000000,480.000000
9419,-2880.000000,480.000000
9420,-2920.000000,520.000000
9421,-2880.000000,480.000000
9422,-2920.000000,480.000000
9423,-2880.000000,520.000000
9424,-2880.000000,480.000000
9425,-2840.000000,480.000000
9426,-2880.000000,480.000000
9427,-2880.000000,520.000000
9428,-2840.000000,480.000000
9429,-2880.000000,480.000000
9430,-2880.000000,480.000000
9431,-2840.000000,480.000000
9432,-2840.000000,520.000000
9433,-2840.000000,480.000000
9434,-2840.000000,520.000000
9435,-2880.000000,480.000000
9436,-2840.000000,520.000000
9437,-2840.000000,520.000000
9438,-2840.000000,520.000000
9439,-2880.000000,520.000000
9440,-2840.000000,480.000000
9441,-2840.000000,480.000000
9442,-2840.000000,480.000000
9443,-2840.000000,480.000000
9444,-2840.000000,480.000000
9445,-2840.000000,480.000000
9446,-2840.000000,480.000000
9447,-2840.000000,480.000000
9448,-2840.000000,520.000000
9449,-2840.000000,480.000000
9450,-2840.000000,480.000000
9451,-2840.000000,480.000000
9452,-2800.000000,520.000000
9453,-2840.000000,480.000000
9454,-2800.000000,480.000000
9455,-2800.000000,520.000000
9456,-2800.000000,520.000000
9457,-2800.000000,480.000000
9458,-2800.000000,480.000000
9459,-2840.000000,520.000000
9460,-2800.000000,520.000000
9461,-2800.000000,480.000000
9462,-2800.000000,480.000000
9463,-2800.000000,480.000000
9464,-2800.000000,480.000000
9465,-2760.000000,520.000000
9466,-2800.000000,480.000000
9467,-2760.000000,520.000000
9468,-2800.000000,480.000000
9469,-2800.000000,480.000000
9470,-2800.000000,480.000000
9471,-2760.000000,520.000000
9472,-2760.000000,480.000000
9473,-2760.000000,480.000000
9474,-2760.000000,480.000000
9475,-2760.000000,480.000000
9476,-2760.000000,520.000000
9477,-2760.000000,520.000000
9478,-2760.000000,480.000000
9479,-2720.000000,520.000000
9480,-2760.000000,480.000000
9481,-2760.000000,480.000000
9482,-2760.000000,480.000000
9483,-2760.000000,520.000000
9484,-2720.000000,480.000000
9485,-2720.000000,520.000000
9486,-2760.000000,480.000000
9487,-2760.000000,480.000000
9488,-2760.000000,480.000000
9489,-2720.000000,480.000000
9490,-2760.000000,520.000000
9491,-2760.000000,520.000000
9492,-2720.000000,480.000000
9493,-2720.000000,480.000000
9494,-2720.000000,480.000000
9495,-2720.000000,480.000000
9496,-2720.000000,480.000000
9497,-2720.000000,480.000000
9498,-2680.000000,480.000000
9499,-2720.000000,480.000000
9500,-2680.000000,480.000000
9501,-2720.000000,520.000000
9502,-2720.000000,480.000000
9503,-2720.000000,480.000000
9504,-2720.000000,480.000000
9505,-2720.000000,480.000000
9506,-2720.000000,480.000000
9507,-2680.000000,480.000000
9508,-2680.000000,480.000000
9509,-2680.000000,480.000000
9510,-2680.000000,520.000000
9511,-2680.000000,520.000000
9512,-2680.000000,480.000000
9513,-2680.000000,520.000000
9514,-2680.000000,480.000000
9515,-2640.000000,480.000000
9516,-2640.000000,480.000000
9517,-2640.000000,520.000000
9518,-2640.000000,520.000000
9519,-2640.000000,480.000000
9520,-2640.000000,480.000000
9521,-2640.000000,480.000000
9522,-2640.000000,480.000000
9523,-2640.000000,520.000000
9524,-2640.000000,520.000000
9525,-2640.000000,480.000000
9526,-2640.000000,480.000000
9527,-2640.000000,480.000000
9528,-2640.000000,520.000000
9529,-2600.000000,520.000000
9530,-2640.000000,480.000000
9531,-2640.000000,480.000000
9532,-2600.000000,520.000000
9533,-2640.000000,520.000000
9534,-2640.000000,480.000000
9535,-2640.000000,480.000000
9536,-2600.000000,520.000000
9537,-2600.000000,480.000000
9538,-2600.000000,480.000000
9539,-2600.000000,480.000000
9540,-2600.000000,480.000000
9541,-2600.000000,480.000000
9542,-2600.000000,480.000000
9543,-2600.000000,480.000000
9544,-2600.000000,480.000000
9545,-2600.000000,480.000000
9546,-2600.000000,480.000000
9547,-2600.000000,480.000000
9548,-2600.000000,480.000000
9549,-2600.000000,520.000000
9550,-2560.000000,480.000000
9551,-2600.000000,480.000000
9552,-2560.000000,480.000000
9553,-2560.000000,480.000000
9554,-2600.000000,480.000000
9555,-2560.000000,480.000000
9556,-2560.000000,480.000000
9557,-2560.000000,480.000000
9558,-2560.000000,480.000000
9559,-2560.000000,480.000000
9560,-2560.000000,520.000000
9561,-2560.000000,480.000000
9562,-2560.000000,480.000000
9563,-2560.000000,480.000000
9564,-2560.000000,520.000000
9565,-2560.000000,480.000000
9566,-2560.000000,520.000000
9567,-2560.000000,480.000000
9568,-2560.000000,520.000000
9569,-2560.000000,480.000000
9570,-2560.000000,480.000000
9571,-2520.000000,480.000000
9572,-2560.000000,520.000000
9573,-2520.000000,480.000000
9574,-2520.000000,480.000000
9575,-2520.000000,520.000000
9576,-2520.000000,480.000000
9577,-2520.000000,480.000000
9578,-2520.000000,480.000000
9579,-2520.000000,520.000000
9580,-2520.000000,480.000000
9581,-2520.000000,480.000000
9582,-2480.000000,480.000000
9583,-2520.000000,480.000000
9584,-2520.000000,480.000000
9585,-2480.000000,480.000000
9586,-2520.000000,480.000000
9587,-2480.000000,480.000000
9588,-2480.000000,480.000000
9589,-2520.000000,480.000000
9590,-2480.000000,480.000000
9591,-2480.000000,480.000000
9592,-2480.000000,480.000000
9593,-2480.000000,520.000000
9594,-2480.000000,520.000000
9595,-2480.000000,480.000000
9596,-2480.000000,480.000000
9597,-2480.000000,480.000000
9598,-2480.000000,520.000000
9599,-2480.000000,480.000000
9600,-2440.000000,480.000000
9601,-2480.000000,480.000000
9602,-2480.000000,480.000000
9603,-2440.000000,520.000000
9604,-2480.000000,520.000000
9605,-2440.000000,480.000000
9606,-2440.000000,480.000000
9607,-2440.000000,520.000000
9608,-2440.000000,480.000000
9609,-2440.000000,480.000000
9610,-2440.000000,480.000000
9611,-2440.000000,520.000000
9612,-2440.000000,480.000000
9613,-2440.000000,480.000000
9614,-2400.000000,480.000000
9615,-2440.000000,520.000000
9616,-2440.000000,480.000000
9617,-2400.000000,520.000000
9618,-2440.000000,480.000000
9619,-2440.000000,480.000000
9620,-2440.000000,520.000000
9621,-2440.000000,480.000000
9622,-2400.000000,520.000000
9623,-2400.000000,480.000000
9624,-2400.000000,480.000000
9625,-2400.000000,480.000000
9626,-2400.000000,480.000000
9627,-2400.000000,480.000000
9628,-2400.000000,480.000000
9629,-2400.000000,480.000000
9630,-2400.000000,480.000000
9631,-2400.000000,480.000000
9632,-2400.000000,480.000000
9633,-2360.000000,520.000000
9634,-2360.000000,480.000000
9635,-2400.000000,480.000000
9636,-2400.000000,480.000000
9637,-2400.000000,480.000000
9638,-2360.000000,480.000000
9639,-2360.000000,520.000000
9640,-2400.000000,480.000000
9641,-2360.000000,480.000000
9642,-2400.000000,480.000000
9643,-2360.000000,520.000000
9644,-2360.000000,480.000000
9645,-2360.000000,480.000000
9646,-2360.000000,480.000000
9647,-2360.000000,480.000000
9648,-2360.000000,480.000000
9649,-2360.000000,480.000000
9650,-2360.000000,520.000000
9651,-2320.000000,480.000000
9652,-2320.000000,480.000000
9653,-2320.000000,520.000000
9654,-2320.000000,480.000000
9655,-2360.000000,480.000000
9656,-2320.000000,480.000000
9657,-2360.000000,480.000000
9658,-2320.000000,480.000000
9659,-2320.000000,480.000000
9660,-2320.000000,480.000000
9661,-2320.000000,480.000000
9662,-2320.000000,480.000000
9663,-2320.000000,520.000000
9664,-2320.000000,480.000000
9665,-2320.000000,480.000000
9666,-2320.000000,480.000000
9667,-2280.000000,480.000000
9668,-2320.000000,520.000000
9669,-2320.000000,480.000000
9670,-2320.000000,480.000000
9671,-2280.000000,480.000000
9672,-2320.000000,480.000000
9673,-2280.000000,480.000000
9674,-2280.000000,480.000000
9675,-2280.000000,480.000000
9676,-2280.000000,480.000000
9677,-2280.000000,480.000000
9678,-2280.000000,480.000000
9679,-2280.000000,480.000000
9680,-2280.000000,480.000000
9681,-2280.000000,520.000000
9682,-2280.000000,480.000000
9683,-2280.000000,480.000000
9684,-2240.000000,480.000000
9685,-2280.000000,520.000000
9686,-2280.000000,480.000000
9687,-2240.000000,520.000000
9688,-2240.000000,480.000000
9689,-2240.000000,480.000000
9690,-2240.000000,480.000000
9691,-2240.000000,480.000000
9692,-2240.000000,480.000000
9693,-2240.000000,480.000000
9694,-2240.000000,520.000000
9695,-2240.000000,480.000000
9696,-2240.000000,520.000000
9697,-2240.000000,480.000000
9698,-2240.000000,480.000000
9699,-2240.000000,480.000000
9700,-2240.000000,480.000000
9701,-2200.000000,520.000000
9702,-2240.000000,480.000000
9703,-2240.000000,480.000000
9704,-2200.000000,480.000000
9705,-2200.000000,520.000000
9706,-2240.000000,480.000000
9707,-2200.000000,480.000000
9708,-2240.000000,520.000000
9709,-2200.000000,480.000000
9710,-2200.000000,480.000000
9711,-2200.000000,480.000000
9712,-2200.000000,520.000000
9713,-2200.000000,480.000000
9714,-2200.000000,480.000000
9715,-2240.000000,480.000000
9716,-2200.000000,480.000000
9717,-2200.000000,480.000000
9718,-2200.000000,480.000000
9719,-2200.000000,520.000000
9720,-2200.000000,480.000000
9721,-2200.000000,480.000000
9722,-2200.000000,480.000000
9723,-2200.000000,480.000000
9724,-2160.000000,480.000000
9725,-2160.000000,480.000000
9726,-2200.000000,480.000000
9727,-2200.000000,520.000000
9728,-2160.000000,480.000000
9729,-2160.000000,480.000000
9730,-2160.000000,480.000000
9731,-2160.000000,520.000000
9732,-2160.000000,480.000000
9733,-2160.000000,480.000000
9734,-2160.000000,520.000000
9735,-2160.000000,480.000000
9736,-2120.000000,480.000000
9737,-2160.000000,520.000000
9738,-2120.000000,480.000000
9739,-2120.000000,480.000000
9740,-2160.000000,480.000000
9741,-2160.000000,480.000000
9742,-2120.000000,480.000000
9743,-2160.000000,480.000000
9744,-2120.000000,480.000000
9745,-2120.000000,480.000000
9746,-2120.000000,480.000000
9747,-2120.000000,480.000000
9748,-2120.000000,480.000000
9749,-2120.000000,480.000000
9750,-2120.000000,480.000000
9751,-2120.000000,480.000000
9752,-2120.000000,480.000000
9753,-2120.000000,520.000000
9754,-2080.000000,520.000000
9755,-2080.000000,480.000000
9756,-2120.000000,480.000000
9757,-2120.000000,480.000000
9758,-2120.000000,480.000000
9759,-2080.000000,480.000000
9760,-2080.000000,480.000000
9761,-2080.000000,520.000000
9762,-2080.000000,480.000000
9763,-2120.000000,480.000000
9764,-2080.000000,480.000000
9765,-2120.000000,480.000000
9766,-2080.000000,520.000000
9767,-2080.000000,480.000000
9768,-2080.000000,480.000000
9769,-2120.000000,480.000000
9770,-2080.000000,480.000000
9771,-2080.000000,480.000000
9772,-2080.000000,480.000000
9773,-2080.000000,480.000000
9774,-2080.000000,480.000000
9775,-2080.000000,480.000000
9776,-2080.000000,480.000000
9777,-2080.000000,480.000000
9778,-2080.000000,480.000000
9779,-2040.000000,480.000000
9780,-2040.000000,480.000000
9781,-2040.000000,480.000000
9782,-2040.000000,480.000000
9783,-2040.000000,480.000000
9784,-2040.000000,480.000000
9785,-2040.000000,480.000000
9786,-2040.000000,480.000000
9787,-2040.000000,480.000000
9788,-2000.000000,520.000000
9789,-2080.000000,520.000000
9790,-2040.000000,520.000000
9791,-2000.000000,480.000000
9792,-2000.000000,480.000000
9793,-2000.000000,480.000000
9794,-2000.000000,480.000000
9795,-2000.000000,520.000000
9796,-2040.000000,480.000000
9797,-2040.000000,480.000000
9798,-2000.000000,480.000000
9799,-2000.000000,480.000000
9800,-2000.000000,520.000000
9801,-2000.000000,480.000000
9802,-2000.000000,480.000000
9803,-2000.000000,480.000000
9804,-2000.000000,480.000000
9805,-2000.000000,480.000000
9806,-2000.000000,480.000000
9807,-2000.000000,520.000000
9808,-2000.000000,480.000000
9809,-1960.000000,480.000000
9810,-1960.000000,520.000000
9811,-1960.000000,480.000000
9812,-2000.000000,520.000000
9813,-1960.000000,480.000000
9814,-2000.000000,480.000000
9815,-1960.000000,520.000000
9816,-1960.000000,520.000000
9817,-1960.000000,480.000000
9818,-1960.000000,480.000000
9819,-1960.000000,480.000000
9820,-1960.000000,520.000000
9821,-1920.000000,480.000000
9822,-1960.000000,480.000000
9823,-1960.000000,520.000000
9824,-1960.000000,480.000000
9825,-1960.000000,480.000000
9826,-1960.000000,520.000000
9827,-1960.000000,480.000000
9828,-1920.000000,480.000000
9829,-1960.000000,520.000000
9830,-1960.000000,480.000000
9831,-1920.000000,480.000000
9832,-1920.000000,480.000000
9833,-1920.000000,520.000000
9834,-1920.000000,480.000000
9835,-1920.000000,480.000000
9836,-1920.000000,480.000000
9837,-1920.000000,480.000000
9838,-1920.000000,480.000000
9839,-1920.000000,480.000000
9840,-1920.000000,480.000000
9841,-1920.000000,480.000000
9842,-1920.000000,480.000000
9843,-1920.000000,480.000000
9844,-1920.000000,480.000000
9845,-1920.000000,520.000000
9846,-1880.000000,480.000000
9847,-1880.000000,480.000000
9848,-1880.000000,480.000000
9849,-1880.000000,480.000000
9850,-1920.000000,480.000000
9851,-1880.000000,480.000000
9852,-1880.000000,480.000000
9853,-1880.000000,480.000000
9854,-1880.000000,480.000000
9855,-1880.000000,480.000000
9856,-1880.000000,480.000000
9857,-1880.000000,480.000000
9858,-1880.000000,480.000000
9859,-1840.000000,480.000000
9860,-1880.000000,480.000000
9861,-1880.000000,480.000000
9862,-1840.000000,480.000000
9863,-1840.000000,480.000000
9864,-1840.000000,520.000000
9865,-1840.000000,480.000000
9866,-1840.000000,480.000000
9867,-1840.000000,480.000000
9868,-1840.000000,480.000000
9869,-1840.000000,480.000000
9870,-1840.000000,480.000000
9871,-1840.000000,520.000000
9872,-1840.000000,520.000000
9873,-1840.000000,480.000000
9874,-1800.000000,480.000000
9875,-1840.000000,440.000000
9876,-1800.000000,480.000000
9877,-1800.000000,480.000000
9878,-1840.000000,480.000000
9879,-1840.000000,480.000000
9880,-1800.000000,480.000000
9881,-1840.000000,480.000000
9882,-1800.000000,480.000000
9883,-1840.000000,440.000000
9884,-1800.000000,480.000000
9885,-1800.000000,480.000000
9886,-1800.000000,480.000000
9887,-1800.000000,480.000000
9888,-1800.000000,480.000000
9889,-1800.000000,480.000000
9890,-1800.000000,480.000000
9891,-1800.000000,480.000000
9892,-1800.000000,480.000000
9893,-1800.000000,480.000000
9894,-1800.000000,480.000000
9895,-1800.000000,480.000000
9896,-1760.000000,520.000000
9897,-1760.000000,480.000000
9898,-1760.000000,520.000000
9899,-1760.000000,480.000000
9900,-1760.000000,480.000000
9901,-1760.000000,480.000000
9902,-1760.000000,480.000000
9903,-1760.000000,520.000000
9904,-1760.000000,480.000000
9905,-1720.000000,480.000000
9906,-1720.000000,480.000000
9907,-1720.000000,480.000000
9908,-1760.000000,480.000000
9909,-1760.000000,480.000000
9910,-1720.000000,480.000000
9911,-1720.000000,480.000000
9912,-1760.000000,480.000000
9913,-1760.000000,480.000000
9914,-1720.000000,480.000000
9915,-1760.000000,480.000000
9916,-1760.000000,480.000000
9917,-1760.000000,480.000000
9918,-1720.000000,520.000000
9919,-1720.000000,480.000000
9920,-1720.000000,480.000000
9921,-1720.000000,480.000000
9922,-1720.000000,480.000000
9923,-1720.000000,480.000000
9924,-1720.000000,520.000000
9925,-1680.000000,480.000000
9926,-1680.000000,480.000000
9927,-1720.000000,480.000000
9928,-1720.000000,480.000000
9929,-1720.000000,480.000000
9930,-1680.000000,480.000000
9931,-1680.000000,480.000000
9932,-1680.000000,480.000000
9933,-1680.000000,480.000000
9934,-1680.000000,480.000000
9935,-1680.000000,480.000000
9936,-1680.000000,480.000000
9937,-1680.000000,480.000000
9938,-1680.000000,480.000000
9939,-1680.000000,480.000000
9940,-1680.000000,480.000000
9941,-1680.000000,480.000000
9942,-1680.000000,480.000000
9943,-1680.000000,520.000000
9944,-1680.000000,480.000000
9945,-1680.000000,480.000000
9946,-1640.000000,480.000000
9947,-1680.000000,480.000000
9948,-1680.000000,480.000000
9949,-1640.000000,480.000000
9950,-1640.000000,480.000000
9951,-1680.000000,480.000000
9952,-1680.000000,480.000000
9953,-1640.000000,480.000000
9954,-1640.000000,480.000000
9955,-1640.000000,480.000000
9956,-1640.000000,480.000000
9957,-1640.000000,480.000000
9958,-1640.000000,480.000000
9959,-1640.000000,480.000000
9960,-1600.000000,480.000000
9961,-1640.000000,480.000000
9962,-1640.000000,480.000000
9963,-1640.000000,480.000000
9964,-1600.000000,520.000000
9965,-1640.000000,520.000000
9966,-1600.000000,480.000000
9967,-1600.000000,440.000000
9968,-1600.000000,520.000000
9969,-1600.000000,480.000000
9970,-1600.000000,480.000000
9971,-1600.000000,520.000000
9972,-1600.000000,480.000000
9973,-1600.000000,480.000000
9974,-1600.000000,480.000000
9975,-1600.000000,480.000000
9976,-1600.000000,480.000000
9977,-1600.000000,480.000000
9978,-1600.000000,480.000000
9979,-1600.000000,520.000000
9980,-1600.000000,480.000000
9981,-1600.000000,520.000000
9982,-1600.000000,520.000000
9983,-1600.000000,480.000000
9984,-1560.000000,480.000000
9985,-1560.000000,520.000000
9986,-1560.000000,480.000000
9987,-1600.000000,480.000000
9988,-1560.000000,480.000000
9989,-1560.000000,480.000000
9990,-1560.000000,480.000000
9991,-1560.000000,520.000000
9992,-1560.000000,480.000000
9993,-1560.000000,480.000000
9994,-1560.000000,480.000000
9995,-1560.000000,520.000000
9996,-1560.000000,480.000000
9997,-1560.000000,480.000000
9998,-1560.000000,480.000000
9999,-1520.000000,480.000000
10000,-1520.000000,480.000000
